product_id,square_product_id,site_product_id,merchant_id,name,description,product_type,visibility,price_low,price_high,price_low_formatted,inventory_total,inventory_lowest,all_inventory_total,inventory_tracking_enabled_product_level,low_stock,out_of_stock,on_sale,category_ids,category_names,image_url,product_url,created_date,updated_date,indexed_date
BTGPJ2YJWOREU2JAZOP6AC3V,BTGPJ2YJWOREU2JAZOP6AC3V,4642,MLVTVMXRGXXP3,027170 Equiderma Thrush and Whiteline Treatment,"Equiderma Thrush and Whiteline Treatment is a fast-acting, broad-spectrum leave-on treatment that is designed to penetrate deeply into the affected area. This 16oz treatment is specifically formulated to treat both thrush and whiteline, making it a versatile solution for horse owners. The formula is designed to be easy to apply and fast-acting, so you can see results quickly. With Equiderma Thrush and Whiteline Treatment, you can be confident that you are providing your horse with the best possible care.",physical,visible,38,38,$38.00,5,5,5,false,false,false,false,QHKZJ3S7QM2GQPISD76CIGSI|K6PBSEXAE5VQHAWFNYWSJ6MG,First Aid & Prevention,https://131790741.cdn6.editmysite.com/uploads/1/3/1/7/131790741/QKTSRKILYBG47RYNQLRWUDMW.jpeg,https://www.mags-tack.com/product/027170-equiderma-thrush-and-whiteline-treatment/4642,2024-02-10T17:18:22+00:00,2026-06-29T17:59:50+00:00,2026-07-07T19:33:20+00:00
BLNILOKUPFKNKECPXAOALUBJ,BLNILOKUPFKNKECPXAOALUBJ,5367,MLVTVMXRGXXP3,32 Degrees Ladies Lightweight Poly Fill Vest,32 Degrees Ladies Lightweight Poly Fill Vest in Black.,physical,visible,39,39,$39.00,8,1,8,false,true,false,false,2AW3CPER3S54YIHZPBS4AHAP|LWDQCZ6IZ4V4AVSK7XRW5MPV,Outerwear|Women's Outerwear,https://131790741.cdn6.editmysite.com/uploads/1/3/1/7/131790741/DAHIUQWKVRO2O24XN74DKKL3.jpeg,https://www.mags-tack.com/product/32-degrees-ladies-lightweight-poly-fill-vest/5367,2024-11-27T15:26:34+00:00,2026-06-29T17:59:50+00:00,2026-07-07T19:33:20+00:00
N2N6W4WNIL4WNGKJF7XTM56Z,N2N6W4WNIL4WNGKJF7XTM56Z,5365,MLVTVMXRGXXP3,32 Degrees Mens Ultra-light Down Packable Jacket,"PRODUCT FEATURES: Regular Fit, Down Fill Power 580, Stand Collar, Side Zip Pockets, Elastic Cuffs, Water Resistant, Tag-Free Label, 27&#34; Body Length (Size M), Imported FABRIC: Shell -100% Nylon - Shell and lining is lightweight woven with a soft and smooth texture. Insulation fill is Down fill with 580 power SIZING: Jacket run slightly big in order to allow for comfortable layering of hoodies or sweaters underneath. Please refer to size chart image to find best fit. If in-between sizes or looking for tighter fit, please size down. LIGHTWEIGHT: This is a lightweight jacket which can be worn layered over a t-shirt, sweater, or sweatshirt. CARE INSTRUCTIONS: Wash Cold Gentle Cycle Separately, Non-Chlorine Bleach Only, Tumble Dry Low, Do Not Iron, Do Not Dry Clean",physical,visible,60,60,$60.00,8,2,8,false,true,false,false,GEKPWLU3I6QLYMJHMNBYSHT2|MMH6GFRYWJFXZAD6AMGI47UU,Outerwear|Men's Outerwear and Vests,https://131790741.cdn6.editmysite.com/uploads/1/3/1/7/131790741/Y3WXVZEHNEUGM2FXRFKM3IU4.jpeg,https://www.mags-tack.com/product/32-degrees-mens-ultra-light-down-packable-jacket/5365,2024-11-27T15:16:41+00:00,2026-06-29T17:59:50+00:00,2026-07-07T19:33:29+00:00
QSHNFQAKMXOOJFWABYH7H5IV,QSHNFQAKMXOOJFWABYH7H5IV,QSHNFQAKMXOOJFWABYH7H5IV,MLVTVMXRGXXP3,Acavallo AC055 Active Pony Gel Pad Cut Out Sheepskin,"Acavallo® pony non-slip flat gel with Classic design and cut-out sheepskin. Shockproof, non-slip and breathable. The pony non-slip gel flat with Classic design and cut-out sheepskin offers excellent contact with the saddle , allowing the skin to breathe while riding. Thanks to the shaped gel, the item is thicker than a traditional pad, providing an effective combination of non-slip and cushioning. The Acavallo® Classic gel is hypoallergenic, non-toxic and does not cause unwanted reactions in contact with the skin, allowing the direct use. Furthermore, the gel can be easily cut and adapted to any type of saddle. A significant advantage of this gel is its ability to prevent unwanted movement of the saddle in all directions: forward, backward and sideways. The gel is able to compensate for small imperfections in the horse&#39;s back, making it also suitable for backs with more rounded conformations. The central part has a reduced thickness to better adapt to the horse&#39;s withers and back, allowing a large space between the saddle and the gel for constant air circulation. The Acavallo® sheepskin used in the gel edge is a hypoallergenic, soft and delicate natural material , designed to prevent chafing, abrasions and blisters. Acavallo® sheepskin has a very high density of fibers per square centimeter, making it the best natural emollient padding. Furthermore, the sheepskin acts as a 100% insulator, avoiding the emission of electrostatic charges in contact with the horse&#39;s skin. Another essential characteristic of this material is its ability to absorb sweat and release it to the outside air seven times faster than synthetic materials. The real Acavallo® sheepskin edge not only gives a touch of elegance to the compensator, but the properties of the material: natural, hypoallergenic, soft and delicate , are able to prevent chafing, abrasions and blisters. The wool is selected by Acavallo® for the high density of fibers per square centimeter, in order to create the best possible natural emollient padding. Furthermore, sheepskin does not emit electrostatic charges if the pad rubs with the horse&#39;s skin, thus acting as a 100% insulator. Sheepskin immediately absorbs sweat and releases it to the outside air seven times faster than synthetic materials. Care Instructions Machine washable at 30°C or by hand with mild soap and water Do not use aggressive cleaning agents Do not tumble dry Do not expose to direct heat or strong sunlight Let it dry naturally",physical,visible,239,239,$239.00,3,1,3,false,true,false,false,MOSA7PXNK5UFUF4HT5OP32FC|T72GFAVONR3B5SDDUP4WOPE4|YX3SJ2XV6GSRYR7EBKW4Y33X,Saddle Pads|Acavallo|Half Pad,https://131790741.cdn6.editmysite.com/uploads/1/3/1/7/131790741/W7NHAQVLOEEQCC32ADJHOY44.jpeg,https://www.mags-tack.com/product/acavallo-ac055-active-pony-gel-pad-cut-out-sheepskin/QSHNFQAKMXOOJFWABYH7H5IV,2026-06-25T00:23:15+00:00,2026-06-29T17:59:50+00:00,2026-07-07T19:33:35+00:00
PD3VPTIJ3AMU4MTLOY55QRBU,PD3VPTIJ3AMU4MTLOY55QRBU,PD3VPTIJ3AMU4MTLOY55QRBU,MLVTVMXRGXXP3,Acavallo AC100 Therapeutic Soft Gel Pad,"Acavallo® non-slip flat gel with Classic design. Breathable and shaped, it offers excellent contact with the saddle. The Acavallo® non-slip flat gel with Classic design offers comfort, grip and adaptability for an extraordinary riding experience. Thanks to its shaped design combined with non-slip and shock-absorbing gel, it guarantees stable contact with the saddle, avoiding unwanted movements.Ideal for adapting to the different shapes of the horse&#39;s back, it offers optimal support.Its thin central part promotes air circulation, keeping the skin dry. Made with hypoallergenic and non-toxic Acavallo® Classic gel , it can be used directly in contact with the skin, offering maximum safety and comfort.Adaptable to any type of saddle thanks to the possibility of custom cutting. Care Instructions Machine washable at 30°C or by hand with mild soap and water Do not use aggressive cleaning agents Do not tumble dry Do not expose to direct heat or strong sunlight Let it dry naturally",physical,visible,105,105,$105.00,14,1,14,false,true,false,false,MOSA7PXNK5UFUF4HT5OP32FC|T72GFAVONR3B5SDDUP4WOPE4|YX3SJ2XV6GSRYR7EBKW4Y33X,Saddle Pads|Acavallo|Half Pad,https://131790741.cdn6.editmysite.com/uploads/1/3/1/7/131790741/BAKATYLDHLMMPS7NVTIMJ42H.jpeg,https://www.mags-tack.com/product/acavallo-ac100-therapeutic-soft-gel-pad/PD3VPTIJ3AMU4MTLOY55QRBU,2026-06-24T23:54:22+00:00,2026-06-29T17:59:50+00:00,2026-07-07T19:33:33+00:00
HSOEQFVMT2HULEEWBW52HE2I,HSOEQFVMT2HULEEWBW52HE2I,HSOEQFVMT2HULEEWBW52HE2I,MLVTVMXRGXXP3,Acavallo AC102 Air Release Soft Gel Pad,"Acavallo® non-slip flat gel with Hexagonal design and holes. Anti-slip and breathable. The non-slip Hexagonal flat gel with holes is the ideal solution to guarantee comfort and stability to the horse&#39;s saddle.Its hexagonal cell structure promotes air circulation on the horse&#39;s back, offering a non-slip and shock-absorbing effect at the same time. The holes in each hexagonal cell allow air to be compressed inside and expelled during the horse&#39;s movement, thus avoiding heat build-up and ensuring optimal air flow. This creates an air cushion under the saddle, reducing pressure on the back muscles and absorbing shocks effectively. Another significant benefit is the ability of the gel to compensate for small imperfections in the horse&#39;s back, adapting even to slightly curved backs. The central part has a reduced thickness, allowing optimal adaptation to the horse&#39;s withers and back and creating a greater space between the saddle and gel for continuous air circulation.Acavallo® gel is hypoallergenic, non-toxic and safe for the skin , which means that the item can be used directly in contact with it. Furthermore, the gel can be easily cut and adapted to any type of saddle, ensuring perfect customization. Care Instructions Machine washable at 30°C or by hand with mild soap and water Do not use aggressive cleaning agents Do not tumble dry Do not expose to direct heat or strong sunlight Let it dry naturally",physical,visible,115,115,$115.00,2,2,2,false,true,false,false,MOSA7PXNK5UFUF4HT5OP32FC|T72GFAVONR3B5SDDUP4WOPE4|YX3SJ2XV6GSRYR7EBKW4Y33X,Saddle Pads|Acavallo|Half Pad,https://131790741.cdn6.editmysite.com/uploads/1/3/1/7/131790741/DRPTWPRRVQXUYJGT37ZDHSUS.jpeg,https://www.mags-tack.com/product/acavallo-ac102-air-release-soft-gel-pad/HSOEQFVMT2HULEEWBW52HE2I,2026-06-24T23:57:21+00:00,2026-06-29T17:59:36+00:00,2026-07-07T19:33:23+00:00
RRLALIYRSYCTH3UY53AWR5GA,RRLALIYRSYCTH3UY53AWR5GA,RRLALIYRSYCTH3UY53AWR5GA,MLVTVMXRGXXP3,Acavallo AC106 Gel Rear Riser,"Acavallo® non-slip gel rear riser with Classic design. Shock absorbing and anatomical to fit the saddle and the horse&#39;s back. Improve your horse&#39;s riding experience with the innovative Acavallo® non-slip Classic gel rear riser. This partial gel raises the rear of the saddle , offering optimal support whilst reducing pressure on the horse&#39;s back. Made with the renowned Acavallo Classic gel, it offers cushioning, comfort and grip. Its wedge shape with hollow cells provides lightweight, breathable support.Combinable with an Acavallo® non-slip gel for optimal comfort . It is safe, hypoallergenic and can be used directly in contact with the horse&#39;s skin. Care Instructions Machine washable at 30°C or by hand with mild soap and water Do not use aggressive cleaning agents Do not tumble dry Do not expose to direct heat or strong sunlight Let it dry naturally",physical,visible,100,100,$100.00,2,2,2,false,true,false,false,MOSA7PXNK5UFUF4HT5OP32FC|T72GFAVONR3B5SDDUP4WOPE4|YX3SJ2XV6GSRYR7EBKW4Y33X,Saddle Pads|Acavallo|Half Pad,https://131790741.cdn6.editmysite.com/uploads/1/3/1/7/131790741/LFQSJ3JGIDEWURYZOY2QAPG2.jpeg,https://www.mags-tack.com/product/acavallo-ac106-gel-rear-riser/RRLALIYRSYCTH3UY53AWR5GA,2026-06-24T23:59:20+00:00,2026-06-29T17:59:50+00:00,2026-07-07T19:33:36+00:00
YGWY6HFLMJT74QGOBCRAOM3Q,YGWY6HFLMJT74QGOBCRAOM3Q,YGWY6HFLMJT74QGOBCRAOM3Q,MLVTVMXRGXXP3,Acavallo AC107 Gel Front Riser,"Acavallo® non-slip gel front riser with Classic design. Especially suitable for high-withered horses. The non-slip gel front riser guarantees advanced comfort and support for your horse. Made from the renowned Acavallo® Classic gel, this partial pad is designed to gently lift the front of the saddle, providing optimal relief to the horse&#39;s withers. Ideal for either horses with high withers or horses have suffered a loss of muscle mass in the shoulder and withers area, the Acavallo gel front riser ensures superior cushioning and anatomical adaptation to the saddle and the horse&#39;s back. With its hollow cell structure, the item distributes pressure evenly, avoiding unwanted movements of the saddle. Care Instructions Machine washable at 30°C or by hand with mild soap and water Do not use aggressive cleaning agents Do not tumble dry Do not expose to direct heat or strong sunlight Let it dry naturally",physical,visible,76,76,$76.00,1,1,1,false,true,false,false,MOSA7PXNK5UFUF4HT5OP32FC|T72GFAVONR3B5SDDUP4WOPE4|YX3SJ2XV6GSRYR7EBKW4Y33X,Saddle Pads|Acavallo|Half Pad,https://131790741.cdn6.editmysite.com/uploads/1/3/1/7/131790741/34NGPF74K5EO35J5UPYOQPZI.jpeg,https://www.mags-tack.com/product/acavallo-ac107-gel-front-riser/YGWY6HFLMJT74QGOBCRAOM3Q,2026-06-25T00:00:24+00:00,2026-06-29T17:59:43+00:00,2026-07-07T19:33:43+00:00
A5ZF2RNWYP5VCUAHCRUXCYGJ,A5ZF2RNWYP5VCUAHCRUXCYGJ,A5ZF2RNWYP5VCUAHCRUXCYGJ,MLVTVMXRGXXP3,Acavallo AC109 Gel Pad and Back Riser,"Acavallo® non-slip gel with Classic design and rear riser. Shock-absorbing and breathing. The Acavallo® non-slip gel with Classic design and rear riser is the ideal ally for horses with pronounced withers and hollow backs.Made with the certified and patented Acavallo® gel, it offers a perfect balance between grip, cushioning and breathability. The anatomically shaped gel adapts to the saddle and the horse&#39;s back, ensuring optimal contact and preventing unwanted movement of the saddle. Thanks to its hollow cell structure, the gel compensates for small imperfections in the horse&#39;s back, providing personalized support. Its thinner central part adapts to the horse&#39;s withers and back , creating a space that promotes air circulation. The Acavallo® Classic gel is hypoallergenic and non-toxic, offering maximum safety and comfort for your horse. It can be used directly in contact with the skin and is adaptable to any type of saddle since it can be cut. Care Instructions Machine washable at 30°C or by hand with mild soap and water Do not use aggressive cleaning agents Do not tumble dry Do not expose to direct heat or strong sunlight Let it dry naturally",physical,visible,110,110,$110.00,3,1,3,false,true,false,false,MOSA7PXNK5UFUF4HT5OP32FC|T72GFAVONR3B5SDDUP4WOPE4|YX3SJ2XV6GSRYR7EBKW4Y33X,Saddle Pads|Acavallo|Half Pad,https://131790741.cdn6.editmysite.com/uploads/1/3/1/7/131790741/PEP4HAL6UZEXQ26YDEY4YHR7.jpeg,https://www.mags-tack.com/product/acavallo-ac109-gel-pad-and-back-riser/A5ZF2RNWYP5VCUAHCRUXCYGJ,2026-06-25T00:03:25+00:00,2026-06-29T17:59:50+00:00,2026-07-07T19:33:19+00:00
W6FXPBYTDTO7VLAZADRO5E52,W6FXPBYTDTO7VLAZADRO5E52,W6FXPBYTDTO7VLAZADRO5E52,MLVTVMXRGXXP3,Acavallo AC168 Therapeutic Gel Pad Cut Out Sheepskin,"Acavallo® non-slip flat gel with Classic design and cut-out sheepskin. Shockproof and breathable. Explore the comfort and functionality of the non-slip flat gel with Classic design and cut-out sheepskin. This pad offers great contact with the saddle , allowing the horse&#39;s skin to breathe while riding.Thanks to the shaped gel, the item is thicker than a traditional pad, providing an effective combination of non-slip and cushioning. The Acavallo® Classic Gel is hypoallergenic, non-toxic and does not cause unwanted reactions in contact with the skin, allowing a safe use. Furthermore, the gel can be easily cut and adapted to any type of saddle.A significant advantage of this pad is its ability to prevent unwanted movements of the saddle in all directions: forward, backward and sideways. The gel is able to compensate for small imperfections in the horse&#39;s back, making it also suitable for backs with more rounded conformations.The central part has a reduced thickness to better adapt to the horse&#39;s withers and back, allowing a large space between the saddle and the gel for constant air circulation.The Acavallo® sheepskin used in the product edge is a hypoallergenic, soft and delicate natural material, designed to prevent chafing, abrasions and blisters.The fur selected by Acavallo® has a very high fiber density per square centimeter, making it the best natural emollient padding available. Furthermore, the sheepskin acts as a 100% insulator, avoiding the emission of electrostatic charges in contact with the horse&#39;s skin. Another essential feature of this material is its ability to absorb sweat and release it to the outside air seven times faster than synthetic materials. Care Instructions Machine washable at 30°C or by hand with mild soap and water Do not use aggressive cleaning agents Do not tumble dry Do not expose to direct heat or strong sunlight Let it dry naturally",physical,visible,270,270,$270.00,2,2,2,false,true,false,false,MOSA7PXNK5UFUF4HT5OP32FC|T72GFAVONR3B5SDDUP4WOPE4|YX3SJ2XV6GSRYR7EBKW4Y33X,Saddle Pads|Acavallo|Half Pad,https://131790741.cdn6.editmysite.com/uploads/1/3/1/7/131790741/B4LGXQJUNHH4OJ5HXRV7AJ5H.jpeg,https://www.mags-tack.com/product/acavallo-ac168-therapeutic-gel-pad-cut-out-sheepskin/W6FXPBYTDTO7VLAZADRO5E52,2026-06-25T00:25:05+00:00,2026-06-29T17:59:36+00:00,2026-07-07T19:33:40+00:00
WPELTIWAFLRUWHUM4CJH4ENL,WPELTIWAFLRUWHUM4CJH4ENL,WPELTIWAFLRUWHUM4CJH4ENL,MLVTVMXRGXXP3,Acavallo AC501 Gel Seat Saver 10mm Jump Dri-Lex,"Acavallo® standard jumping seat saver with Classic design gel-in, 10 mm thickness and Dri-lex lining on the upper part. It guarantees comfort, thanks to its unique shock absorption qualities. The standard jumping seat saver with Classic design gel-in , 10mm thickness and Dri-lex lining on the top offers maximum comfort and shock absorption thanks to the Acavallo® therapeutic gel.The innovative design takes advantage of the unique qualities of the gel to support the rider&#39;s upper body and reduce trauma in movement.The gel is lined with Acavallo® Dri-lex, a top-notch fabric that vaporizes moisture thanks to hydrophobic and hydrophilic fibers, keeping the body dry and comfortable.The elastic strap attaches to the panels, maintaining the original position of the saddle. The grip straps attach to the internal panels, conveying the elegant design. Care Instructions Machine washable at 30°C or by hand with mild soap and water Do not use aggressive cleaning agents Do not tumble dry Do not expose to direct heat or strong sunlight Let it dry naturally It is advisable to clean the gel with warm water before initial use Make sure the saddle is well oiled and not dry to avoid any color transfer from the gel",physical,visible,160,160,$160.00,7,2,7,false,true,false,false,EK637HZAHIV6AJB2MKDCMNY4|MOSA7PXNK5UFUF4HT5OP32FC|T72GFAVONR3B5SDDUP4WOPE4,Jumper|Saddle Pads|Acavallo,https://131790741.cdn6.editmysite.com/uploads/1/3/1/7/131790741/25CQXUVZ67NAGF5SWCBNGJXW.jpeg,https://www.mags-tack.com/product/acavallo-ac501-gel-seat-saver-10mm-jump-dri-lex/WPELTIWAFLRUWHUM4CJH4ENL,2026-06-25T00:10:20+00:00,2026-06-29T17:59:56+00:00,2026-07-07T19:33:40+00:00
ZNT53YOZQ7EOKT4L64UMIPEY,ZNT53YOZQ7EOKT4L64UMIPEY,ZNT53YOZQ7EOKT4L64UMIPEY,MLVTVMXRGXXP3,Acavallo AC520 Seat Saver Gel Out 10mm,"Acavallo® standard jumping seat saver made of 10mm Classic design gel-out and Dri-lex in the lower area. It guarantees comfort and practicality. The standard jumping seat saver with 10mm Classic gel-out and Dri-lex in the lower surface is designed to ensure an extraordinary riding experience. The revolutionary design takes advantage of the unique shock-absorbing properties of Acavallo® Classic gel to offer the rider a superior level of comfort.The technical composition of the gel not only supports the rider&#39;s upper body, but also reduces trauma to the lower abdomen and neck in the event of sudden movements.The seat saver features an elastic strap that extends longitudinally along the bottom of the saddle, ensuring easy and secure installation without altering the saddle&#39;s normal supports. With two grip straps on the side parts, the item attaches to the inside of the saddle panels, without compromising the standard position. This innovative attachment system preserves the original structure of the saddle and preserves the elegant design typical of Acavallo products. The Acavallo® seat saver is also the ideal and economical solution for either older saddles or saddles with poorly padded seats, guaranteeing a comfortable seat and preventing annoying discomfort on the skin. Care Instructions Machine washable at 30°C or by hand with mild soap and water Do not use aggressive cleaning agents Do not tumble dry Do not expose to direct heat or strong sunlight Let it dry naturally It is advisable to clean the gel with warm water before initial use",physical,visible,160,160,$160.00,10,1,10,false,true,false,false,MOSA7PXNK5UFUF4HT5OP32FC|T72GFAVONR3B5SDDUP4WOPE4|YX3SJ2XV6GSRYR7EBKW4Y33X,Saddle Pads|Acavallo|Half Pad,https://131790741.cdn6.editmysite.com/uploads/1/3/1/7/131790741/4YEVTBE2MZ72P5NZPPYIZIIU.jpeg,https://www.mags-tack.com/product/acavallo-ac520-seat-saver-gel-out-10mm/ZNT53YOZQ7EOKT4L64UMIPEY,2026-06-25T00:16:42+00:00,2026-06-29T17:59:50+00:00,2026-07-07T19:33:45+00:00
EIWQOOMJNFRZ7OELO26CYQDX,EIWQOOMJNFRZ7OELO26CYQDX,EIWQOOMJNFRZ7OELO26CYQDX,MLVTVMXRGXXP3,Acavallo AC601 Opera Stirrup,"The Opera stirrups with patented loop design revolutionize horse riding. They avoid friction between the leg and the stirrup leathers for correct, comfortable and safe riding. The wide stainless steel tread offers better grip and relieves strain on the knees, ankles and calves. Made with steel-reinforced polymer , they guarantee a quality riding experience.",physical,visible,164,164,$164.00,11,3,11,false,true,false,false,3P56HL22SQT5KABVL7KJWRDT|5CDXDF2YJF5VC7SMDVGHT24Z|T72GFAVONR3B5SDDUP4WOPE4,Stirrups|Stirrups & Leathers|Acavallo,https://131790741.cdn6.editmysite.com/uploads/1/3/1/7/131790741/LF6476UEKJWEAR4OV7YWBATG.jpeg,https://www.mags-tack.com/product/acavallo-ac601-opera-stirrup/EIWQOOMJNFRZ7OELO26CYQDX,2026-06-24T22:36:35+00:00,2026-06-29T17:59:50+00:00,2026-07-07T19:33:21+00:00
DQF2D3UPS47IQV26VL7GCJHD,DQF2D3UPS47IQV26VL7GCJHD,DQF2D3UPS47IQV26VL7GCJHD,MLVTVMXRGXXP3,Acavallo AC607 Arena Alupro Aluminium Stirrup,"Acavallo® stirrups featuring an innovative patented side opening, resulting from years of research and development. The Arena Alupro stirrups feature a patented side opening and an advanced technical composition thanks to an innovative injection molding. Made with high-tech metal and flexible polymers, they offer more comfort and less stiffness than traditional stirrups. The stainless steel upper part with horizontal holes ensures optimal grip in all conditions, while protecting the stirrups from corrosion. The strategically-placed lock and release mechanism prevents accidental slipping.",physical,visible,250,250,$250.00,25,2,25,false,true,false,false,3P56HL22SQT5KABVL7KJWRDT|5CDXDF2YJF5VC7SMDVGHT24Z|T72GFAVONR3B5SDDUP4WOPE4,Stirrups|Stirrups & Leathers|Acavallo,https://131790741.cdn6.editmysite.com/uploads/1/3/1/7/131790741/6CTHW77HSU64IQ7CNFCNHBHK.jpeg,https://www.mags-tack.com/product/acavallo-ac607-arena-alupro-aluminium-stirrup/DQF2D3UPS47IQV26VL7GCJHD,2026-06-24T22:51:00+00:00,2026-06-29T17:59:23+00:00,2026-07-07T19:33:21+00:00
4QP5OEKYRX2JVTOPKH4RX2UM,4QP5OEKYRX2JVTOPKH4RX2UM,5572,MLVTVMXRGXXP3,Acavallo AC609 Arena AluPlus 2.0 Stirrup,"Acavallo® aluminum stirrups with lateral opening. Lightweight and extremely resistant. The Arena Aluplus 2.0 patented aluminum stirrups represent a new standard of performance and design in horse riding.Made from high quality certified anodized aluminium, these stirrups feature a stainless steel tread, which is the result of meticulous material selection and combination carried out by Acavallo® through in-depth product research. Stainless steel offers impeccable protection from corrosion , ensuring extraordinary product durability over time. The extended horizontal holes are an integral part of the design and prevent the accumulation of sand and dirt, ensuring unparalleled grip in any riding condition. The thoughtful position of the locking and releasing mechanism opening, slightly above the tread, prevents any possibility of accidental slipping. Likewise, the opening mechanism positioned on top of the stirrups ensures reliable operation in emergency situations , preventing delays due to debris. The five-degree inclination of the tread helps maintain correct posture while riding, relieving joint tension. The result is immediate relief for the knees and pelvis, as well as greater fluidity in ankle movements.",physical,visible,331,331,$331.00,22,2,22,false,true,false,false,3P56HL22SQT5KABVL7KJWRDT|5CDXDF2YJF5VC7SMDVGHT24Z|T72GFAVONR3B5SDDUP4WOPE4,Stirrups|Stirrups & Leathers|Acavallo,https://131790741.cdn6.editmysite.com/uploads/1/3/1/7/131790741/HBOPLWRTCB5OSUJAGFXAZP6L.jpeg,https://www.mags-tack.com/product/acavallo-ac609-arena-aluplus-2-0-stirrup/5572,2025-02-19T19:12:07+00:00,2026-06-29T17:59:11+00:00,2026-07-07T19:33:15+00:00
BXCZVC3CWASDUKD5IWKDX5IE,BXCZVC3CWASDUKD5IWKDX5IE,BXCZVC3CWASDUKD5IWKDX5IE,MLVTVMXRGXXP3,Acavallo AC617 Arena AluPro JUNIOR Stirrup,"Acavallo® junior stirrups in aluminum and polymer. Innovative and sophisticated. The success of the Arena junior stirrups is the result of several years of research and development. The patented side opening was created using an innovative injection molding technique . The outward opening of the stirrup arm aids in the release of the foot in case of emergency. The opening of the lock-and-release mechanism, activated by force, is located one centimeter higher from the tread. This is to ensure both that the foot cannot slip sideways by mistake and to prevent sand and dirt from delaying the release action of the arm in an emergency. Highly resistant and extra large tread for maximum grip and comfort during the sports session. Developed and manufactured in Italy.",physical,visible,245,245,$245.00,10,1,10,false,true,false,false,3P56HL22SQT5KABVL7KJWRDT|5CDXDF2YJF5VC7SMDVGHT24Z|T72GFAVONR3B5SDDUP4WOPE4,Stirrups|Stirrups & Leathers|Acavallo,https://131790741.cdn6.editmysite.com/uploads/1/3/1/7/131790741/UPWT32XV2MGBNXCVJOADZWVW.jpeg,https://www.mags-tack.com/product/acavallo-ac617-arena-alupro-junior-stirrup/BXCZVC3CWASDUKD5IWKDX5IE,2026-06-24T23:11:39+00:00,2026-06-29T17:59:11+00:00,2026-07-07T19:33:20+00:00
3VCCBTYCY2EXQUHRHA3O43QR,3VCCBTYCY2EXQUHRHA3O43QR,3VCCBTYCY2EXQUHRHA3O43QR,MLVTVMXRGXXP3,Acavallo AC750A Chain Guard,"Acavallo® curb chain guard made of soft classic gel . Relief, protection and well-being for the horse. The gel classic curb chain guard is an excellent accessory for horses who have problems with irritation with the curb chain. The pressure is evenly distributed by the gel, which adapts perfectly to the chain, avoiding chafing or injuries . The Acavallo® classic gel is hypoallergenic, non-toxic and does not react negatively on the skin. Such features allow it to be used directly in contact with it.Ideal item for delicate horses that are subject to jaw pain.",physical,visible,18,18,$18.00,3,3,3,false,true,false,false,7RMNGTBVAPEKS2WFH4RAF3ZV|T72GFAVONR3B5SDDUP4WOPE4|ZP3L4A3RJ6MA422J2M56UBXJ,Bridles|Acavallo|Bridle Accessories,https://131790741.cdn6.editmysite.com/uploads/1/3/1/7/131790741/FY6QWJPNCNXH5IQSWSKAZ2M4.jpeg,https://www.mags-tack.com/product/acavallo-ac750a-chain-guard/3VCCBTYCY2EXQUHRHA3O43QR,2026-06-24T23:33:11+00:00,2026-06-29T17:59:56+00:00,2026-07-07T19:33:10+00:00
ZE7TVTWFUJBLQ35YQS3CQL3E,ZE7TVTWFUJBLQ35YQS3CQL3E,ZE7TVTWFUJBLQ35YQS3CQL3E,MLVTVMXRGXXP3,Acavallo AC760A Gel Bit Guard,"Acavallo® bit guard in soft gel. This tool protects the lip corners of horses with more sensitive skin. The gel bit guards are the ideal solution to avoid rubbing and ensure correct bit mobility.Thanks to their special design and close-contact gel, they stay firmly in place, preventing unwanted twist and movement.Suitable for all equestrian disciplines, they offer optimal protection without compromising the horse&#39;s natural chewing.The Acavallo® gel classic, hypoallergenic and non-toxic , ensures maximum well-being for your horse. It can be used directly in contact with the skin without causing any undesired reactions.",physical,visible,28,28,$28.00,4,4,4,false,true,false,false,T72GFAVONR3B5SDDUP4WOPE4|U6CJOUZKFU3VSJWOVTAQ7LS4|5G3IAN5J4ZQOHU4SKFX2WNKJ,Acavallo|Bits,https://131790741.cdn6.editmysite.com/uploads/1/3/1/7/131790741/H63AN3QFJAKPZ4UQPXWMA6FT.jpeg,https://www.mags-tack.com/product/acavallo-ac760a-gel-bit-guard/ZE7TVTWFUJBLQ35YQS3CQL3E,2026-06-24T23:47:25+00:00,2026-06-29T17:59:56+00:00,2026-07-07T19:33:43+00:00
5RVNYZUHRSRMJEZDHS3ZOXQT,5RVNYZUHRSRMJEZDHS3ZOXQT,5RVNYZUHRSRMJEZDHS3ZOXQT,MLVTVMXRGXXP3,Acavallo AC761A Contoured Gel Bit Guard,"Acavallo® contoured bit guards made of classic gel. Anatomical and soft. The Acavallo® classic gel contoured bit guards offer an innovative and comfortable solution for your horse. Their concave shape on the internal surface and the convex shape on the external surface guarantee maximum protection against the risk of rubbing on the labial commissures. These items allow your horse to maintain natural bit mobility and chew naturally.The classic gel , after being fixed to the bit, firmly holds the bit guards in their correct position, avoiding any rotation or unwanted movement. This makes them suitable for all equestrian disciplines . The product is easy to insert. Just widen the gel guards with your hands, pass them inside the mouth and position them at the desired end.Furthermore, Acavallo® classic gel is hypoallergenic and non-toxic, ensuring that there are no unwanted reactions on your horse&#39;s skin. You can use it directly in contact with the skin , ensuring maximum comfort and safety.",physical,visible,25,25,$25.00,1,1,1,false,true,false,false,T72GFAVONR3B5SDDUP4WOPE4|U6CJOUZKFU3VSJWOVTAQ7LS4|5G3IAN5J4ZQOHU4SKFX2WNKJ,Acavallo|Bits,https://131790741.cdn6.editmysite.com/uploads/1/3/1/7/131790741/VP34X4FAK5QEIZCMVKACL6GL.jpeg,https://www.mags-tack.com/product/acavallo-ac761a-contoured-gel-bit-guard/5RVNYZUHRSRMJEZDHS3ZOXQT,2026-06-24T23:46:05+00:00,2026-06-29T17:59:23+00:00,2026-07-07T19:33:18+00:00
W7KXTPOR7JRUDILBV6GJV5R3,W7KXTPOR7JRUDILBV6GJV5R3,W7KXTPOR7JRUDILBV6GJV5R3,MLVTVMXRGXXP3,Acavallo AC775A Gel Tail Wrap,"Acavallo® tail wrap made entirely of classic gel and featuring fastening. Maximum protection, grip and comfort. The Acavallo® classic gel tail wraps ensure the ideal protection when transporting your horse.The innovative gel offers an effective barrier against any abrasion, while ensuring comfort and breathability. It is hypoallergenic, non-toxic and safe for direct use in contact with the skin, making it an ideal choice for protecting your horse&#39;s tail during transport or in other situations.",physical,visible,75,75,$75.00,2,2,2,false,true,false,false,5CDXDF2YJF5VC7SMDVGHT24Z|BGBOFGLMUD2UT5KVKOWSAJLF|T72GFAVONR3B5SDDUP4WOPE4,Stirrups & Leathers|Stirrups & Accessories|Acavallo,https://131790741.cdn6.editmysite.com/uploads/1/3/1/7/131790741/FAAWKDQDVJO7JSOE6AU4FXOO.jpeg,https://www.mags-tack.com/product/acavallo-ac775a-gel-tail-wrap/W7KXTPOR7JRUDILBV6GJV5R3,2026-06-24T23:41:44+00:00,2026-06-29T17:59:56+00:00,2026-07-07T19:33:40+00:00
BD3I665WBYLJCD3HO4IENDBY,BD3I665WBYLJCD3HO4IENDBY,BD3I665WBYLJCD3HO4IENDBY,MLVTVMXRGXXP3,Acavallo AC792A Sensitive Bit,"Acavallo® sensitive bit made with an innovative plastic material reinforced with a steel line inside. The sensitive bit offers a pain-free riding experience and maximum comfort. Made with an innovative and hypoallergenic plastic material, reinforced with an internal steel line, this bit is designed to prevent compression and pinching of the tongue and labial commissures. Thanks to its one-piece design , it avoids painful irritation of the palate. For a better connection with your horse and smooth movements.",physical,visible,75,75,$75.00,1,1,1,false,true,false,false,T72GFAVONR3B5SDDUP4WOPE4|U6CJOUZKFU3VSJWOVTAQ7LS4|5G3IAN5J4ZQOHU4SKFX2WNKJ,Acavallo|Bits,https://131790741.cdn6.editmysite.com/uploads/1/3/1/7/131790741/6JALZOVCL3JA4TK3YOLXQ53X.jpeg,https://www.mags-tack.com/product/acavallo-ac792a-sensitive-bit/BD3I665WBYLJCD3HO4IENDBY,2026-06-24T23:44:18+00:00,2026-06-29T17:59:56+00:00,2026-07-07T19:33:20+00:00
UYV4SF26VAN6ILDMKAKNU6CO,UYV4SF26VAN6ILDMKAKNU6CO,UYV4SF26VAN6ILDMKAKNU6CO,MLVTVMXRGXXP3,Acavallo Arena Aluplus 2.0 Spurs,"Acavallo® English spurs with interchangeable shank, sturdy and light. Maximum performances. Anatomical English spurs with an innovative design characterized by the interchangeable tip . They feature a double eyelet for excellent stability and easily adapt to all types of boots. The tips, available in various sizes (15 mm, 20 mm, 25 mm), can be purchased separately (AC739A). Sold in pairs.",physical,visible,88,88,$88.00,1,0,1,false,true,false,false,IKZ45R4BUIAO5CYFWN7Z2ZRS|T72GFAVONR3B5SDDUP4WOPE4|V43DLO543AG2O3JEX4IWIDUU,Spurs|Acavallo|Spurs,https://131790741.cdn6.editmysite.com/uploads/1/3/1/7/131790741/V3PJ2JO46ZCGUWPTIKJBFHQU.jpeg,https://www.mags-tack.com/product/acavallo-arena-aluplus-2-0-spurs/UYV4SF26VAN6ILDMKAKNU6CO,2025-08-28T22:44:38+00:00,2026-06-29T17:59:23+00:00,2026-07-07T19:33:39+00:00
EDQGVGSQXFUTHHDN5KJUN23A,EDQGVGSQXFUTHHDN5KJUN23A,EDQGVGSQXFUTHHDN5KJUN23A,MLVTVMXRGXXP3,Acavallo Classic Stirrup Leathers,,physical,visible,145,145,$145.00,3,1,3,false,true,false,false,5CDXDF2YJF5VC7SMDVGHT24Z|BGBOFGLMUD2UT5KVKOWSAJLF|T72GFAVONR3B5SDDUP4WOPE4,Stirrups & Leathers|Stirrups & Accessories|Acavallo,,https://www.mags-tack.com/product/acavallo-classic-stirrup-leathers/EDQGVGSQXFUTHHDN5KJUN23A,2025-08-28T22:56:34+00:00,2026-06-29T17:59:50+00:00,2026-07-07T19:33:21+00:00
KOSTI3J5PM2FYC7NLIZWBM7V,KOSTI3J5PM2FYC7NLIZWBM7V,KOSTI3J5PM2FYC7NLIZWBM7V,MLVTVMXRGXXP3,Acavallo Interchangeable Neck for Arena Aluplus 2.0 Spurs,"Interchangable Rounded Rowel for Arenaplus 2.0 Spurs, stainless steel with key. Interchangeable rowel for Arena Aluplus 2.0 spurs. With the Arena Aluplus 2.0 spurs, Acavallo has expanded its range with another high-tech product. The replacement rowels are made of durable stainless steel. They are available in three lengths. The ends of the rowels are rounded. Replacing the rowels is easy by unscreawing and fastening them from the threaded rod of the spur using the key in dotation. Sold in pairs, with key.",physical,visible,25,25,$25.00,6,3,6,false,true,false,false,IKZ45R4BUIAO5CYFWN7Z2ZRS|T72GFAVONR3B5SDDUP4WOPE4|V43DLO543AG2O3JEX4IWIDUU,Spurs|Acavallo|Spurs,https://131790741.cdn6.editmysite.com/uploads/1/3/1/7/131790741/QBSGJBD6IKALPG6UPQMQOPQ2.jpeg,https://www.mags-tack.com/product/acavallo-interchangeable-neck-for-arena-aluplus-2-0-spurs/KOSTI3J5PM2FYC7NLIZWBM7V,2025-08-28T22:53:16+00:00,2026-06-29T17:59:36+00:00,2026-07-07T19:33:26+00:00
OJ7NMDJBEMDGX5HBCXRJJSYK,OJ7NMDJBEMDGX5HBCXRJJSYK,OJ7NMDJBEMDGX5HBCXRJJSYK,MLVTVMXRGXXP3,Acavallo Numnah Twin Sided Gel Jumping Saddle Pad AC270,"Acavallo® Numnah jumping saddle pad with classic withers and classic spine, faux sheepskin, twin sided suede and gel grip. The Acavallo® Numnah jumping saddle pad with classic withers and classic spine, faux sheepskin and twin sided suede and gel grip, is designed to combine style, comfort and safety for your jumping sessions. The saddle pad features a double layer of Acavallo® anti-slip and shock-absorbing therapeutic gel, both in the surface in contact with the horse&#39;s skin and in contact with the saddle. This ensures a perfect fit on both sides, avoiding unwanted movements during the jump. The edge of the saddle pad is covered in faux sheepskin, a material known for its softness and delicacy on the horse&#39;s skin, which protects against chafing, abrasions and blisters , ensuring maximum comfort. The combination of the benefits of sheepskin and gel gives a classy aesthetics to the saddle pad. The gel&#39;s low profile ensures stability without the bulk, while the luxurious cotton fabric it is combined with adds a touch of style. The item represents the ideal combination of stability, shock absorption and aesthetics . Care Instructions Machine washable at 30°C or by hand with mild soap and water Do not use aggressive cleaning agents Do not tumble dry Do not expose to direct heat or strong sunlight Let it dry naturally",physical,visible,320,320,$320.00,1,1,1,false,true,false,false,EK637HZAHIV6AJB2MKDCMNY4|MOSA7PXNK5UFUF4HT5OP32FC|T72GFAVONR3B5SDDUP4WOPE4,Jumper|Saddle Pads|Acavallo,https://131790741.cdn6.editmysite.com/uploads/1/3/1/7/131790741/L3ZJXN4D474FFMUWJBMDUN4O.jpeg,https://www.mags-tack.com/product/acavallo-numnah-twin-sided-gel-jumping-saddle-pad-ac270/OJ7NMDJBEMDGX5HBCXRJJSYK,2026-06-25T00:30:08+00:00,2026-06-29T17:59:36+00:00,2026-07-07T19:33:31+00:00
E33NSOGBCL5X5H5R7273MIAR,E33NSOGBCL5X5H5R7273MIAR,E33NSOGBCL5X5H5R7273MIAR,MLVTVMXRGXXP3,"Acavallo Rel-X 180 Stirrups, One Size","Acavallo® stirrups in aluminum with 180° branch opening and rotation system. Even lighter and safer. The Rel-X 180 stirrups feature a side opening and an advanced technical composition thanks to innovative injection molding.Made with high-tech metal and flexible polymers, they offer greater comfort and reduced stiffness compared to traditional stirrups. Furthermore, the branch is equipped with an innovative 180° rotation opening system allowing easy release for the rider in the event of a front, side or back fall. The stainless steel top with horizontal holes ensures optimal grip in all conditions, protecting the item from corrosion.The strategically placed lock and release mechanism prevents accidental slipping. Pin and internal components are made of stainless steel. The tread is inclined at 5° and the footbed is equipped with Grip System. The stirrups are light weight (519 g) and feature a shot peening surface treatment.",physical,visible,375,375,$375.00,14,3,14,false,true,false,false,3P56HL22SQT5KABVL7KJWRDT|5CDXDF2YJF5VC7SMDVGHT24Z|T72GFAVONR3B5SDDUP4WOPE4,Stirrups|Stirrups & Leathers|Acavallo,https://131790741.cdn6.editmysite.com/uploads/1/3/1/7/131790741/57JO56CCCVQIRU3UHTW7B5KZ.jpeg,https://www.mags-tack.com/product/acavallo-rel-x-180-stirrups-one-size/E33NSOGBCL5X5H5R7273MIAR,2025-08-28T22:40:49+00:00,2026-06-29T17:59:36+00:00,2026-07-07T19:33:21+00:00
TKRMHLVQQYHIT4PJNORKE56S,TKRMHLVQQYHIT4PJNORKE56S,TKRMHLVQQYHIT4PJNORKE56S,MLVTVMXRGXXP3,Acavallo Standard Seat Saver Jumping Classic Gel Out Dri-lex 20mm AC530,"Acavallo® standard jumping seat saver made with 20mm Classic gel-out. It features Dri-lex in the lower part for greater breathability and shock absorption. The standard jumping seat saver in 20mm Classic gel-out and Dri-lex in the lower part guarantees maximum comfort for the rider thanks to its revolutionary design that takes advantage of the unique shock-absorbing qualities of the Acavallo® therapeutic gel. The technical composition of the gel, in addition to supporting the rider&#39;s upper body, reduces trauma to the lower abdomen and neck in the event of sudden movements. The seat saver is equipped with an elastic strap that runs longitudinally along the lower part of the saddle and attaches to the panels, without changing the normal supports of the saddle. In the two side parts, the item is equipped with two grip straps that hook onto the inside of the saddle panels, without affecting their normal positions. The attachment system thus allows the original setup of the saddle not to be changed, while providing the typical elegant design of Acavallo® products. Care Instructions Machine washable at 30°C or by hand with mild soap and water Do not use aggressive cleaning agents Do not tumble dry Do not expose to direct heat or strong sunlight Let it dry naturally It is advisable to clean the gel with warm water before initial use Make sure the saddle is well oiled and not dry to avoid any color transfer from the gel",physical,visible,170,170,$170.00,1,1,1,false,true,false,false,EK637HZAHIV6AJB2MKDCMNY4|MOSA7PXNK5UFUF4HT5OP32FC|T72GFAVONR3B5SDDUP4WOPE4,Jumper|Saddle Pads|Acavallo,https://131790741.cdn6.editmysite.com/uploads/1/3/1/7/131790741/CP2N7I2PBGDPZSKR36BUZSVE.jpeg,https://www.mags-tack.com/product/acavallo-standard-seat-saver-jumping-classic-gel-out-dri-lex-20mm-ac530/TKRMHLVQQYHIT4PJNORKE56S,2026-06-25T00:14:01+00:00,2026-06-29T17:59:43+00:00,2026-07-07T19:33:38+00:00
2AIMVISJ3J7DV6CQDJMRXPSB,2AIMVISJ3J7DV6CQDJMRXPSB,3592,MLVTVMXRGXXP3,Aubrion Shires Kids Broadway Riding Tights 8302,"The Aubrion Shires Kids Broadway Riding Tights are a versatile and stylish choice for young equestrians. These athletic riding tights feature color panels and are made from stretchy, quick-drying fabric to ensure maximum comfort. The full silicone grip seat and legs provide extra security in the saddle, while the flatlock seams create a smooth and streamlined look. With a thigh phone pocket and Aubrion prints, these riding tights combine functionality with a fashionable design. Perfect for young riders who want to look and feel their best while riding.",physical,visible,52,52,$52.00,6,1,6,false,true,false,false,6JWC6URPBJ63AXQT72YPJMNL|QBPSMHCXSIWSW547TA52UHEN|YKO3KSRB6GOPCG6QKYGJG7SB,Shires|Tights|Kid's Riding Tights,https://131790741.cdn6.editmysite.com/uploads/1/3/1/7/131790741/3ZXOXTLG3P5NJQEUOPGGIAO2.png,https://www.mags-tack.com/product/aubrion-shires-kids-broadway-riding-tights-8302/3592,2024-02-02T01:58:57+00:00,2026-06-29T17:59:50+00:00,2026-07-07T19:33:10+00:00
WHFJ23BVGCEVIAEDYQ4RHUI2,WHFJ23BVGCEVIAEDYQ4RHUI2,4469,MLVTVMXRGXXP3,B Vertigo Edmund Mens Training Shirt 33711,"The B Vertigo Edmund Men&#39;s Training Shirt is a must-have for your daily training sessions. Made from quick-drying and breathable material, this shirt ensures maximum comfort and performance. The raglan sleeves allow for unrestricted movement, while the adjustable zipper provides warmth or ventilation depending on the temperature. With its sporty cut and classic colors, this shirt is versatile and timeless, making it easy to pair with your favorite breeches, jacket, and boots. Stay stylish and comfortable during your workouts with the B Vertigo Edmund Men&#39;s Training Shirt. Size XL",physical,visible,85,85,$85.00,1,1,1,false,true,false,false,NFE6DGDPJOLTTKCG2Q2VFKL3|S6AY432LC5EP2XD76KL6EAS2,Riding Shirts|Men's Riding Shirts,https://131790741.cdn6.editmysite.com/uploads/1/3/1/7/131790741/PFLSGWH3KBECQ2U5TMK54RZG.jpeg,https://www.mags-tack.com/product/b-vertigo-edmund-mens-training-shirt-33711/4469,2024-02-02T01:58:53+00:00,2026-06-29T17:59:23+00:00,2026-07-07T19:33:39+00:00
3OZN5ETU3DG7T2SFP5ZXC3CP,3OZN5ETU3DG7T2SFP5ZXC3CP,4138,MLVTVMXRGXXP3,B Vertigo Sander Men's Leather KP Breeches 36255,"B Vertigo Sander Knee Patch Breeches for men are comfortable, quality riding breeches with a traditional look and modern performance fabric. Top quality Optipro fabric has 4-way stretch, wicks moisture, and is breathable. The classic design of the Sander Breech from B Vertigo gives plenty of room for mobility with a mid rise waist, comfortable cut and front pleats. Men&#39;s hunter jumper riding breeches have a synthetic leather knee patch and Lycra elastic panel at the calf for a close fit. B Vertigo Sander Knee Patch Breech offers a professional, classic look for equestrian riders in the show ring or at the barn. The performance fabric is very durable and resists stains and over-stretching. Safari tan color makes the Sander Breech perfect for competition. BV Opti-pro fabric 92% Polyamide/8% Polyurethane 4-way stretch Breathable, moisture-wicking Mid-rise waist Classic front pleats Lycra panel at back of calf Synthetic stretch alos leather knee patch",physical,visible,210,210,$210.00,3,1,3,false,true,false,false,3RP55W4MXL4EZKB3EKKRXSCX|53KF7RG54NRL6S7OM44AREFJ|NFE6DGDPJOLTTKCG2Q2VFKL3,Knee Patch Breeches|Men's Knee Patch Breeches|Riding Shirts,https://131790741.cdn6.editmysite.com/uploads/1/3/1/7/131790741/C4NO3E4GF5Z7BUMU7KLF4T4S.jpeg,https://www.mags-tack.com/product/b-vertigo-sander-men-s-leather-kp-breeches-36255/4138,2024-02-02T01:58:45+00:00,2026-07-07T16:49:22+00:00,2026-07-07T19:33:15+00:00
4F6ZIENCMKKU4SOUPL276G4F,4F6ZIENCMKKU4SOUPL276G4F,4F6ZIENCMKKU4SOUPL276G4F,MLVTVMXRGXXP3,Back On Track LS Shirt - Gareth Men's P4G,"LONG SLEEVED SHIRT WITH IONTEX® TECHNOLOGY. The &#39;Gareth&#39; is part of our P4G Per4formance Group Collection and is perfect for activity and training. Made of a lightweight, elastic material with Iontex® technology with high breathability, odor control and moisture wicking properties. The versatility makes the &#39;Gareth&#39; useful for any occasion, whether you&#39;re going to the office, to the gym, out for a run, or want a comfortable extra layer under your shirt for work. The technology gives you the best conditions for preparation, performance, and recovery, no matter what sport you play or what your everyday life looks like.",physical,visible,68,68,$68.00,8,1,8,false,true,false,false,NFE6DGDPJOLTTKCG2Q2VFKL3|QE3ILTJIFAXZYBLRWLLMFH4G|S6AY432LC5EP2XD76KL6EAS2,Riding Shirts|Back On Track|Men's Riding Shirts,https://131790741.cdn6.editmysite.com/uploads/1/3/1/7/131790741/SV3D6NTAOESOC5WZJADZT3XT.jpeg,https://www.mags-tack.com/product/back-on-track-ls-shirt-gareth-men-s-p4g/4F6ZIENCMKKU4SOUPL276G4F,2026-01-31T19:54:33+00:00,2026-06-29T17:59:36+00:00,2026-07-07T19:33:11+00:00
3F2CTDVTLMFMDHQH7OKMUBRE,3F2CTDVTLMFMDHQH7OKMUBRE,3F2CTDVTLMFMDHQH7OKMUBRE,MLVTVMXRGXXP3,Back on Track Mathilda All Purpose Saddle Pad,"The Back on Track Mathilda White All Purpose Saddle Pad is a top-quality equestrian accessory designed to promote muscle strength and recovery. This saddle pad features innovative Welltex Technology that aids in muscle recovery. With a thin design, diamond quilting, waffle texture on the underside for easy cleaning, and a contoured all-purpose shape, this saddle pad provides both comfort and functionality. It comes with billet and girth straps, making it easy to secure, and has a size of 23&#34; Spine x 18&#34; Drop, ensuring a perfect fit for your horse.",physical,visible,70,70,$70.00,5,1,5,false,true,false,false,MOSA7PXNK5UFUF4HT5OP32FC|QE3ILTJIFAXZYBLRWLLMFH4G|SVFYUCV2QBT6R7TUN6S26J7H,Saddle Pads|Back On Track|General Purpose,https://131790741.cdn6.editmysite.com/uploads/1/3/1/7/131790741/LA2EYSUJ2PTQZMRU6QLZD6Z5.jpeg,https://www.mags-tack.com/product/back-on-track-mathilda-all-purpose-saddle-pad/3F2CTDVTLMFMDHQH7OKMUBRE,2026-01-31T20:05:56+00:00,2026-06-29T17:59:43+00:00,2026-07-07T19:33:10+00:00
MNUQEHXHSMW5HKA2LYMC5QTA,MNUQEHXHSMW5HKA2LYMC5QTA,MNUQEHXHSMW5HKA2LYMC5QTA,MLVTVMXRGXXP3,Back On Track SS Ophelia Women's P4G Shirt,"The Ophelia Women&#39;s P4G Short Sleeve Shirt is a stylish and comfortable addition to any wardrobe. Made specifically for women, this shirt features a trendy short sleeve design and is perfect for casual wear. The P4G style adds a unique touch to the classic shirt, making it a versatile piece that can be dressed up or down for any occasion.",physical,visible,58,58,$58.00,10,1,10,false,true,false,false,BQZEJQYAWSTYPZT35BGLRZ5Y|NNQT5ASC7JBOY4TIUBSRIJL4|QE3ILTJIFAXZYBLRWLLMFH4G,T-Shirts|Women's T-shirts|Back On Track,https://131790741.cdn6.editmysite.com/uploads/1/3/1/7/131790741/4C7PA5ZSLEEJVZH7D5JADC5X.png,https://www.mags-tack.com/product/back-on-track-ss-ophelia-women-s-p4g-shirt/MNUQEHXHSMW5HKA2LYMC5QTA,2026-01-31T20:00:40+00:00,2026-06-29T17:59:36+00:00,2026-07-07T19:33:29+00:00
IWE66W4WTCHKD352IQOY5MGC,IWE66W4WTCHKD352IQOY5MGC,IWE66W4WTCHKD352IQOY5MGC,MLVTVMXRGXXP3,Back On Track Teddy Saddle Pad,"Back on Track’s new All-Purpose Teddy Saddle Pad is topped with white fleece and is perfect for use in the show ring! Our first fleece contoured saddle pad has all of the benefits of our other saddle pads, including our Welltex material which is known to increase blood circulation and relieve sore muscles, tendons, ligaments, and joints. The top is designed with white fleece and our smooth Welltex material is incorporated underneath. Available in White, Size Full - 21&#34; spine, 20&#34; drop",physical,visible,97,97,$97.00,2,2,2,false,true,false,false,7EXK66N6ENJVFZVEPERPZGLE|MOSA7PXNK5UFUF4HT5OP32FC|QE3ILTJIFAXZYBLRWLLMFH4G,Saddle Pads|Saddle Pads|Back On Track,https://131790741.cdn6.editmysite.com/uploads/1/3/1/7/131790741/33WHCQGBCZ6RLT5ZUSZMAMEY.png,https://www.mags-tack.com/product/back-on-track-teddy-saddle-pad/IWE66W4WTCHKD352IQOY5MGC,2026-01-31T19:36:05+00:00,2026-06-29T17:59:11+00:00,2026-07-07T19:33:24+00:00
2UCPTETOHINW76TVIKDNARVW,2UCPTETOHINW76TVIKDNARVW,4075,MLVTVMXRGXXP3,Cavallo - Ladies Breeches Candera Grip 974798,"• Comfortable riding leggings with the look of classic breeches, provided with sparkling details • Mobile phone pockets with fine Cavallo embroidery inserted into the seams on the sides of both thighs • Back yoke with two flaps decorated with embroidery and rhinestones • Wide waistband with belt loops ensures a perfect fit",physical,visible,160,160,$160.00,1,0,1,false,true,false,false,E4ZGNMKBQUCK7T5MSQYXCT5Y|QILGPGVSHPFUITVCYZBA53SV|TRNI2AGX6TPISS6LXTUPUK5W,Women's Full Seat Breeches|Breeches|Cavello,https://131790741.cdn6.editmysite.com/uploads/1/3/1/7/131790741/XHTQMEIL7GHXCNOEJD5DK6GI.jpeg,https://www.mags-tack.com/product/cavallo-ladies-breeches-candera-grip-974798/4075,2024-02-02T01:58:41+00:00,2026-06-29T17:59:23+00:00,2026-07-07T19:33:12+00:00
PV3YFQWFC7BCTGQ4MJHCWPVP,PV3YFQWFC7BCTGQ4MJHCWPVP,PV3YFQWFC7BCTGQ4MJHCWPVP,MLVTVMXRGXXP3,Cavallo Caja FS 2020 GripReit Trousers High Waist,,physical,visible,240,240,$240.00,5,1,5,false,true,false,false,2IAD6SD5I7I4WKRPMURT6ATW|E4ZGNMKBQUCK7T5MSQYXCT5Y|TRNI2AGX6TPISS6LXTUPUK5W,Full Seat Breeches|Women's Full Seat Breeches|Cavello,https://131790741.cdn6.editmysite.com/uploads/1/3/1/7/131790741/ZFPV5BGXY2QVKRXYABQEIWZB.jpeg,https://www.mags-tack.com/product/cavallo-caja-fs-2020-gripreit-trousers-high-waist/PV3YFQWFC7BCTGQ4MJHCWPVP,2024-09-18T23:33:25+00:00,2026-06-29T17:59:23+00:00,2026-07-07T19:33:33+00:00
WZ4DN2BP5DOCPQE4CMTREIXJ,WZ4DN2BP5DOCPQE4CMTREIXJ,5590,MLVTVMXRGXXP3,Cavallo Cavaldrofton Grip KP Breech,"sportive, chic mens breeches with flap pockets at the back made of bi-elastic micro polyamide fabric with CAVALGRIP silicone knee panel two slit pockets and a coin pocket at the front mobile phone pocket on the side of the right thigh trendy black details new grip design with contrasting colour 91 % polyamide, 9 % elastane",physical,visible,180,180,$180.00,4,1,4,false,true,false,false,3RP55W4MXL4EZKB3EKKRXSCX|53KF7RG54NRL6S7OM44AREFJ|TRNI2AGX6TPISS6LXTUPUK5W,Knee Patch Breeches|Men's Knee Patch Breeches|Cavello,https://131790741.cdn6.editmysite.com/uploads/1/3/1/7/131790741/VG3ELKTFKBDAHQHPZWROB7HF.png,https://www.mags-tack.com/product/cavallo-cavaldrofton-grip-kp-breech/5590,2025-02-27T22:49:18+00:00,2026-07-07T16:51:05+00:00,2026-07-07T19:33:40+00:00
CAB4JHT5B6WAPUTRDHYWHEPI,CAB4JHT5B6WAPUTRDHYWHEPI,4323,MLVTVMXRGXXP3,Centaur Dressage Sovereign Saddle Pad,23S x 22D,physical,visible,56,56,$56.00,6,3,6,false,true,false,false,EPZPDBQRGQA4CBYNWANJCCNH|MOSA7PXNK5UFUF4HT5OP32FC,Dressage|Saddle Pads,https://131790741.cdn6.editmysite.com/uploads/1/3/1/7/131790741/WTBRAL32NBEUMOC3ADL4AYJ6.jpeg,https://www.mags-tack.com/product/centaur-dressage-sovereign-saddle-pad/4323,2024-02-02T01:58:49+00:00,2026-06-29T17:59:56+00:00,2026-07-07T19:33:20+00:00
HLBY33XLBCY4ZPFBKMYECDN2,HLBY33XLBCY4ZPFBKMYECDN2,HLBY33XLBCY4ZPFBKMYECDN2,MLVTVMXRGXXP3,Chestnut Bay Heritage Quilted Barn Jackets,"Upgrade your style in the versatile Heritage Quilted Barn Jacket where classic meets contemporary. Comfortable, lightweight, and packable. The functional and stylish barn jacket is made for men who love outdoor activities. Crafted with a diamond-quilted pattern, this jacket boasts a ribbed collar and cuffs and a practical 2-way front zipper closure with a snap windguard. The interior vertical zipper pocket keeps your wallet safe and secure. The fully self-lined interior ensures maximum comfort and warmth without the bulk. Faux suede shoulder panels add a touch of sophistication. With longer sleeves and a regular fit, this jacket is perfect for layering and staying stylishly warm on any adventure. UPF 50 sun protection Wind Resistant Packable Lightweight Secure interior front zipper pocket 2-way front zipper Snap front windguard Ribbed collar and cuffs Imported. Machine wash with like colors in cold water, dry flat. Do not bleach or add fabric softeners. 77% Nylon / 23% Polyfill Quilted Shell / 100% Polyester Suede Trim Men’s Small, Medium, Large, XLarge, XXLarge Color Options: Obsidian, Olive Night Measurements for size Large: Black Length High Point Shoulder: 29 1/2″ / Sleeve Length: 28 1/2″",physical,visible,156,156,$156.00,8,1,8,false,true,false,false,2AW3CPER3S54YIHZPBS4AHAP|MMH6GFRYWJFXZAD6AMGI47UU,Outerwear|Men's Outerwear and Vests,https://131790741.cdn6.editmysite.com/uploads/1/3/1/7/131790741/D7F42PQDHW6OYERSBFQIPVD6.jpeg,https://www.mags-tack.com/product/chestnut-bay-heritage-quilted-barn-jackets/HLBY33XLBCY4ZPFBKMYECDN2,2025-10-06T22:36:30+00:00,2026-06-29T17:59:11+00:00,2026-07-07T19:33:22+00:00
G6KWNH4WW74XWZXKHFW66UEU,G6KWNH4WW74XWZXKHFW66UEU,G6KWNH4WW74XWZXKHFW66UEU,MLVTVMXRGXXP3,Cotton Close Contact Square Benetton Blue,,physical,visible,87,87,$87.00,1,1,1,false,true,false,false,DDIXKTDBILZCJ6PILBQT46WF|MOSA7PXNK5UFUF4HT5OP32FC|NY37ZZ7FJKR4SFMLEFVCQCHK,LeMieux|Saddle Pads|Close Contact,https://131790741.cdn6.editmysite.com/uploads/1/3/1/7/131790741/65T7KVQEY7PJA7QRJW226ROR.jpeg,https://www.mags-tack.com/product/cotton-close-contact-square-benetton-blue/G6KWNH4WW74XWZXKHFW66UEU,2024-04-10T23:03:09+00:00,2026-06-29T17:59:05+00:00,2026-07-07T19:33:21+00:00
KDJXBWD726YX3IZBGIAUIA6H,KDJXBWD726YX3IZBGIAUIA6H,5800,MLVTVMXRGXXP3,Dapplebay Shine On Jump Saddle Pad,"Introducing the Shine On Collection, a stunning Show outfit designed for Dapplebay in collaboration with influencer Marina Layton. Featuring a custom star quilting pattern, luxe glitter binding and sparkle trim, breathable mesh spine, and a special non-slip silicone panel featuring the star print. No detail has gone overlooked, from the dirt-repelling top layer, the non-slip underside, and soft yet substantial padding. These pads are incredibly high quality and built to perform! The Full size is ideal for saddles 17&#34; and up, and the Cob size will work for saddles 17&#34; and under.",physical,visible,80,80,$80.00,1,0,1,false,true,false,false,EK637HZAHIV6AJB2MKDCMNY4|MOSA7PXNK5UFUF4HT5OP32FC,Jumper|Saddle Pads,https://131790741.cdn6.editmysite.com/uploads/1/3/1/7/131790741/JTWVOKQWOCJWOLK5KZLZC7RT.png,https://www.mags-tack.com/product/dapplebay-shine-on-jump-saddle-pad/5800,2025-06-05T12:26:20+00:00,2026-06-29T17:59:50+00:00,2026-07-07T19:33:26+00:00
U3DRAZLSXLHAIRPQPNDC6SIS,U3DRAZLSXLHAIRPQPNDC6SIS,5810,MLVTVMXRGXXP3,Dapplebay 1/4 Zip Show Shirt - Long Sleeve,"The Lady Show Top is a refined extension of our best-selling Lady silhouette—designed specifically for the show ring. With its crisp white upper, elegant design, and discreet covered zipper, it offers a clean, polished look that stays perfectly classic under any show coat. Thoughtfully constructed so only white is visible when your jacket is on, this top combines show-day formality with the same cooling, ice-feel fabric and flattering color block design our customers love. Mesh underarms add breathability without compromising on elegance, and the soft cuff finishes the look with comfort and simplicity. Named after my first horse, Fine Lady—the graceful dappled bay Thoroughbred who carried me through Pony Club and into adulthood—this top carries her name with pride. Like Lady herself, it’s poised, timeless, and built to shine in the ring.",physical,visible,60,60,$60.00,28,0,28,false,true,false,false,BVIJQSCQR4F4LRMP3GBM22YS|CVU3XYX4T7QJ435KSIRR66P6|LRR4LH3JFNJ3YCZ763F3EIFU|NORUZ43TJQRMPK3OWDTUSFF7,Women's Show Shirts|Show Essentials|Dapplebay|Show Shirts,https://131790741.cdn6.editmysite.com/uploads/1/3/1/7/131790741/CGGZK3AF34XJPO3LVNRMHXLE.png,https://www.mags-tack.com/product/dapplebay-1-4-zip-show-shirt-long-sleeve/5810,2025-06-05T14:17:32+00:00,2026-06-29T17:59:11+00:00,2026-07-07T19:33:38+00:00
H5KU5ZWOZPFJT5MD6XB765WG,H5KU5ZWOZPFJT5MD6XB765WG,5806,MLVTVMXRGXXP3,Dapplebay 1/4 Zip Show Shirt - Short Sleeve,"he Lady Show Top is a refined extension of our best-selling Lady silhouette—designed specifically for the show ring. With its crisp white upper, elegant design, and discreet covered zipper, it offers a clean, polished look that stays perfectly classic under any show coat. Thoughtfully constructed so only white is visible when your jacket is on, this top combines show-day formality with the same cooling, ice-feel fabric and flattering color block design our customers love. Mesh underarms add breathability without compromising on elegance, and the soft cuff finishes the look with comfort and simplicity. Named after my first horse, Fine Lady—the graceful dappled bay Thoroughbred who carried me through Pony Club and into adulthood—this top carries her name with pride. Like Lady herself, it’s poised, timeless, and built to shine in the ring.",physical,visible,55,55,$55.00,22,0,22,false,true,false,false,BVIJQSCQR4F4LRMP3GBM22YS|CVU3XYX4T7QJ435KSIRR66P6|LRR4LH3JFNJ3YCZ763F3EIFU|NORUZ43TJQRMPK3OWDTUSFF7,Women's Show Shirts|Show Essentials|Dapplebay|Show Shirts,https://131790741.cdn6.editmysite.com/uploads/1/3/1/7/131790741/MPBUNWRGXCW2SZL52UHR4ZIS.png,https://www.mags-tack.com/product/dapplebay-1-4-zip-show-shirt-short-sleeve/5806,2025-06-05T13:31:51+00:00,2026-06-29T17:59:36+00:00,2026-07-07T19:33:22+00:00
DU5PKZ7B6TS6EAXELIIONM5M,DU5PKZ7B6TS6EAXELIIONM5M,5815,MLVTVMXRGXXP3,Dapplebay Get Over It Tee-Charcoal,"The best selling Get Over It design is back on our favorite 100% cotton tee! So soft, and so flattering, this tee will become your new go-to! Wear your regular size tucked in with breeches, or wear it oversize for a chic everyday look. • 100% Cotton • Machine wash cold, inside out • Wash with like colors • Use mild detergent • Do not bleach • Tumble dry low or hang to dry • Warm iron if needed (avoid printed areas)",physical,visible,33,33,$33.00,6,1,6,false,true,false,false,BQZEJQYAWSTYPZT35BGLRZ5Y|LRR4LH3JFNJ3YCZ763F3EIFU|NNQT5ASC7JBOY4TIUBSRIJL4,T-Shirts|Dapplebay|Women's T-shirts,https://131790741.cdn6.editmysite.com/uploads/1/3/1/7/131790741/RFEOWOQ3IXLF6GULOXKWK4SH.jpeg,https://www.mags-tack.com/product/dapplebay-get-over-it-tee-charcoal/5815,2025-06-05T15:07:10+00:00,2026-06-29T17:59:23+00:00,2026-07-07T19:33:21+00:00
YXY4CGLZYAOC77IKLFQNCMPB,YXY4CGLZYAOC77IKLFQNCMPB,YXY4CGLZYAOC77IKLFQNCMPB,MLVTVMXRGXXP3,Dapplebay Lady Quilted Vest,"Introducing the Lady Quilted Vest, the perfect layering piece designed to keep you warm and stylish! This vest is incredibly flattering on its own, featuring quilting that beautifully mimics the elegant lines of our popular Lady Top, creating a streamlined silhouette. With stretch side panels that ensure a perfect fit, and showcasing our seasonal pattern combinations, this vest effortlessly coordinates across all Dapplebay collections.",physical,visible,110,110,$110.00,4,0,4,false,true,false,false,2AW3CPER3S54YIHZPBS4AHAP|LRR4LH3JFNJ3YCZ763F3EIFU|LWDQCZ6IZ4V4AVSK7XRW5MPV,Outerwear|Dapplebay|Women's Outerwear,https://131790741.cdn6.editmysite.com/uploads/1/3/1/7/131790741/U7J7S7IWZULO6G23U7UCJGRD.jpeg,https://www.mags-tack.com/product/dapplebay-lady-quilted-vest/YXY4CGLZYAOC77IKLFQNCMPB,2025-11-13T00:10:08+00:00,2026-06-29T17:59:36+00:00,2026-07-07T19:33:44+00:00
HSWUDTATMXNYEGTYMRCICNLL,HSWUDTATMXNYEGTYMRCICNLL,5811,MLVTVMXRGXXP3,Dapplebay Shine On Show Top - Long Sleeve,"Introducing the Shine On Collection, a stunning Show outfit designed for Dapplebay in collaboration with influencer Marina Layton. A fresh take on our best selling Lady Riding Top, this flattering design has been elevated with an updated silhouette and elegant mesh with a dramatic deep V in back. Elegant details including crystals along the placket are sure to make this set stand out in the arena!",physical,visible,68,68,$68.00,4,1,4,false,true,false,false,BVIJQSCQR4F4LRMP3GBM22YS|CVU3XYX4T7QJ435KSIRR66P6|LRR4LH3JFNJ3YCZ763F3EIFU|NORUZ43TJQRMPK3OWDTUSFF7,Women's Show Shirts|Show Essentials|Dapplebay|Show Shirts,https://131790741.cdn6.editmysite.com/uploads/1/3/1/7/131790741/HAUI6QIPJWDYDS2I3L44HL7C.png,https://www.mags-tack.com/product/dapplebay-shine-on-show-top-long-sleeve/5811,2025-06-05T14:32:51+00:00,2026-06-29T17:59:30+00:00,2026-07-07T19:33:23+00:00
TWIYTBTYZBAZIHMXTDO4G6TY,TWIYTBTYZBAZIHMXTDO4G6TY,5804,MLVTVMXRGXXP3,Dapplebay Shine On Show Top - Short Sleeve,"The Lady Show Top is a refined extension of our best-selling Lady silhouette—designed specifically for the show ring. With its crisp white upper, elegant design, and discreet covered zipper, it offers a clean, polished look that stays perfectly classic under any show coat. Thoughtfully constructed so only white is visible when your jacket is on, this top combines show-day formality with the same cooling, ice-feel fabric and flattering color block design our customers love. Mesh underarms add breathability without compromising on elegance, and the soft cuff finishes the look with comfort and simplicity. Named after my first horse, Fine Lady—the graceful dappled bay Thoroughbred who carried me through Pony Club and into adulthood—this top carries her name with pride. Like Lady herself, it’s poised, timeless, and built to shine in the ring.",physical,visible,65,65,$65.00,5,0,5,false,true,false,false,BVIJQSCQR4F4LRMP3GBM22YS|CVU3XYX4T7QJ435KSIRR66P6|LRR4LH3JFNJ3YCZ763F3EIFU|NORUZ43TJQRMPK3OWDTUSFF7,Women's Show Shirts|Show Essentials|Dapplebay|Show Shirts,https://131790741.cdn6.editmysite.com/uploads/1/3/1/7/131790741/ENLMG3JMUNQZWRZQBTIHDUP2.jpeg,https://www.mags-tack.com/product/dapplebay-shine-on-show-top-short-sleeve/5804,2025-06-05T13:02:23+00:00,2026-06-29T17:59:23+00:00,2026-07-07T19:33:38+00:00
Y5DTHZUNS3EHI7QAPWZ3SWNE,Y5DTHZUNS3EHI7QAPWZ3SWNE,5809,MLVTVMXRGXXP3,Dapplebay Sport Dressage Full Seat Show Breeches,"Designed for both elegance and performance, our Sport Show Breeches feature a timeless silhouette crafted from premium technical fabric. The medium-rise fit and classic tailoring create a flattering look, while the innovative Core Compression Panel offers support, smooths your lines, and keeps shirt tucks hidden. The full grip silicone seat features our signature DB quilting pattern in subtle silver for just a bit of bling, and the black fabric color is flattering. Thoughtful details like a raw-edge ankle and crotch gusset ensure ultimate comfort in and out of the saddle.",physical,visible,100,100,$100.00,3,0,3,false,true,false,false,2IAD6SD5I7I4WKRPMURT6ATW|E4ZGNMKBQUCK7T5MSQYXCT5Y|LRR4LH3JFNJ3YCZ763F3EIFU,Full Seat Breeches|Women's Full Seat Breeches|Dapplebay,https://131790741.cdn6.editmysite.com/uploads/1/3/1/7/131790741/PE46B5OPACK4HNF53EPZKXYO.jpeg,https://www.mags-tack.com/product/dapplebay-sport-dressage-full-seat-show-breeches/5809,2025-06-05T14:11:04+00:00,2026-06-29T17:59:30+00:00,2026-07-07T19:33:42+00:00
QPQFBZAAUP7MDLC4XBQAQHAR,QPQFBZAAUP7MDLC4XBQAQHAR,5796,MLVTVMXRGXXP3,Dapplebay Toile Dressage Pad,"Our all-time best-selling Equestrian Toile design features a timeless pattern, elegantly enhanced with equestrian details for a classic look that never goes out of style. You won&#39;t find it anywhere else because all Dapplebay designs are 100% unique and created in house by founder &amp; designer, Leah. Not only are these pads beautiful to look at, but they are impeccably crafted by our manufacturing partner. No detail has gone overlooked, from the dirt-repelling top layer, the non-slip underside, and soft yet substantial padding. These pads are incredibly high quality and built to perform! The Full size is ideal for saddles 17&#34; and up, and the Cob size will work for saddles 17&#34; and under.",physical,visible,70,70,$70.00,1,0,1,false,true,false,false,EPZPDBQRGQA4CBYNWANJCCNH|LRR4LH3JFNJ3YCZ763F3EIFU|MOSA7PXNK5UFUF4HT5OP32FC,Dressage|Dapplebay|Saddle Pads,https://131790741.cdn6.editmysite.com/uploads/1/3/1/7/131790741/XCZK67T67SYCHJKKYVXDGORM.png,https://www.mags-tack.com/product/dapplebay-toile-dressage-pad/5796,2025-06-05T11:40:19+00:00,2026-06-29T17:59:56+00:00,2026-07-07T19:33:35+00:00
LWF4SS6LBYS2XNG76TMCDKAL,LWF4SS6LBYS2XNG76TMCDKAL,5808,MLVTVMXRGXXP3,Dapplebay Toile Full Seat Compression Breeches,"Crafted with a soft, supportive fabric, our new Compression Breeches offer both comfort and performance. The classic design and high-waisted fit ensure a flattering silhouette, while our innovative Core Compression Panel provides added support, smooths your lines, and hides shirt tucks! Thoughtful details like a raw edge ankle and crotch gusset ensure a comfortable fit. Featuring a subtle tone-on-tone toile silicone grip design on the seat for grip and the perfect compliment to our Equestrian Toile Collection.",physical,visible,100,100,$100.00,2,0,2,false,true,false,false,2IAD6SD5I7I4WKRPMURT6ATW|E4ZGNMKBQUCK7T5MSQYXCT5Y|LRR4LH3JFNJ3YCZ763F3EIFU,Full Seat Breeches|Women's Full Seat Breeches|Dapplebay,https://131790741.cdn6.editmysite.com/uploads/1/3/1/7/131790741/OHFDU7BACZWFSIOHI5ZOJUO4.jpeg,https://www.mags-tack.com/product/dapplebay-toile-full-seat-compression-breeches/5808,2025-06-05T14:06:29+00:00,2026-06-29T17:59:11+00:00,2026-07-07T19:33:27+00:00
VWXVRLKK5RJP3JQOBE7VKG6X,VWXVRLKK5RJP3JQOBE7VKG6X,5795,MLVTVMXRGXXP3,Dapplebay Toile Jump Saddle Pad,"Our all-time best-selling Equestrian Toile design features a timeless pattern, elegantly enhanced with equestrian details for a classic look that never goes out of style. You won&#39;t find it anywhere else because all Dapplebay designs are 100% unique and created in house by founder &amp; designer, Leah. Not only are these pads beautiful to look at, but they are impeccably crafted by our manufacturing partner. No detail has gone overlooked, from the dirt-repelling top layer, the non-slip underside, and soft yet substantial padding. These pads are incredibly high quality and built to perform! The Full size is ideal for saddles 17&#34; and up, and the Cob size will work for saddles 17&#34; and under.",physical,visible,70,70,$70.00,2,0,2,false,true,false,false,EK637HZAHIV6AJB2MKDCMNY4|LRR4LH3JFNJ3YCZ763F3EIFU|MOSA7PXNK5UFUF4HT5OP32FC,Jumper|Dapplebay|Saddle Pads,https://131790741.cdn6.editmysite.com/uploads/1/3/1/7/131790741/WR3J3NQVAX5L4V6ZUEO7REIU.png,https://www.mags-tack.com/product/dapplebay-toile-jump-saddle-pad/5795,2025-06-05T11:29:29+00:00,2026-06-29T17:59:50+00:00,2026-07-07T19:33:40+00:00
MUTJ4EGEXNUKIXINWR2T6LAQ,MUTJ4EGEXNUKIXINWR2T6LAQ,MUTJ4EGEXNUKIXINWR2T6LAQ,MLVTVMXRGXXP3,EIS Adult Sun Shirts,The Original cool shirt by EIS reduces body temperature cooling technology skin protection to UPF 50+ moisture absorbing quick dry anti-microbial travel friendly easy care and great fit,physical,visible,48,48,$48.00,17,0,17,false,true,false,false,5IRDHLAPFD74WOX6W3BYWMZR|6UQYALEI26NDACBAGM37OG3N|DCWEJP3A2QEQLOGT2AI5HX5F,Women's Sunshirts|EIS|Riding Shirts,https://131790741.cdn6.editmysite.com/uploads/1/3/1/7/131790741/LFAVJ6OPAKWQF7HGNJZCYRX7.png,https://www.mags-tack.com/product/eis-adult-sun-shirts/MUTJ4EGEXNUKIXINWR2T6LAQ,2026-04-28T22:15:11+00:00,2026-06-29T17:58:59+00:00,2026-07-07T19:33:29+00:00
TBYJUOJHZDNLIAYXMBQOJEXS,TBYJUOJHZDNLIAYXMBQOJEXS,TBYJUOJHZDNLIAYXMBQOJEXS,MLVTVMXRGXXP3,EIS Kid's Cool Shirt,The Original cool shirt by EIS reduces body temperature cooling technology skin protection to UPF 50+ moisture absorbing quick dry anti-microbial travel friendly easy care and great fit,physical,visible,48,48,$48.00,14,0,14,false,true,false,false,6UQYALEI26NDACBAGM37OG3N|JCAEDBVBGOALFYSOVI2UJKOF|ZSHJKFJ6VNVGDTEPTDFRRAFO,EIS|Kid's Sun Shirts|Riding Shirts,https://131790741.cdn6.editmysite.com/uploads/1/3/1/7/131790741/G4GWUY3YFISQI3OQSFLFKN7T.png,https://www.mags-tack.com/product/eis-kid-s-cool-shirt/TBYJUOJHZDNLIAYXMBQOJEXS,2026-04-28T21:48:24+00:00,2026-06-29T17:59:23+00:00,2026-07-07T19:33:37+00:00
JBRFYEW47VWP7GPFKLWHTNVN,JBRFYEW47VWP7GPFKLWHTNVN,3907,MLVTVMXRGXXP3,Elastic Leather Tab Jod Strap 464093,,physical,visible,9,9,$9.00,5,5,5,false,false,false,false,7DQQE3Z4GWF7XDG5Y4KT5J44|G7VFBHT53S6VWY6C2VKJBGW2,Jodhpur Straps|Jods,,https://www.mags-tack.com/product/elastic-leather-tab-jod-strap-464093/3907,2024-02-02T01:59:01+00:00,2026-06-29T17:59:30+00:00,2026-07-07T19:33:24+00:00
CDXU5Q7ZDOJXSQREZIPVZOGI,CDXU5Q7ZDOJXSQREZIPVZOGI,CDXU5Q7ZDOJXSQREZIPVZOGI,MLVTVMXRGXXP3,Equestro Mens Basic Competition Polo Shirt SS Zip,Men&#39;s slim fit short-sleeved competition polo shirt. Thanks to the technical stretch fabric the garment is practical and comfortable. Breathable: helps regulate body temperature Elastic: promotes a perfect fit Quick-drying thanks to the innovative technical fabric Total UV protection Short sleeves Windproof zip closure Cotton collar Equestro logo graphic on the collar Mesh inserts on the shoulders Machine wash at 30°C Do not bleach Do not tumble dry Iron at a temperature below 150°C Iron inside out Do not dry clean Do not treat with chlorine,physical,visible,165,165,$165.00,5,1,5,false,true,false,false,45AUNSVMFW2NDUGIFZMXNNSJ|MAAOAQUAHDY4V6NA2KYTF5X4|NFE6DGDPJOLTTKCG2Q2VFKL3,Men's Polo Shirts|Equestro|Riding Shirts,https://131790741.cdn6.editmysite.com/uploads/1/3/1/7/131790741/EE4GQNCMLJJGUHEYONCL42IM.jpeg,https://www.mags-tack.com/product/equestro-mens-basic-competition-polo-shirt-ss-zip/CDXU5Q7ZDOJXSQREZIPVZOGI,2026-04-01T22:04:18+00:00,2026-06-29T17:59:23+00:00,2026-07-07T19:33:20+00:00
KAVESMCHZ467ZPBQNWBGWVB6,KAVESMCHZ467ZPBQNWBGWVB6,KAVESMCHZ467ZPBQNWBGWVB6,MLVTVMXRGXXP3,Equestro Mens Micromesh Insert Competition Polo Shirt LS,"Technical competition polo with an elegant and functional design, inspired by the classic shirt . Made from breathable, stretchy technical fabric , it guarantees comfort, freedom of movement, and a flawless fit during competition.The garment features a full front button opening , allowing for easy dressing and a refined look. The long sleeves are finished with structured cuffs and a button closure for a tailored touch and customized adjustment. The collar, also with button fastening, ensures a neat and stable fit even during movement, maintaining a formal style consistent with competition outfit. Breathable mesh inserts on the sides promote ventilation and moisture management, improving comfort even on the busiest days. Completing the design, the tone-on-tone embroidered Equestro logo on the lower left adds a discreet yet distinctive detail, expressing elegance and attention to detail. Machine wash at 30°C Do not bleach Do not tumble dry Iron at a temperature below 150°C Iron inside out Do not dry clean Do not treat with chlorine",physical,visible,215,215,$215.00,7,1,7,false,true,false,false,45AUNSVMFW2NDUGIFZMXNNSJ|MAAOAQUAHDY4V6NA2KYTF5X4|NFE6DGDPJOLTTKCG2Q2VFKL3,Men's Polo Shirts|Equestro|Riding Shirts,https://131790741.cdn6.editmysite.com/uploads/1/3/1/7/131790741/J3Z4XQWPFQPPGJCQWQNOVKUG.jpeg,https://www.mags-tack.com/product/equestro-mens-micromesh-insert-competition-polo-shirt-ls/KAVESMCHZ467ZPBQNWBGWVB6,2026-04-01T22:07:55+00:00,2026-06-29T17:59:17+00:00,2026-07-07T19:33:26+00:00
N7HTDZ4NCIZVA4ASE3KKJZKC,N7HTDZ4NCIZVA4ASE3KKJZKC,N7HTDZ4NCIZVA4ASE3KKJZKC,MLVTVMXRGXXP3,Equestro Mens Technical Training Polo,"Men&#39;s slim fit short-sleeved training polo shirt made of technical fabric with contrasting details . The innovative fabric has a structure that promotes high breathability and optimal performance during competitions. The garment is characterized by a three-button closure and Equestro logo and lettering on the chest and left sleeve. The contrasting inserts of the Equestro lettering on the back and right shoulder not only enhance the minimalist design , but also add a touch of elegance. Equestro Mens Technical Training Polo Hand washable separately Do not wash in organic powder Use pure soap or mild detergent Iron inside out with protective cloth",physical,visible,190,190,$190.00,5,0,5,false,true,false,false,45AUNSVMFW2NDUGIFZMXNNSJ|MAAOAQUAHDY4V6NA2KYTF5X4|NFE6DGDPJOLTTKCG2Q2VFKL3,Men's Polo Shirts|Equestro|Riding Shirts,https://131790741.cdn6.editmysite.com/uploads/1/3/1/7/131790741/7HHA7GQD43NMVXJNNJTGRDYX.jpeg,https://www.mags-tack.com/product/equestro-mens-technical-training-polo/N7HTDZ4NCIZVA4ASE3KKJZKC,2026-04-01T21:54:39+00:00,2026-06-29T17:59:56+00:00,2026-07-07T19:33:29+00:00
LX3OLL5PH274FEAS6JHMJJ2Q,LX3OLL5PH274FEAS6JHMJJ2Q,LX3OLL5PH274FEAS6JHMJJ2Q,MLVTVMXRGXXP3,"Equestro Polo Uomo Manica Corta Tessuto Technico Modello ""Hunt""","Men&#39;s slim fit competition polo shirt in breathable technical fabric . Perfect for competitions, it is suitable for the rider looking for simplicity and refinement. It comes with a 4-button closure and a button-down collar with the Equestro logo. It is also antibacterial and super stretch for optimal comfort and complete freedom of movement. Hand wash Do not tumble dry Do not dry clean Do not deal with chlorine Wash inside out",physical,visible,145,145,$145.00,6,1,6,false,true,false,false,3NW24H75EJAAJ5GLN566CAEZ|MAAOAQUAHDY4V6NA2KYTF5X4|4FCBBW2W24KQSEMDBYHOUSNK,Polos|Equestro,https://131790741.cdn6.editmysite.com/uploads/1/3/1/7/131790741/SAQEZOH7GOVHA2VLBBEQ6TCL.jpeg,https://www.mags-tack.com/product/equestro-polo-uomo-manica-corta-tessuto-technico-modello-hunt-/LX3OLL5PH274FEAS6JHMJJ2Q,2026-04-01T22:14:21+00:00,2026-06-29T17:59:43+00:00,2026-07-07T19:33:27+00:00
SJXVJ4ORJJCLVIDW7RPGYKEG,SJXVJ4ORJJCLVIDW7RPGYKEG,SJXVJ4ORJJCLVIDW7RPGYKEG,MLVTVMXRGXXP3,Equinavia Alexandra Womens Ribbed Training Shirt,"Features: Ribbed fabric has excellent retention and memory, is flattering to all body types and also helps protect against UV rays Perforation on the lower arm for breathability Subtle horse head perforation on upper back is both functional and stylish Body length designed to tuck into breeches comfortably – not so long it bunches and not so short it pops out Silver coil YKK zipper Lightweight 72% nylon, 28% spandex The Equinavia Alexandra Women’s Ribbed Training Shirt blends style and performance seamlessly. This shirt offers durability and flexibility for year-round training. Its ribbed fabric provides optimal retention and ventilation, ensuring a flattering fit while protecting against UV rays. Perforations on the lower arm and back of shirt enhance breathability during intense workouts, while the silver coil YKK zipper ensures durability and ease of use.",physical,visible,115,115,$115.00,19,0,19,false,true,false,false,DCWEJP3A2QEQLOGT2AI5HX5F|FXQH6HKIQQB46J6V24GEHKNN|X6JVVXSLC6SH4FAULVWLNIIU,Riding Shirts|Equinavia|Women's Riding and Functional Shirts,https://131790741.cdn6.editmysite.com/uploads/1/3/1/7/131790741/IY52Y2CF24ONIOU2IFZ2YHW2.jpeg,https://www.mags-tack.com/product/equinavia-alexandra-womens-ribbed-training-shirt/SJXVJ4ORJJCLVIDW7RPGYKEG,2025-10-08T18:47:01+00:00,2026-06-29T17:59:23+00:00,2026-07-07T19:33:36+00:00
YPVODDZZDOMBPTW3YVOPXVJ4,YPVODDZZDOMBPTW3YVOPXVJ4,5356,MLVTVMXRGXXP3,Equinavia Alta All Purpose Saddle Pad Skagen,,physical,visible,25,25,$25.00,5,1,5,false,true,false,false,FXQH6HKIQQB46J6V24GEHKNN|MOSA7PXNK5UFUF4HT5OP32FC|SVFYUCV2QBT6R7TUN6S26J7H,Equinavia|Saddle Pads|General Purpose,https://131790741.cdn6.editmysite.com/uploads/1/3/1/7/131790741/L6CUUM73VS3C2MD22SOGLBPA.jpeg,https://www.mags-tack.com/product/equinavia-alta-all-purpose-saddle-pad-skagen/5356,2024-11-22T23:46:06+00:00,2026-06-29T17:58:52+00:00,2026-07-07T19:33:42+00:00
WRSA46WFBPPZDDVS26IZINAT,WRSA46WFBPPZDDVS26IZINAT,5664,MLVTVMXRGXXP3,Equinavia Anders Men's Full Seat Breeches E36043,"Meryl technical fabric has excellent recovery, is easy-care and long-wearing The cooling fabric is also breathable, moisture-wicking, and quick-drying Two front pockets deep enough for a phone Two back flap pockets with a stylish bottom detail Neutral silicone full seat print Single Gutos closure at waist Lightweight micro-mesh sock bottoms Same fabric as our bestselling women’s Victoria breeches High quality performance breeches for men. The Equinavia Anders Men’s Full Seat Breeches offer a technical, lightweight option designed for warm climates and enhanced performance. Crafted from breathable, high-retention Meryl fabric, these breeches provide superior comfort, durability, and easy-care maintenance. Functional design elements include deep front pockets for a phone, stylish back flap pockets with bottom detailing, and a secure single Gutos waist closure. A neutral silicone print full seat ensures grip, while sock bottoms provide a smooth, streamlined fit under boots.",physical,visible,225,225,$225.00,22,0,22,false,true,false,false,FXQH6HKIQQB46J6V24GEHKNN|PV6RRR6AFXW42O76ARVGIYAM|T5CFMVOC4P7MART5E7FKQ6KH,Equinavia|Full Seat Breeches|Men's Full Seat Breeches,https://131790741.cdn6.editmysite.com/uploads/1/3/1/7/131790741/DLW3VZEGJ3NVCSXUPPCBGU3S.png,https://www.mags-tack.com/product/equinavia-anders-men-s-full-seat-breeches-e36043/5664,2025-03-25T20:46:13+00:00,2026-06-29T17:59:17+00:00,2026-07-07T19:33:41+00:00
3S54XME5TXQRWDQW6O4FCCOC,3S54XME5TXQRWDQW6O4FCCOC,3804,MLVTVMXRGXXP3,Equinavia Astrid Womens Silicone Knee Patch Breeches w Phone Pockets,"The Equinavia Astrid Women&#39;s Silicone Knee Patch Breeches are the perfect choice for riders looking for comfort and functionality. These breeches feature a mid rise waist and are made with breathable material to keep you cool and comfortable during your rides. The silicone knee patches provide extra grip and stability in the saddle. Additionally, these breeches come with convenient phone pockets, allowing you to keep your phone close at hand while riding. Whether you&#39;re training or competing, the Equinavia Astrid Breeches are a stylish and practical choice for any equestrian. Materials &amp; Care 68% transformer-rayon, 27% polyamide, 5% elastane. Care Instructions: Machine wash cold with like colors inside out. Hang dry. No fabric softener.",physical,visible,70,70,$70.00,1,1,1,false,true,false,false,LRZCICSALM2Q2PWQHAUFSMTJ|W7MAKDLNGT62IYQMX3VNYDIL,Knee Patch Breeches|Women's Knee Patch Breeches,https://131790741.cdn6.editmysite.com/uploads/1/3/1/7/131790741/FOVRAG7TMRDATCQNJGYBENF4.jpeg,https://www.mags-tack.com/product/equinavia-astrid-womens-silicone-knee-patch-breeches-w-phone-pockets/3804,2024-02-02T01:58:57+00:00,2026-06-29T17:58:52+00:00,2026-07-07T19:33:10+00:00
4XRNT7OG37O3VDMW3YA2SLZC,4XRNT7OG37O3VDMW3YA2SLZC,5617,MLVTVMXRGXXP3,Equinavia B Vertigo Joelle SS Training Shirt,Equinavia B Vertigo Joelle SS Training Shirt,physical,visible,90,90,$90.00,27,0,27,false,true,false,false,DCWEJP3A2QEQLOGT2AI5HX5F|FXQH6HKIQQB46J6V24GEHKNN|X6JVVXSLC6SH4FAULVWLNIIU,Riding Shirts|Equinavia|Women's Riding and Functional Shirts,https://131790741.cdn6.editmysite.com/uploads/1/3/1/7/131790741/74EA3447ZGICBL64ILGJYCYB.png,https://www.mags-tack.com/product/equinavia-b-vertigo-joelle-ss-training-shirt/5617,2025-03-13T01:05:45+00:00,2026-06-29T17:59:23+00:00,2026-07-11T15:28:19+00:00
ALPHFIBNBMRSDFK44GD7J54F,ALPHFIBNBMRSDFK44GD7J54F,ALPHFIBNBMRSDFK44GD7J54F,MLVTVMXRGXXP3,Equinavia Eidsvoll Forward Cut Shaped English Saddle Pad for Show Jumping with Ultra Fleece Trim,Equinavia Eidsvoll Forward Cut Shaped English Saddle Pad for Show Jumping with Ultra Fleece Trim,physical,visible,100,100,$100.00,10,1,10,false,true,false,false,EK637HZAHIV6AJB2MKDCMNY4|FXQH6HKIQQB46J6V24GEHKNN|MOSA7PXNK5UFUF4HT5OP32FC,Jumper|Equinavia|Saddle Pads,https://131790741.cdn6.editmysite.com/uploads/1/3/1/7/131790741/M43QLYWYIYD5NX3HLH2J4XNR.jpeg,https://www.mags-tack.com/product/equinavia-eidsvoll-forward-cut-shaped-english-saddle-pad-for-show-jumping-with-ultra-fleece-trim/ALPHFIBNBMRSDFK44GD7J54F,2025-09-21T16:54:04+00:00,2026-06-29T17:59:56+00:00,2026-07-07T19:33:20+00:00
KKYDUNJCBVM5LDXGKV6QKCRO,KKYDUNJCBVM5LDXGKV6QKCRO,5510,MLVTVMXRGXXP3,Equinavia Erik Men's F/S Breeches E36008,"High quality technical fabric, breathable, moisture-wicking, and quick-drying Spandex provides stretch for maximum freedom and support while keeping its shape Silicone grip inside to keep shirt neatly tucked in Two front slash functional pockets and two back flap pockets Front zip and Gutos hook slide closure with internal reinforcement to prevent pinching of skin Silicone knee patches with a perfect grip diamond print Ventilated, stretchy, and lightweight micro-mesh sock bottoms The perfect show breech for men with a more relaxed fit. The fabric is high quality technical fabric with a lot of stretch from the spandex and offers moisture-wicking and quick-drying features. Spandex content provides just enough stretch to move with you comfortably and also helps with fabric shape retention and reduces waist gap and saggy knees. The fabric is lightweight, ideal for 3 season wear, and extra comfortable on warmer days. It has two front slash pockets with room for phone and treats along with two back flap pockets. The silicone grip on inner thighs is in a self subtle color for added hold when riding and the silicone grip inside the waist helps to keep shirt neatly tucked in. It features Gutos hook slide closure with internal reinforcement so only fabric touches and there is no hardware to pinch the skin. Durable and stretchy micro-mesh sock bottoms are added for minimal boot bulk. These are a must have!",physical,visible,175,175,$175.00,11,0,11,false,true,false,false,FXQH6HKIQQB46J6V24GEHKNN|PV6RRR6AFXW42O76ARVGIYAM|T5CFMVOC4P7MART5E7FKQ6KH,Equinavia|Full Seat Breeches|Men's Full Seat Breeches,https://131790741.cdn6.editmysite.com/uploads/1/3/1/7/131790741/LJISSG364YMGYFSL2JZ2D2FF.jpeg,https://www.mags-tack.com/product/equinavia-erik-men-s-f-s-breeches-e36008/5510,2025-02-02T20:56:13+00:00,2026-06-29T17:58:52+00:00,2026-07-10T19:33:37+00:00
566UO4TW3YZMMTY522IX4DYL,566UO4TW3YZMMTY522IX4DYL,3813,MLVTVMXRGXXP3,Equinavia Erik Mens Silicone KP Breeches E36006,"The Erik Men’s Show Knee-Patch Breech combines a relaxed fit and a clean look for competition. High-quality technical fabric has plenty of spandex for stretch, maintains its shape, reduces gapping at the waist and helps prevent sagging at the knees. Ideal for three-season wear, the lightweight fabric has moisture-wicking and quick-dry properties to boost your comfort especially on warmer days. Chestnut-colored ultrasuede knee patches complete the look of this traditional tan breech. Silicone grip inside the waistband helps keep your shirt neatly tucked. Key features: Zip fly with hook-slide closure and covered backing. Silicone grip inside waistband to keep shirt neatly tucked. Front slash pockets with room for cellphone. Two back flap pockets. Chestnut ultrasuede knee patches. Micromesh sock bottoms. Imported. Machine wash cold with like colors. For best results and product longevity, hang dry. No bleach. No fabric softener. Silicone will wear better if breeches are washed inside out. 89% micro-nylon/11% spandex.",physical,visible,175,175,$175.00,11,0,11,false,true,false,false,3RP55W4MXL4EZKB3EKKRXSCX|53KF7RG54NRL6S7OM44AREFJ|FXQH6HKIQQB46J6V24GEHKNN,Knee Patch Breeches|Men's Knee Patch Breeches|Equinavia,https://131790741.cdn6.editmysite.com/uploads/1/3/1/7/131790741/RTFJZKG6EKD6Z62PUETC3F7D.jpeg,https://www.mags-tack.com/product/equinavia-erik-mens-silicone-kp-breeches-e36006/3813,2024-02-02T01:58:57+00:00,2026-06-29T17:59:30+00:00,2026-07-07T19:33:16+00:00
C7HTLXNWUZXXII572H4MNGGD,C7HTLXNWUZXXII572H4MNGGD,3646,MLVTVMXRGXXP3,Equinavia Erik Mens Traditional KP Show Breeches E36005,"Equinavia Erik Mens Traditional Knee Patch Show Breeches are the perfect competition breeches for men. Designed with a relaxed fit, these breeches offer a clean look for the show arena. The high-quality technical fabric with spandex provides a lot of stretch, ensuring comfort and ease of movement. The fabric is also moisture-wicking and quick-drying, keeping you dry and comfortable during your rides. With two front slash pockets and two back flap pockets, you have plenty of storage space for your phone and treats. The chestnut-colored Ultrasuede knee patch grip adds a traditional show tan touch, while the silicone grip inside the waist keeps your shirt neatly tucked in. The Gutos hook slide closure with internal reinforcement ensures a secure fit without any hardware that could pinch your skin. The durable and stretchy micromesh sock bottoms minimize boot bulk. These breeches are a must-have for any equestrian.",physical,visible,175,175,$175.00,6,1,6,false,true,false,false,3RP55W4MXL4EZKB3EKKRXSCX|53KF7RG54NRL6S7OM44AREFJ|FXQH6HKIQQB46J6V24GEHKNN,Knee Patch Breeches|Men's Knee Patch Breeches|Equinavia,https://131790741.cdn6.editmysite.com/uploads/1/3/1/7/131790741/NLODSCCAKLMLDEREZYLLSJKS.jpeg,https://www.mags-tack.com/product/equinavia-erik-mens-traditional-kp-show-breeches-e36005/3646,2024-02-02T01:58:57+00:00,2026-06-29T17:58:52+00:00,2026-07-07T19:33:20+00:00
WORR4NSIJCHOHPQQKZDPCH2X,WORR4NSIJCHOHPQQKZDPCH2X,5306,MLVTVMXRGXXP3,Equinavia Greta Kids KP Breeches E36011,"Equinavia Greta Kids Premium Equestrian Riding Pants are specially designed for young riders, offering a blend of comfort, style, and functionality. These pants feature silicone knee patch breeches with a diamond print for added stability and control while riding. Made from a durable and soft fabric mix that repels water and dirt, they ensure long-lasting comfort at the barn. The Euro seat design, functional pockets, and ventilated, stretchy micromesh sock bottoms enhance both style and performance. With a mid-rise fit and thoughtful details for in-saddle comfort, these pants are perfect for young riders looking to excel in equestrian activities.",physical,visible,80,80,$80.00,60,0,60,false,true,false,false,5X5JZVDXTG5JKQYC2IIDNAT7|6G3FPIZS7DALQKLMNU7LLLWV|FXQH6HKIQQB46J6V24GEHKNN,Kid's Knee Patch Breeches|Knee Patch Breeches|Equinavia,https://131790741.cdn6.editmysite.com/uploads/1/3/1/7/131790741/3L2WWF4YQAG3HVJKQBWSWK5F.jpeg,https://www.mags-tack.com/product/equinavia-greta-kids-kp-breeches-e36011/5306,2024-11-04T18:28:47+00:00,2026-06-29T17:58:59+00:00,2026-07-07T19:33:39+00:00
57TTDMHCN6KBHVG7GR3UTAUV,57TTDMHCN6KBHVG7GR3UTAUV,4690,MLVTVMXRGXXP3,Equinavia Ingrid Womens Equestrian Long Sleeved Show Shirt with Cooling Mesh,"The Equinavia Ingrid Women&#39;s Equestrian Long Sleeved Show Shirt with Cooling Mesh is a must-have for any equestrian competitor. This lightweight and breathable shirt features cooling mesh inserts at the front and back shoulders, providing optimal ventilation during intense rides. The contoured body ensures a comfortable fit under a show coat, while the stock tie loop and collar add a touch of elegance. The hidden zipper gives the shirt a neat and clean look. With its combination of style and functionality, the Equinavia Ingrid Show Shirt is the perfect choice for any equestrian event.",physical,visible,70,70,$70.00,2,0,2,false,true,false,false,BVIJQSCQR4F4LRMP3GBM22YS|CVU3XYX4T7QJ435KSIRR66P6|FXQH6HKIQQB46J6V24GEHKNN|NORUZ43TJQRMPK3OWDTUSFF7,Women's Show Shirts|Show Essentials|Equinavia|Show Shirts,https://131790741.cdn6.editmysite.com/uploads/1/3/1/7/131790741/DDPLFD4YRPYYDNP7PRL6HQCC.jpeg,https://www.mags-tack.com/product/equinavia-ingrid-womens-equestrian-long-sleeved-show-shirt-with-cooling-mesh/4690,2024-02-11T19:03:42+00:00,2026-06-29T17:59:56+00:00,2026-07-07T19:33:13+00:00
O3HIRKDPFH2QPO5ZYYEMHVSK,O3HIRKDPFH2QPO5ZYYEMHVSK,5360,MLVTVMXRGXXP3,Equinavia Kristina Womens Knee Patch Breeches,"The Equinavia Kristina Women’s Knee Patch Breeches are a stylish addition to the popular Meryl breech collection. Crafted from durable mid-weight technical Meryl fabric, these breeches offer excellent stretch and recovery. Designed with a mid-rise cut, they provide extra comfort in the saddle, featuring a slightly higher back. The front zip with two Gutos slide closures ensures a secure fit, while lightweight micro-mesh sock bottoms offer breathability. Shimmery tape trim on the front slash pockets, faux back pockets, and back belt loops adds a touch of flair to this functional design. Features: Technical Meryl fabric is hard-wearing with excellent recovery Cooling fabric is breathable, moisture-wicking, and quick-drying Mid-rise cut is slightly higher in the back for in-saddle comfort Front zip with two Gutos slide closures Lightweight micro-mesh sock bottoms Front slash pockets, back faux pockets and the back belt loops are accented with shimmery tape trim Silicone diamond print knee patches Same great fit and fabric as our Victoria and Madeleine breeches Materials &amp; Care 92% meryl nylon, 8% spandex.",physical,visible,200,200,$200.00,6,1,6,false,true,false,false,FXQH6HKIQQB46J6V24GEHKNN|LRZCICSALM2Q2PWQHAUFSMTJ|W7MAKDLNGT62IYQMX3VNYDIL,Equinavia|Knee Patch Breeches|Women's Knee Patch Breeches,https://131790741.cdn6.editmysite.com/uploads/1/3/1/7/131790741/RTBGVEMPP2KUENMUUPRZRGEF.jpeg,https://www.mags-tack.com/product/equinavia-kristina-womens-knee-patch-breeches/5360,2024-11-23T00:02:06+00:00,2026-06-29T17:59:11+00:00,2026-07-07T19:33:31+00:00
FGWALNKZPCASOEAWTKI4K4Q2,FGWALNKZPCASOEAWTKI4K4Q2,3816,MLVTVMXRGXXP3,Equinavia Lars Mens Equestrian Short Sleeved Show Shirt E32006,"The Lars Men’s Short Sleeve Show Shirt delivers all the features you need in a competition shirt, at a great value. Lightweight, breathable piqué fabric makes it comfortable to wear. Key features: Button-down collar. Polo-shirt style button quarter-placket. Tie loop. Side vents at hem. Discreet branding. Imported. Machine wash cold with like colors. Tumble dry low/cool or hang. 100% poly.",physical,visible,75,75,$75.00,2,0,2,false,true,false,false,2U4UOEOJ53CDF3YY6TGHCYPD|CVU3XYX4T7QJ435KSIRR66P6|FXQH6HKIQQB46J6V24GEHKNN|G3FY4ICWVCRIXW3RWPAO63BZ,Men’s Show Shirts|Show Essentials|Equinavia|Show Shirts,https://131790741.cdn6.editmysite.com/uploads/1/3/1/7/131790741/WABXIJ64I7KTTZXOWPFIX4VQ.jpeg,https://www.mags-tack.com/product/equinavia-lars-mens-equestrian-short-sleeved-show-shirt-e32006/3816,2024-02-02T01:58:41+00:00,2026-06-29T17:59:30+00:00,2026-07-07T19:33:22+00:00
DYMDWM32O4G7M3ONSFAE7KBR,DYMDWM32O4G7M3ONSFAE7KBR,5734,MLVTVMXRGXXP3,Equinavia Lena Kids KP Pull On Breeches,Equinavia Lena Kids KP Pull On Breeches,physical,visible,60,60,$60.00,31,0,31,false,true,false,false,6G3FPIZS7DALQKLMNU7LLLWV|CAUEHBSF3L33JHPQC5PHDTJZ|FXQH6HKIQQB46J6V24GEHKNN,Knee Patch Breeches|Kid's Pull Ons|Equinavia,https://131790741.cdn6.editmysite.com/uploads/1/3/1/7/131790741/FN62SU7TIRS5KOJDLB7LRH3T.png,https://www.mags-tack.com/product/equinavia-lena-kids-kp-pull-on-breeches/5734,2025-04-17T22:38:36+00:00,2026-06-29T17:58:52+00:00,2026-07-07T19:33:22+00:00
5DKZRDL7YS5SBKWURL7HLE5Q,5DKZRDL7YS5SBKWURL7HLE5Q,4688,MLVTVMXRGXXP3,Equinavia Martha Womens Equestrian Long Sleeved Show Shirt,,physical,visible,90,90,$90.00,3,0,3,false,true,false,false,BVIJQSCQR4F4LRMP3GBM22YS|CVU3XYX4T7QJ435KSIRR66P6|FXQH6HKIQQB46J6V24GEHKNN|NORUZ43TJQRMPK3OWDTUSFF7,Women's Show Shirts|Show Essentials|Equinavia|Show Shirts,https://131790741.cdn6.editmysite.com/uploads/1/3/1/7/131790741/5L36OKFJMZ3XBDVUZT7IZALZ.jpeg,https://www.mags-tack.com/product/equinavia-martha-womens-equestrian-long-sleeved-show-shirt/4688,2024-02-11T19:00:28+00:00,2026-06-29T17:59:50+00:00,2026-07-07T19:33:13+00:00
UVTTACUHBCUSUNDJ4X3PRSMA,UVTTACUHBCUSUNDJ4X3PRSMA,5361,MLVTVMXRGXXP3,Equinavia Mens SS Show Shirt Haakon,"The Haakon Show Shirt is the go-to shirt for men showing. It features a button down collar with covered 4 button placket. It has a tie loop for show days. It is comfortable for warmer days as it is short sleeve and has an extra lightweight perforated navy blue fabric in the back for extra breathability. It is solid white for a traditional look. It is fitted for wear under a coat but can also wear the collar open for casual look after competition. Features: The Haakon shirt features a button down collar with covered 4 button placket with a tie loop for show days Front of shirt is white for traditional look Short sleeves and back are an extra lightweight perforated fabric in navy blue for added breathability Slightly fitted for wear under a coat, but can also wear the collar open for a more casual look after competition 100% polyester Care Instructions: Machine wash cold with like colors. Tumble dry low.",physical,visible,75,75,$75.00,4,1,4,false,true,false,false,2U4UOEOJ53CDF3YY6TGHCYPD|CVU3XYX4T7QJ435KSIRR66P6|FXQH6HKIQQB46J6V24GEHKNN|G3FY4ICWVCRIXW3RWPAO63BZ,Men’s Show Shirts|Show Essentials|Equinavia|Show Shirts,https://131790741.cdn6.editmysite.com/uploads/1/3/1/7/131790741/MD3OKY3C725ZMOYHA5DNLNAA.jpeg,https://www.mags-tack.com/product/equinavia-mens-ss-show-shirt-haakon/5361,2024-11-23T00:05:59+00:00,2026-06-29T17:59:50+00:00,2026-07-07T19:33:38+00:00
VTUAFDR3R7TDMYZQUR3LMS23,VTUAFDR3R7TDMYZQUR3LMS23,5737,MLVTVMXRGXXP3,Equinavia Mina Womens Short Sleeve Training Shirt,"This women’s training shirt combines sporty design with high functionality. The flattering front seams create a stylish and feminine silhouette. Made from breathable and stretchable fabric for maximum comfort and freedom of movement. The half zipper allows for easy temperature regulation. The functional material ensures moisture-wicking properties, making it ideal for training. Easy-care and quick-dry fabric for everyday use.",physical,visible,60,60,$60.00,18,0,18,false,true,false,false,DCWEJP3A2QEQLOGT2AI5HX5F|FXQH6HKIQQB46J6V24GEHKNN|X6JVVXSLC6SH4FAULVWLNIIU,Riding Shirts|Equinavia|Women's Riding and Functional Shirts,https://131790741.cdn6.editmysite.com/uploads/1/3/1/7/131790741/TQMOXDNXIHRWI65LB3S54SPM.jpeg,https://www.mags-tack.com/product/equinavia-mina-womens-short-sleeve-training-shirt/5737,2025-04-17T23:05:28+00:00,2026-06-29T17:59:11+00:00,2026-07-07T19:33:40+00:00
JUTFZP4GCI33PDBCIUZALLQZ,JUTFZP4GCI33PDBCIUZALLQZ,4503,MLVTVMXRGXXP3,Equinavia Victoria Womens Silicone Full Seat Breeches,"The Equinavia Victoria Womens Silicone Full Seat Breeches are made of high quality technical fabric that is breathable, moisture-wicking, and quick-drying. Spandex provides stretch for maximum freedom and support while keeping its shape. Silicone grip offers ultimate security in the saddle, while mesh at the lower legs keeps you cool and streamlined underneath the boots. Finished with a silver lurex logo on the left pocket as well as silver piping and crystals on the front pocket and the back fake pocket will make you stand out in the ring.The Equinavia Victoria Womens Silicone Full Seat Breeches are made of high quality technical fabric that is breathable, moisture-wicking, and quick-drying. Spandex provides stretch for maximum freedom and support while keeping its shape. Silicone grip offers ultimate security in the saddle, while mesh at the lower legs keeps you cool and streamlined underneath the boots. Finished with a silver lurex logo on the left pocket as well as silver piping and crystals on the front pocket and the back fake pocket will make you stand out in the ring. Materials &amp; Care 92% meryl nylon, 8% spandex. Care Instructions: Machine wash cold with like colors inside out. Hang dry. No fabric softener.",physical,visible,205,205,$205.00,30,0,30,false,true,false,false,2IAD6SD5I7I4WKRPMURT6ATW|E4ZGNMKBQUCK7T5MSQYXCT5Y|FXQH6HKIQQB46J6V24GEHKNN,Full Seat Breeches|Women's Full Seat Breeches|Equinavia,https://131790741.cdn6.editmysite.com/uploads/1/3/1/7/131790741/RO2FGRBH2NOQYGBYLRJRIHJF.jpeg,https://www.mags-tack.com/product/equinavia-victoria-womens-silicone-full-seat-breeches/4503,2024-02-02T01:58:53+00:00,2026-06-29T17:59:11+00:00,2026-07-07T19:33:25+00:00
ZRLBV6BTL3762I7ZT4UCTRQW,ZRLBV6BTL3762I7ZT4UCTRQW,3582,MLVTVMXRGXXP3,Equinavia Victoria Womens Silicone Knee Patch Breeches E36014,"The Equinavia Victoria Womens Silicone Knee Patch Breeches are elegant and functional breeches designed for riders. Made of high quality technical fabric, these breeches are breathable, moisture-wicking, and quick-drying, ensuring comfort during long rides. The spandex material provides stretch for maximum freedom and support while maintaining its shape. The silicone grip knee patches offer ultimate security in the saddle, while the mesh at the lower legs keeps you cool and streamlined underneath your boots. With silver lurex logo, silver piping, and crystals on the front and back pockets, these breeches add a touch of elegance to your riding attire.",physical,visible,175,180,$175.00,26,0,26,false,true,false,false,FXQH6HKIQQB46J6V24GEHKNN|LRZCICSALM2Q2PWQHAUFSMTJ|W7MAKDLNGT62IYQMX3VNYDIL,Equinavia|Knee Patch Breeches|Women's Knee Patch Breeches,https://131790741.cdn6.editmysite.com/uploads/1/3/1/7/131790741/EACKWZU6K4VLPM4ISP3I3WLW.jpeg,https://www.mags-tack.com/product/equinavia-victoria-womens-silicone-knee-patch-breeches-e36014/3582,2024-02-02T01:58:57+00:00,2026-06-29T17:59:23+00:00,2026-07-07T19:33:44+00:00
ZL2EVOK3OS74KRXDVXSBLNRJ,ZL2EVOK3OS74KRXDVXSBLNRJ,ZL2EVOK3OS74KRXDVXSBLNRJ,MLVTVMXRGXXP3,Equine Couture Ladies IceFill Sun Shirt 110914,"The Equine Couture Ladies IceFill Sun Shirt is a must-have for equestrians looking to combine style and functionality in their riding apparel. This shirt is designed to keep you cool during intense riding sessions, thanks to its innovative IceFill technology. With a UPF factor of 50, it offers superior sun protection, making it ideal for outdoor activities. Whether you&#39;re at a show or training at home, this shirt ensures you stay comfortable and protected while exuding elegance and grace.",physical,visible,42,42,$42.00,34,0,34,false,true,false,false,5IRDHLAPFD74WOX6W3BYWMZR|DCWEJP3A2QEQLOGT2AI5HX5F,Women's Sunshirts|Riding Shirts,https://131790741.cdn6.editmysite.com/uploads/1/3/1/7/131790741/55UY5UKUSOTKVXLF26BLDW3S.jpeg,https://www.mags-tack.com/product/equine-couture-ladies-icefill-sun-shirt-110914/ZL2EVOK3OS74KRXDVXSBLNRJ,2024-09-05T21:49:57+00:00,2026-06-29T17:58:59+00:00,2026-07-07T19:33:44+00:00
FHIJKUHB54FSB42ZVKRVVAKM,FHIJKUHB54FSB42ZVKRVVAKM,FHIJKUHB54FSB42ZVKRVVAKM,MLVTVMXRGXXP3,Equitation Tech Long Sleeve Top,"Your favorite schooling top—without the fancy price tag. Sweat-wicking, four-way stretch, and zero logos so your equitation can do the talking.",physical,visible,45,45,$45.00,85,3,85,false,true,false,false,DCWEJP3A2QEQLOGT2AI5HX5F|X6JVVXSLC6SH4FAULVWLNIIU,Riding Shirts|Women's Riding and Functional Shirts,https://131790741.cdn6.editmysite.com/uploads/1/3/1/7/131790741/JBJYT7QWFIZAJE7M2ZJTDIXK.png,https://www.mags-tack.com/product/equitation-tech-long-sleeve-top/FHIJKUHB54FSB42ZVKRVVAKM,2026-02-06T00:18:43+00:00,2026-06-29T17:58:52+00:00,2026-07-07T19:33:21+00:00
TTRQZH42QKFRLDOQSOSNDCKQ,TTRQZH42QKFRLDOQSOSNDCKQ,5765,MLVTVMXRGXXP3,ERS Imperial Dressage Pad 23S x 21D,ERS Imperial Dressage Pad 23S x 21D,physical,visible,42,42,$42.00,5,2,5,false,true,false,false,EPZPDBQRGQA4CBYNWANJCCNH|MOSA7PXNK5UFUF4HT5OP32FC,Dressage|Saddle Pads,https://131790741.cdn6.editmysite.com/uploads/1/3/1/7/131790741/XX54QY7PFLMV3Q2GZFURAPKR.jpeg,https://www.mags-tack.com/product/ers-imperial-dressage-pad-23s-x-21d/5765,2025-05-08T23:26:38+00:00,2026-06-29T17:59:56+00:00,2026-07-07T19:33:38+00:00
BZA543OJZXXB72LA7DVUSUIX,BZA543OJZXXB72LA7DVUSUIX,4158,MLVTVMXRGXXP3,ERS OV Dynamic Mens KP Breeches 475142,"The Ovation Men&#39;s Dynamic Knee Patch Breeches are designed with superior performance fabric to create a dynamic, durable construction to provide riders with a figure-flattering fit, and ultimate freedom of movement! Complete with front and back pockets, these men&#39;s breeches will bring you the confidence you need for every ride.",physical,visible,150,150,$150.00,3,1,3,false,true,false,false,3RP55W4MXL4EZKB3EKKRXSCX|53KF7RG54NRL6S7OM44AREFJ,Knee Patch Breeches|Men's Knee Patch Breeches,https://131790741.cdn6.editmysite.com/uploads/1/3/1/7/131790741/4M5FJWQGZ5XBSTZFPVGY6JEH.png,https://www.mags-tack.com/product/ers-ov-dynamic-mens-kp-breeches-475142/4158,2024-02-02T01:58:45+00:00,2026-06-29T17:59:50+00:00,2026-07-07T19:33:20+00:00
C3Z32LYOGGNWE5LVSZXJXKJE,C3Z32LYOGGNWE5LVSZXJXKJE,4627,MLVTVMXRGXXP3,ERS Ovation Airflex Mens Show Coat 475153,Ovation Men&#39;s Airflex Show Coat - Made in Airflex ultra mesh stretch performance fabric that is lightweight and offers superior breathability for core comfort in warm weather. Three button front with hidden zipper closure creates smooth front. The double back vents and unlined construction allows for maximum freedom of movement. Show ring style at an attainable price.,physical,visible,205,205,$205.00,3,0,3,false,true,false,false,CVU3XYX4T7QJ435KSIRR66P6|FW7X7GL6Q345S2SRZEIZWBHD|JP4XIXQNCW4325J3F5K62KZQ,Show Essentials|Show Jackets|Men's Show Jackets,https://131790741.cdn6.editmysite.com/uploads/1/3/1/7/131790741/OSNQVK6L3TCLBFCP6RY3FSF5.jpeg,https://www.mags-tack.com/product/ers-ovation-airflex-mens-show-coat-475153/4627,2024-02-09T21:44:23+00:00,2026-06-29T17:59:50+00:00,2026-07-07T19:33:20+00:00
TPPRFARIR2U5TMFS5ZO2CHMD,TPPRFARIR2U5TMFS5ZO2CHMD,3838,MLVTVMXRGXXP3,ERS Romfh Child Sarah LS Show Shirt 469856,ERS Romfh Child Sarah LS Show Shirt 469856,physical,visible,80,80,$80.00,85,1,85,false,true,false,false,AIXPB3HQ7FR57A5FZ2MS5VSZ|C45LA4PJ3EWGDLRRPJOIK4IF|CVU3XYX4T7QJ435KSIRR66P6,Show Shirts|Kid's Show Shirts|Show Essentials,https://131790741.cdn6.editmysite.com/uploads/1/3/1/7/131790741/FKRNRY4PP5EHK2ONS6OXBDFU.png,https://www.mags-tack.com/product/ers-romfh-child-sarah-ls-show-shirt-469856/3838,2024-02-02T01:59:01+00:00,2026-06-29T17:58:52+00:00,2026-07-07T19:33:38+00:00
UQG5KFLLFMOWCEATDFY66CPG,UQG5KFLLFMOWCEATDFY66CPG,4481,MLVTVMXRGXXP3,ERS Romfh Mens LS Polo 470344,"Great fit in an easy snap-front polo! Perfect for schooling, or with the crisp, button down woven collar and tie tack, it is also appropriate for the show ring. Made of our custom Cool-touch™ microfiber with Chill-factor™ cooling fabric, treated with POWERFRESH(TM), an antimicrobial treatment to keep your shirt smelling fresh. Size 44",physical,visible,90,90,$90.00,2,2,2,false,true,false,false,45AUNSVMFW2NDUGIFZMXNNSJ|NFE6DGDPJOLTTKCG2Q2VFKL3,Men's Polo Shirts|Riding Shirts,https://131790741.cdn6.editmysite.com/uploads/1/3/1/7/131790741/WJZ2F4LAD6BKLHEYEWKOWIAM.jpeg,https://www.mags-tack.com/product/ers-romfh-mens-ls-polo-470344/4481,2024-02-02T01:58:53+00:00,2026-06-29T17:59:30+00:00,2026-07-07T19:33:38+00:00
UNBEPRGNVP24T43X5KNKZOUG,UNBEPRGNVP24T43X5KNKZOUG,5689,MLVTVMXRGXXP3,ERS Romfh Sarah SS Show Shirt 470091,ERS Romfh Sarah SS Show Shirt 470091,physical,visible,80,80,$80.00,7,0,7,false,true,false,false,BVIJQSCQR4F4LRMP3GBM22YS|CVU3XYX4T7QJ435KSIRR66P6|NORUZ43TJQRMPK3OWDTUSFF7,Women's Show Shirts|Show Essentials|Show Shirts,https://131790741.cdn6.editmysite.com/uploads/1/3/1/7/131790741/PAQS3FIHNGCIHNSNVTZUSRFY.png,https://www.mags-tack.com/product/ers-romfh-sarah-ss-show-shirt-470091/5689,2025-03-30T20:44:15+00:00,2026-06-29T17:59:43+00:00,2026-07-07T19:33:38+00:00
VXMCFIBK5BBBBKYEO35WYGU3,VXMCFIBK5BBBBKYEO35WYGU3,4628,MLVTVMXRGXXP3,ERS Romfh Umber Mens Argento Knee Gripi Breeches 475244,"Men&#39;s Romfh Argento Knee Grip Breeches have a comfortable, no-fuss fit and premium technical fabric for performance. The Argento Breech has a classic look with flap back pockets and subtle X-print silicone knee patches. The Romfh Argento is from the Silver Label collection of the strongest breeches that are perfect for schooling and frequent use. Argento Knee Grip Breeches from Romfh Equestrian are made with premium stretch woven microfiber. The Cool Touch fabric is smoothing, wicking, fast drying, and has excellent shape retention. The men&#39;s hunter-jumper breech has a Lycra sock bottom that minimizes pressure while accommodating a wide range of calf sizes. Romfh Argento Knee Grip Breeches are ready to deliver cooling comfort and durable performance with the flattering fit Romfh does so well. Features: 2-Hook and Zipper Closure Machine Wash, Hang Dry 62% MicroNylon/29% Viscose/9% Spandex",physical,visible,160,160,$160.00,6,1,6,false,true,false,false,3RP55W4MXL4EZKB3EKKRXSCX|53KF7RG54NRL6S7OM44AREFJ,Knee Patch Breeches|Men's Knee Patch Breeches,https://131790741.cdn6.editmysite.com/uploads/1/3/1/7/131790741/WMCB7GZH53POGILNGET5INPI.jpeg,https://www.mags-tack.com/product/ers-romfh-umber-mens-argento-knee-gripi-breeches-475244/4628,2024-02-09T21:53:11+00:00,2026-06-29T17:59:43+00:00,2026-07-07T19:33:39+00:00
57JWS2G3PRIHSNNAZ6JVE3ZS,57JWS2G3PRIHSNNAZ6JVE3ZS,4662,MLVTVMXRGXXP3,Espoir Dresses Gold Cheval,A beautifully fitted sport and leisure dress made from a technical fabric designed to keep you cool and comfortable. A mandarin collar and signature Espoir golden zip puller adds finishing details to this versatile dress. The dress has two front pockets designed to be big enough to easily store a phone or accessories.,physical,visible,150,150,$150.00,2,0,2,false,true,false,false,MOKE2AUZ36OLGUENGDBDTDBG|OEJ6KAQEX663ECXHBZOEEINX|PB7ZKXXADRXZZVG6NNVL2DNC,Espoir|Women's Dresses|Dresses,https://131790741.cdn6.editmysite.com/uploads/1/3/1/7/131790741/GVULLZXJOA6N7KDYIKLCYKGB.jpeg,https://www.mags-tack.com/product/espoir-dresses-gold-cheval/4662,2024-02-10T19:05:42+00:00,2026-06-29T17:59:11+00:00,2026-07-07T19:33:14+00:00
RKVHOGSUMPNBTMIHZEL74CPT,RKVHOGSUMPNBTMIHZEL74CPT,4663,MLVTVMXRGXXP3,Espoir Dresses Grande Horse,A beautifully fitted sport and leisure dress made from a technical fabric designed to keep you cool and comfortable. A mandarin collar and signature Espoir golden zip puller adds finishing details to this versatile dress. The dress has two front pockets designed to be big enough to easily store a phone or accessories.,physical,visible,150,150,$150.00,1,0,1,false,true,false,false,MOKE2AUZ36OLGUENGDBDTDBG|OEJ6KAQEX663ECXHBZOEEINX|PB7ZKXXADRXZZVG6NNVL2DNC,Espoir|Women's Dresses|Dresses,https://131790741.cdn6.editmysite.com/uploads/1/3/1/7/131790741/NSHZLKI3WT22NVSEZVDUFCMJ.jpeg,https://www.mags-tack.com/product/espoir-dresses-grande-horse/4663,2024-02-10T19:06:14+00:00,2026-06-29T17:59:50+00:00,2026-07-07T19:33:36+00:00
IHPMTAYYQVS3TSG3ACUYCEXQ,IHPMTAYYQVS3TSG3ACUYCEXQ,4665,MLVTVMXRGXXP3,Espoir Dresses Melange Bit,A beautifully fitted sport and leisure dress made from a technical fabric designed to keep you cool and comfortable. A mandarin collar and signature Espoir golden zip puller adds finishing details to this versatile dress. The dress has two front pockets designed to be big enough to easily store a phone or accessories.,physical,visible,150,150,$150.00,1,0,1,false,true,false,false,MOKE2AUZ36OLGUENGDBDTDBG|OEJ6KAQEX663ECXHBZOEEINX|PB7ZKXXADRXZZVG6NNVL2DNC,Espoir|Women's Dresses|Dresses,https://131790741.cdn6.editmysite.com/uploads/1/3/1/7/131790741/T5T6FDHD2A75GTEB4SSNCPSC.jpeg,https://www.mags-tack.com/product/espoir-dresses-melange-bit/4665,2024-02-10T19:07:21+00:00,2026-06-29T17:59:36+00:00,2026-07-07T19:33:23+00:00
YZAQDNFUPJTXBJWGCMDXE5JP,YZAQDNFUPJTXBJWGCMDXE5JP,4661,MLVTVMXRGXXP3,Espoir Dresses Navy Magic,A beautifully fitted sport and leisure dress made from a technical fabric designed to keep you cool and comfortable. A mandarin collar and signature Espoir golden zip puller adds finishing details to this versatile dress. The dress has two front pockets designed to be big enough to easily store a phone or accessories.,physical,visible,150,150,$150.00,2,0,2,false,true,false,false,MOKE2AUZ36OLGUENGDBDTDBG|OEJ6KAQEX663ECXHBZOEEINX|PB7ZKXXADRXZZVG6NNVL2DNC,Espoir|Women's Dresses|Dresses,https://131790741.cdn6.editmysite.com/uploads/1/3/1/7/131790741/R4ZMKVD7Q4H2MXTTUVV4TCDM.jpeg,https://www.mags-tack.com/product/espoir-dresses-navy-magic/4661,2024-02-10T19:05:11+00:00,2026-06-29T17:59:50+00:00,2026-07-07T19:33:43+00:00
7CG7LSHWTQDYEIY4LUUS3V3H,7CG7LSHWTQDYEIY4LUUS3V3H,4664,MLVTVMXRGXXP3,Espoir Dresses Running Horse Navy,A beautifully fitted sport and leisure dress made from a technical fabric designed to keep you cool and comfortable. A mandarin collar and signature Espoir golden zip puller adds finishing details to this versatile dress. The dress has two front pockets designed to be big enough to easily store a phone or accessories.,physical,visible,150,150,$150.00,3,0,3,false,true,false,false,MOKE2AUZ36OLGUENGDBDTDBG|OEJ6KAQEX663ECXHBZOEEINX|PB7ZKXXADRXZZVG6NNVL2DNC,Espoir|Women's Dresses|Dresses,https://131790741.cdn6.editmysite.com/uploads/1/3/1/7/131790741/4UJCRQ6RJUOGHVP52YYZMDBV.jpeg,https://www.mags-tack.com/product/espoir-dresses-running-horse-navy/4664,2024-02-10T19:06:50+00:00,2026-06-29T17:59:36+00:00,2026-07-07T19:33:18+00:00
GKHHQ5HKO6R2JS4CX5HOAHW5,GKHHQ5HKO6R2JS4CX5HOAHW5,5190,MLVTVMXRGXXP3,HKM 14970 Men's Riding Gloves - Liam,elasticated insert reinforcement of reins touchscreen compatible,physical,visible,46,46,$46.00,7,1,7,false,true,false,false,6ORV3QYKJAGYRO2QSVBYGW54|JJUQT7FQSMFJKZYT2UT6BMY3,Gloves,https://131790741.cdn6.editmysite.com/uploads/1/3/1/7/131790741/TWTFAL5YIUDYGYRS3KATTTSE.jpeg,https://www.mags-tack.com/product/hkm-14970-men-s-riding-gloves-liam/5190,2024-09-24T00:28:45+00:00,2026-06-29T17:59:50+00:00,2026-07-07T19:33:22+00:00
ISUC7N54IUDPV374T3PF5LMO,ISUC7N54IUDPV374T3PF5LMO,5609,MLVTVMXRGXXP3,HKM 15086 Nele Saddle Cloth,HKM 15086 Nele Saddle Cloth,physical,visible,60,60,$60.00,1,0,1,false,true,false,false,7EXK66N6ENJVFZVEPERPZGLE|MOSA7PXNK5UFUF4HT5OP32FC,Saddle Pads|Saddle Pads,https://131790741.cdn6.editmysite.com/uploads/1/3/1/7/131790741/IKFQZMPNXS7PTR2YMDRPZINK.jpeg,https://www.mags-tack.com/product/hkm-15086-nele-saddle-cloth/5609,2025-03-08T00:21:38+00:00,2026-06-29T17:59:30+00:00,2026-07-07T19:33:24+00:00
YKYXWX7PJIEJQYH5CWKJYOGA,YKYXWX7PJIEJQYH5CWKJYOGA,5565,MLVTVMXRGXXP3,HKM 15142 GP Saddle Cloth - Amalfi Sportive,,physical,visible,68,68,$68.00,3,0,3,false,true,false,false,MOSA7PXNK5UFUF4HT5OP32FC|SVFYUCV2QBT6R7TUN6S26J7H,Saddle Pads|General Purpose,,https://www.mags-tack.com/product/hkm-15142-gp-saddle-cloth-amalfi-sportive/5565,2025-02-15T14:27:36+00:00,2026-06-29T17:58:59+00:00,2026-07-07T19:33:42+00:00
UOQHRGKJZTGSVFGCQHSFW6QY,UOQHRGKJZTGSVFGCQHSFW6QY,4968,MLVTVMXRGXXP3,HKM AP Saddle Cloth -Bologna General Purpose,"The HKM Saddle Cloth -Bologna is a high-quality saddle cloth designed for ponies. The saddle cloth is made by HKM, a trusted brand in equestrian products. This saddle cloth is not only functional but also adds a touch of style to your equestrian gear.",physical,visible,44,44,$44.00,17,0,17,false,true,false,false,MOSA7PXNK5UFUF4HT5OP32FC|SVFYUCV2QBT6R7TUN6S26J7H,Saddle Pads|General Purpose,https://131790741.cdn6.editmysite.com/uploads/1/3/1/7/131790741/3TNUWHZ7IESU6ES6JUUDFQP2.jpeg,https://www.mags-tack.com/product/hkm-ap-saddle-cloth-bologna-general-purpose/4968,2024-05-28T13:45:57+00:00,2026-07-07T01:41:26+00:00,2026-07-07T19:33:39+00:00
J45GFPSZIVD7CWLT4MY6BKYH,J45GFPSZIVD7CWLT4MY6BKYH,3581,MLVTVMXRGXXP3,HKM AP Saddle Cloth GP - Essentials 14685,"The HKM AP Saddle Cloth GP - Essentials is designed for durability and comfort, making it a practical choice for everyday use. Crafted from high-quality materials, it ensures long-lasting performance while providing optimal comfort for your horse. Available in a wide range of colors, this general-purpose saddle cloth allows you to match your riding gear effortlessly. Its versatile design is suitable for various riding disciplines, meeting the needs of equestrians at all levels.",physical,visible,66,66,$66.00,27,0,27,false,true,false,false,MOSA7PXNK5UFUF4HT5OP32FC|SVFYUCV2QBT6R7TUN6S26J7H,Saddle Pads|General Purpose,https://131790741.cdn6.editmysite.com/uploads/1/3/1/7/131790741/HY56RMKR64CSGRZ2BFZFNVEQ.jpeg,https://www.mags-tack.com/product/hkm-ap-saddle-cloth-gp-essentials-14685/3581,2024-02-02T01:58:35+00:00,2026-07-07T00:14:47+00:00,2026-07-07T19:33:24+00:00
2JH2F63WEH6CHAGN5GZ3EEOR,2JH2F63WEH6CHAGN5GZ3EEOR,3524,MLVTVMXRGXXP3,HKM Aria AP Saddle Pad 13327,"The HKM Aria Saddle Pad is a versatile and high-quality accessory for your horse riding needs. This saddle pad is designed to provide comfort and support to both the horse and rider. It is made with durable materials that ensure long-lasting performance. The gray color adds a stylish touch to your equestrian ensemble. Whether you are training, competing, or simply enjoying a leisurely ride, the HKM Aria Saddle Pad is the perfect choice for any equestrian enthusiast.",physical,visible,76,76,$76.00,2,0,2,false,true,false,false,MOSA7PXNK5UFUF4HT5OP32FC|SVFYUCV2QBT6R7TUN6S26J7H,Saddle Pads|General Purpose,https://131790741.cdn6.editmysite.com/uploads/1/3/1/7/131790741/BYEMCFFBHMM4YWZIXPF5GEBX.jpeg,https://www.mags-tack.com/product/hkm-aria-ap-saddle-pad-13327/3524,2024-02-02T01:58:57+00:00,2026-07-06T23:39:54+00:00,2026-07-07T19:33:11+00:00
7ABKNWZ6JPTTE2TL7MTOAVXU,7ABKNWZ6JPTTE2TL7MTOAVXU,3887,MLVTVMXRGXXP3,HKM Aria Dressage Saddle Pad,"The HKM Aria Saddle Pad is a versatile and high-quality accessory for your horse riding needs. This saddle pad is designed to provide comfort and support to both the horse and rider. It is made with durable materials that ensure long-lasting performance. The gray color adds a stylish touch to your equestrian ensemble. Whether you are training, competing, or simply enjoying a leisurely ride, the HKM Aria Saddle Pad is the perfect choice for any equestrian enthusiast.",physical,visible,76,76,$76.00,2,0,2,false,true,false,false,EPZPDBQRGQA4CBYNWANJCCNH|MOSA7PXNK5UFUF4HT5OP32FC,Dressage|Saddle Pads,https://131790741.cdn6.editmysite.com/uploads/1/3/1/7/131790741/BYEMCFFBHMM4YWZIXPF5GEBX.jpeg,https://www.mags-tack.com/product/hkm-aria-dressage-saddle-pad/3887,2024-02-02T01:59:01+00:00,2026-07-06T23:34:21+00:00,2026-07-07T19:33:19+00:00
F22N7X53ZQZ7NIZ6ZO6WPRTE,F22N7X53ZQZ7NIZ6ZO6WPRTE,3874,MLVTVMXRGXXP3,HKM Charly Dressage Saddle Cloth,"The HKM Charly Warmblood Dressage Saddle Cloth is a high-quality and stylish accessory for your horse. Designed specifically for dressage, this saddle cloth features a vibrant pink color that will make you stand out in the arena. It is made to fit warmblood-sized horses, providing a comfortable and secure fit. The HKM Charly Warmblood Dressage Saddle Cloth is the perfect choice for riders who want to add a pop of color to their equestrian gear while ensuring the utmost comfort for their horse.",physical,visible,50,50,$50.00,8,0,8,false,true,false,false,EPZPDBQRGQA4CBYNWANJCCNH|MOSA7PXNK5UFUF4HT5OP32FC,Dressage|Saddle Pads,https://131790741.cdn6.editmysite.com/uploads/1/3/1/7/131790741/QPJMVQUGTF7IYZAC27YGPMJ5.jpeg,https://www.mags-tack.com/product/hkm-charly-dressage-saddle-cloth/3874,2024-02-02T01:59:01+00:00,2026-06-29T17:59:36+00:00,2026-07-07T19:33:21+00:00
6O5AJWWSHJOCZRCOXTZPO325,6O5AJWWSHJOCZRCOXTZPO325,4270,MLVTVMXRGXXP3,HKM Dressage - Crystal Fashion Dressage Saddle Pad,"The HKM Crystal Fashion Saddle Pad in Dunkelgrün Dressur is a stylish and functional accessory for your horse riding needs. Made by HKM, a trusted brand in equestrian products, this saddle pad features a beautiful crystal fashion design that adds a touch of elegance to your riding ensemble. The dark green color is perfect for dressage riders, and the pad is designed specifically for dressage saddles. With its high-quality construction and attention to detail, this saddle pad provides comfort and protection for both you and your horse during your rides.",physical,visible,75,75,$75.00,7,0,7,false,true,false,false,EPZPDBQRGQA4CBYNWANJCCNH|MOSA7PXNK5UFUF4HT5OP32FC,Dressage|Saddle Pads,https://131790741.cdn6.editmysite.com/uploads/1/3/1/7/131790741/LKV4Y7ZNSYQ3XW557IAMDK6H.jpeg,https://www.mags-tack.com/product/hkm-dressage-crystal-fashion-dressage-saddle-pad/4270,2024-02-02T01:58:49+00:00,2026-06-29T17:59:11+00:00,2026-07-07T19:33:18+00:00
DB2ZPNSCW3FQ2GCHR5QOETXF,DB2ZPNSCW3FQ2GCHR5QOETXF,4881,MLVTVMXRGXXP3,HKM Dressage Aruba Saddle Pad,,physical,visible,90,90,$90.00,1,0,1,false,true,false,false,EPZPDBQRGQA4CBYNWANJCCNH|MOSA7PXNK5UFUF4HT5OP32FC,Dressage|Saddle Pads,https://131790741.cdn6.editmysite.com/uploads/1/3/1/7/131790741/6RMPQIUUWS3QQSV7LAHQUPPE.jpeg,https://www.mags-tack.com/product/hkm-dressage-aruba-saddle-pad/4881,2024-04-17T18:14:14+00:00,2026-06-29T17:59:56+00:00,2026-07-07T19:33:20+00:00
3H6IRSQCESDAZFA6LTUEWEOF,3H6IRSQCESDAZFA6LTUEWEOF,4818,MLVTVMXRGXXP3,HKM Dressage Harbour Island Sportive Saddle Pad,HKM Dressage Harbour Island Sportive Saddle Pad,physical,visible,75,75,$75.00,3,0,3,false,true,false,false,EPZPDBQRGQA4CBYNWANJCCNH|MOSA7PXNK5UFUF4HT5OP32FC,Dressage|Saddle Pads,https://131790741.cdn6.editmysite.com/uploads/1/3/1/7/131790741/GR3OUVPPGFLSLM7JRELJQRB6.jpeg,https://www.mags-tack.com/product/hkm-dressage-harbour-island-sportive-saddle-pad/4818,2024-04-17T18:08:55+00:00,2026-06-29T17:59:50+00:00,2026-07-07T19:33:13+00:00
45TWK73QFIJIJS5B2WOFI6MZ,45TWK73QFIJIJS5B2WOFI6MZ,4361,MLVTVMXRGXXP3,HKM Dressage Monaco Noble Ruffle Pads,"The HKM Monaco Noble Ruffle Pads are perfect for dressage riders looking for both style and functionality. These pads feature a unique ruffle design that adds a touch of elegance to your riding ensemble. The deep blue color adds a pop of color to your dressage outfit. Made with high-quality materials, these pads provide excellent cushioning and comfort for your horse. The model number B09W9ZWM2B ensures that you are getting the exact product you desire. Upgrade your dressage gear with the HKM Monaco Noble Ruffle Pads.",physical,visible,70,70,$70.00,4,0,4,false,true,false,false,EPZPDBQRGQA4CBYNWANJCCNH|MOSA7PXNK5UFUF4HT5OP32FC,Dressage|Saddle Pads,https://131790741.cdn6.editmysite.com/uploads/1/3/1/7/131790741/SN47ZR5CZ6ASE5NQL4P3EQIL.jpeg,https://www.mags-tack.com/product/hkm-dressage-monaco-noble-ruffle-pads/4361,2024-02-02T01:58:49+00:00,2026-06-29T17:59:50+00:00,2026-07-07T19:33:11+00:00
XLK2NXCTT2HJJQSKE7NXKPYW,XLK2NXCTT2HJJQSKE7NXKPYW,4374,MLVTVMXRGXXP3,HKM Dressage Rose Gold Glamour Pad,"The Rose Gold Glamour Pad is a stunning addition to any equestrian&#39;s collection. Made with a luxurious rose gold material, this dressage pad features a glamorous design that is sure to turn heads in the arena. Whether you&#39;re competing or training, this pad will provide both style and comfort for you and your horse.",physical,visible,80,80,$80.00,16,0,16,false,true,false,false,EPZPDBQRGQA4CBYNWANJCCNH|MOSA7PXNK5UFUF4HT5OP32FC,Dressage|Saddle Pads,https://131790741.cdn6.editmysite.com/uploads/1/3/1/7/131790741/42FBV3Z2EVFB5VJ7QUVIRM3F.jpeg,https://www.mags-tack.com/product/hkm-dressage-rose-gold-glamour-pad/4374,2024-02-02T01:58:49+00:00,2026-06-29T17:59:17+00:00,2026-07-07T19:33:43+00:00
J5TNRZIH2OSZTD2ZXMSLZBFP,J5TNRZIH2OSZTD2ZXMSLZBFP,4701,MLVTVMXRGXXP3,HKM Emma Dressage Saddle Pad,"The HKM Emma Full Saddle Pads in Blue/Camel are a versatile and stylish choice for any equestrian. These saddle pads are designed to provide maximum comfort and support for both horse and rider. The blue and camel color combination adds a touch of elegance to your riding ensemble. Whether you&#39;re competing in dressage, show jumping, or cross-country, these saddle pads are the perfect addition to your equestrian gear.",physical,visible,80,80,$80.00,1,0,1,false,true,false,false,EPZPDBQRGQA4CBYNWANJCCNH|MOSA7PXNK5UFUF4HT5OP32FC,Dressage|Saddle Pads,https://131790741.cdn6.editmysite.com/uploads/1/3/1/7/131790741/22UVXZIOLTSJRMXDZ6QTMQFM.jpeg,https://www.mags-tack.com/product/hkm-emma-dressage-saddle-pad/4701,2024-02-11T22:15:19+00:00,2026-06-29T17:59:56+00:00,2026-07-07T19:33:24+00:00
VJQFJYWDWZSFZI5H44EYUXEQ,VJQFJYWDWZSFZI5H44EYUXEQ,3979,MLVTVMXRGXXP3,HKM Heated Vest,"2-way zip for riding tight fit for a better heat retention adjustable temperature from the outside light wadding elasticated side inserts with integrated heating function two outside pockets with zipper heating area at the back from the upper back to the waist WEEE reg. no. DE50690159 approx. 4h heating time with 5,000mA power bankWashing Instructions: machine washable at 30 degrees, delicate wash requiredRead Instruction Manual Before Use",physical,visible,130,130,$130.00,12,0,12,false,true,false,false,GEKPWLU3I6QLYMJHMNBYSHT2|LWDQCZ6IZ4V4AVSK7XRW5MPV|MMH6GFRYWJFXZAD6AMGI47UU,Outerwear|Women's Outerwear|Men's Outerwear and Vests,https://131790741.cdn6.editmysite.com/uploads/1/3/1/7/131790741/II454KW66MRFSIOSMQDABFPO.jpeg,https://www.mags-tack.com/product/hkm-heated-vest/3979,2024-02-02T01:58:41+00:00,2026-06-29T17:59:11+00:00,2026-07-07T19:33:40+00:00
DY4NOMW3HA35MBMY4KO2XP6P,DY4NOMW3HA35MBMY4KO2XP6P,3713,MLVTVMXRGXXP3,HKM Kentucky Shirt Mens Competition 13444,"The HKM Kentucky Shirt in White is a stylish and comfortable shirt that is perfect for any occasion. Made from high-quality materials, this shirt is designed to provide a comfortable fit and long-lasting durability. The white color adds a classic and timeless touch to your outfit, while the XXL size ensures a perfect fit. Whether you&#39;re dressing up for a special event or just want to look stylish and put-together, the HKM Kentucky Shirt is a great choice.",physical,visible,45,45,$45.00,4,1,4,false,true,false,false,2U4UOEOJ53CDF3YY6TGHCYPD|CVU3XYX4T7QJ435KSIRR66P6|G3FY4ICWVCRIXW3RWPAO63BZ,Men’s Show Shirts|Show Essentials|Show Shirts,https://131790741.cdn6.editmysite.com/uploads/1/3/1/7/131790741/AXCHQLJWSIANLJTUOIAIGSRS.jpeg,https://www.mags-tack.com/product/hkm-kentucky-shirt-mens-competition-13444/3713,2024-02-02T01:58:57+00:00,2026-06-29T17:59:36+00:00,2026-07-07T19:33:21+00:00
2UAA4QXNGP3FGG5K5QFBVT2A,2UAA4QXNGP3FGG5K5QFBVT2A,2UAA4QXNGP3FGG5K5QFBVT2A,MLVTVMXRGXXP3,HKM Kopenhagen Dressage Saddle Cloth,,physical,visible,55,55,$55.00,1,0,1,false,true,false,false,EPZPDBQRGQA4CBYNWANJCCNH|MOSA7PXNK5UFUF4HT5OP32FC,Dressage|Saddle Pads,https://131790741.cdn6.editmysite.com/uploads/1/3/1/7/131790741/YA36LSQRAKO3CQL7LKB4BR5B.jpeg,https://www.mags-tack.com/product/hkm-kopenhagen-dressage-saddle-cloth/2UAA4QXNGP3FGG5K5QFBVT2A,2024-07-19T23:34:51+00:00,2026-06-29T17:59:43+00:00,2026-07-07T19:33:12+00:00
4PQ35GJ4O2UNNLN56LSL6KFM,4PQ35GJ4O2UNNLN56LSL6KFM,3700,MLVTVMXRGXXP3,HKM Men's Sportive Alos FS Breeches 12925,"full seat of silicone print, 88% nylon, 12% elastane",physical,visible,95,95,$95.00,7,1,7,false,true,false,false,PV6RRR6AFXW42O76ARVGIYAM|T5CFMVOC4P7MART5E7FKQ6KH,Full Seat Breeches|Men's Full Seat Breeches,https://131790741.cdn6.editmysite.com/uploads/1/3/1/7/131790741/HWNB4VZA3O6IVJVY3HAF6BBO.jpeg,https://www.mags-tack.com/product/hkm-men-s-sportive-alos-fs-breeches-12925/3700,2024-02-02T01:58:35+00:00,2026-06-29T17:59:30+00:00,2026-07-07T19:33:13+00:00
TWSQ5M3XBSBTOMMTXTEIU4AK,TWSQ5M3XBSBTOMMTXTEIU4AK,3933,MLVTVMXRGXXP3,HKM Pony Dressage Saddle Pad,HKM Pony Dressage Saddle Pad. Embroidered horses in a criss-cross pattern.,physical,visible,35,35,$35.00,4,2,4,false,true,false,false,EPZPDBQRGQA4CBYNWANJCCNH|MOSA7PXNK5UFUF4HT5OP32FC,Dressage|Saddle Pads,https://131790741.cdn6.editmysite.com/uploads/1/3/1/7/131790741/YCNUZAF7ZD6NSNVEAA3GLZBL.jpeg,https://www.mags-tack.com/product/hkm-pony-dressage-saddle-pad/3933,2024-02-02T01:58:41+00:00,2026-06-29T17:59:56+00:00,2026-07-07T19:33:38+00:00
Z2R3A4SXXNB373VMLQ6EKD4E,Z2R3A4SXXNB373VMLQ6EKD4E,4277,MLVTVMXRGXXP3,HKM Pony Dressage Saddle Pad 13840,,physical,visible,70,70,$70.00,1,1,1,false,true,false,false,EPZPDBQRGQA4CBYNWANJCCNH|MOSA7PXNK5UFUF4HT5OP32FC,Dressage|Saddle Pads,,https://www.mags-tack.com/product/hkm-pony-dressage-saddle-pad-13840/4277,2024-02-02T01:58:49+00:00,2026-06-29T17:59:56+00:00,2026-07-07T19:33:44+00:00
DDP4UZP3KN24YE4QC4JCBQRF,DDP4UZP3KN24YE4QC4JCBQRF,4515,MLVTVMXRGXXP3,HKM Pony Dressage Saddle Pad 14042,HKM Pony Dressage Competition Saddle Pad. White saddle pad with jewels on one side of the saddle pad and a glitter navy border.,physical,visible,75,75,$75.00,2,2,2,false,true,false,false,EPZPDBQRGQA4CBYNWANJCCNH|MOSA7PXNK5UFUF4HT5OP32FC,Dressage|Saddle Pads,https://131790741.cdn6.editmysite.com/uploads/1/3/1/7/131790741/PZM3SPZAMLIXZWLPKNJEJEUI.jpeg,https://www.mags-tack.com/product/hkm-pony-dressage-saddle-pad-14042/4515,2024-02-02T01:58:53+00:00,2026-06-29T17:59:17+00:00,2026-07-07T19:33:20+00:00
WYVWHIWQJQBDLWEDX4S62HIO,WYVWHIWQJQBDLWEDX4S62HIO,3810,MLVTVMXRGXXP3,HKM Saddle Cloth - Dressage - Essentials,HKM Saddle Cloth - Dressage - Essentials,physical,visible,66,66,$66.00,1,0,1,false,true,false,false,EPZPDBQRGQA4CBYNWANJCCNH|MOSA7PXNK5UFUF4HT5OP32FC,Dressage|Saddle Pads,https://131790741.cdn6.editmysite.com/uploads/1/3/1/7/131790741/YIY34O2FUKCHPSF66HMADJ2I.jpeg,https://www.mags-tack.com/product/hkm-saddle-cloth-dressage-essentials/3810,2024-02-02T01:58:41+00:00,2026-06-29T17:59:50+00:00,2026-07-07T19:33:41+00:00
JC6WIZ7O7I6AD3QF6EXAECBJ,JC6WIZ7O7I6AD3QF6EXAECBJ,4008,MLVTVMXRGXXP3,HKM Saddle Cloth AP - Essentials Ombre,"The HKM Saddle Cloth AP - Essentials Ombre is a versatile and durable general-purpose saddle pad designed for everyday use. Made from high-quality materials, it ensures comfort and protection for your horse during rides. Featuring a unique ombre design, this saddle cloth combines functionality with a modern aesthetic, making it a practical and stylish addition to your equestrian gear.",physical,visible,70,70,$70.00,10,2,10,false,true,false,false,MOSA7PXNK5UFUF4HT5OP32FC|SVFYUCV2QBT6R7TUN6S26J7H,Saddle Pads|General Purpose,https://131790741.cdn6.editmysite.com/uploads/1/3/1/7/131790741/EB2NNDYGOCQIRW7PEYTIUQ54.jpeg,https://www.mags-tack.com/product/hkm-saddle-cloth-ap-essentials-ombre/4008,2024-02-02T01:59:05+00:00,2026-07-07T02:21:51+00:00,2026-07-07T19:33:24+00:00
PKBI4QZEVN6OT6YL6VWWH2PT,PKBI4QZEVN6OT6YL6VWWH2PT,4879,MLVTVMXRGXXP3,HKM Saddle Pad-14041 Jumping Competiton,"The HKM Saddle Pad-14041 is a high-quality saddle pad designed for ponies. It features a white color and a size of 1200, making it suitable for ponyviels. This saddle pad is made by HKM, a trusted brand in equestrian products. It provides comfort and protection for both the pony and the rider during horseback riding activities. The HKM Saddle Pad-14041 is a must-have accessory for any pony rider.",physical,visible,70,70,$70.00,5,1,5,false,true,false,false,EK637HZAHIV6AJB2MKDCMNY4|MOSA7PXNK5UFUF4HT5OP32FC,Jumper|Saddle Pads,https://131790741.cdn6.editmysite.com/uploads/1/3/1/7/131790741/JGIXX7CL5VZPW6RNQ5YBP44E.jpeg,https://www.mags-tack.com/product/hkm-saddle-pad-14041-jumping-competiton/4879,2024-05-17T20:04:59+00:00,2026-06-29T17:59:50+00:00,2026-07-07T19:33:34+00:00
DVRZ5S2BFOM4FTBKFARLU73X,DVRZ5S2BFOM4FTBKFARLU73X,DVRZ5S2BFOM4FTBKFARLU73X,MLVTVMXRGXXP3,Hobby Horse Fly Hood,,physical,visible,40,40,$40.00,9,0,9,false,true,false,false,DDIXKTDBILZCJ6PILBQT46WF|HXUBINXFZXFNRC2POCIRMVWJ|U4LTITTE6TJQZWDBYCG3CZ6W,LeMieux|Hobby Horse|Hobby Horses,https://131790741.cdn6.editmysite.com/uploads/1/3/1/7/131790741/MRRTZ2CQ7QAIH5TJOYAZPIGQ.jpeg,https://www.mags-tack.com/product/hobby-horse-fly-hood/DVRZ5S2BFOM4FTBKFARLU73X,2025-12-23T20:44:18+00:00,2026-06-29T17:59:36+00:00,2026-07-07T19:33:20+00:00
RRAGC7UTHZVK6EBATDDQF6LR,RRAGC7UTHZVK6EBATDDQF6LR,5475,MLVTVMXRGXXP3,Horseware of Ireland AA Men's Motion Lite Show Jacket cccofm,"AWARD-WINNING DESIGN The first of it’s kind, the AA™ MotionLite™ Show Jacket leads the industry in high-performance equestrian riding jackets. Made from advanced technical fabrics that are lightweight and breathable, this jacket provides optimal comfort for the rider during long hours of training or competition. Its unrivaled levels of breathability and stretch makes this jacket an absolute must for any equestrian rider looking for a functional, stylish and comfortable riding jacket that meets the demands of the sport. Outstanding Breathability Lightweight and breathable, designed for maximum airflow this jacket will keep you comfortable. Tailored Fit The cut of the jacket and the stretch of the material contours to ensure a flattering and comfortable silhouette without any restrictions while riding. Hidden Zipper A hidden front zipper creates a streamlined appearance. An additional hidden pocket keep personal items safe and secure. True to Size Available in a range of sizes with easy-to-tailor cuffs to suit a rider&#39;s individual needs. Interchangeable Buttons Comes with interchangeable buttons to customize your look.",physical,visible,300,300,$300.00,5,1,5,false,true,false,false,CVU3XYX4T7QJ435KSIRR66P6|FW7X7GL6Q345S2SRZEIZWBHD|JP4XIXQNCW4325J3F5K62KZQ|SOLPXN5TWJQC3MMGJ6D5G4OC,Show Essentials|Show Jackets|Men's Show Jackets|HWI,https://131790741.cdn6.editmysite.com/uploads/1/3/1/7/131790741/HJPWYJYF4GWBLP6HTFVZMYX2.png,https://www.mags-tack.com/product/horseware-of-ireland-aa-men-s-motion-lite-show-jacket-cccofm/5475,2025-01-26T23:32:39+00:00,2026-06-29T17:59:43+00:00,2026-07-07T19:33:36+00:00
5H4JJTLM7MHKMLLOBG5RDUV6,5H4JJTLM7MHKMLLOBG5RDUV6,3672,MLVTVMXRGXXP3,HORZE Active Women Horse Riding Silicone Grip Full Seat Breeches,"The HORZE Active Women Horse Riding Silicone Grip Full Seat Breeches are perfect for making schooling days fun and comfortable. These breeches feature a midrise waist and a full seat with silicone grip, providing you with a secure and comfortable ride. The jersey-feel fabric is soft, warm, and breathable, making it ideal for afternoon rides around the stable or long trail rides. With a convenient front pocket, you can easily carry a horse treat to reward your horse for a job well done. Experience the comfort and style of these pretty breeches from Horze.",physical,visible,75,75,$75.00,2,1,2,false,true,false,false,2IAD6SD5I7I4WKRPMURT6ATW|E4ZGNMKBQUCK7T5MSQYXCT5Y,Full Seat Breeches|Women's Full Seat Breeches,https://131790741.cdn6.editmysite.com/uploads/1/3/1/7/131790741/EGF2HGUQ4PJO7TX73YDSH5EM.jpeg,https://www.mags-tack.com/product/horze-active-women-horse-riding-silicone-grip-full-seat-breeches/3672,2024-02-02T01:58:57+00:00,2026-06-29T17:59:50+00:00,2026-07-07T19:33:15+00:00
UUJQC33LGPZFA4FMWNYBNOQW,UUJQC33LGPZFA4FMWNYBNOQW,3622,MLVTVMXRGXXP3,HORZE Alex Star AP Pony Saddle Pad 17299,"The HORZE Alex Star AP Pony Saddle Pad combines durability, comfort, and style for young equestrians. Crafted from high-quality materials, this all-purpose saddle pad provides long-lasting performance and reliable support. Its ergonomic design ensures a comfortable fit for ponies, while the stylish star pattern adds a fun yet professional touch. Ideal for everyday riding or training sessions, this saddle pad is both practical and visually appealing.",physical,visible,50,50,$50.00,2,2,2,false,true,false,false,MOSA7PXNK5UFUF4HT5OP32FC|SVFYUCV2QBT6R7TUN6S26J7H,Saddle Pads|General Purpose,https://131790741.cdn6.editmysite.com/uploads/1/3/1/7/131790741/IU32IOTYR5DXSO6MANOTFTC5.jpeg,https://www.mags-tack.com/product/horze-alex-star-ap-pony-saddle-pad-17299/3622,2024-02-02T01:58:57+00:00,2026-07-07T00:35:24+00:00,2026-07-07T19:33:39+00:00
F3OQTTLNDDS7V36UTI2LVBZA,F3OQTTLNDDS7V36UTI2LVBZA,3976,MLVTVMXRGXXP3,HORZE B Vertigo Brendan Mens Hybrid 2-in-1 Jacket 33658,"The HORZE B Vertigo Brendan Mens Hybrid 2-in-1 Jacket is a stylish and versatile jacket designed for male riders. This hybrid jacket features a laser quilted body part, giving it a unique and modern look. The sleeves of this jacket are removable, allowing you to wear it as a vest for increased wearability. The two-way zipper and delicate beige B Vertigo logo on the left chest add a timeless and classy touch. Additionally, this jacket has two front zip pockets to keep your belongings safe and secure. Stay comfortable and fashionable with the HORZE B Vertigo Brendan Mens Hybrid 2-in-1 Jacket.",physical,visible,150,150,$150.00,5,1,5,false,true,false,false,GEKPWLU3I6QLYMJHMNBYSHT2|MMH6GFRYWJFXZAD6AMGI47UU,Outerwear|Men's Outerwear and Vests,https://131790741.cdn6.editmysite.com/uploads/1/3/1/7/131790741/MN6AWHIBXGI6JQFEDMYFEKK3.jpeg,https://www.mags-tack.com/product/horze-b-vertigo-brendan-mens-hybrid-2-in-1-jacket-33658/3976,2024-02-02T01:58:41+00:00,2026-06-29T17:59:43+00:00,2026-07-07T19:33:21+00:00
AFWI3DNG3AFY65KBFKCX3YBO,AFWI3DNG3AFY65KBFKCX3YBO,4395,MLVTVMXRGXXP3,HORZE B Vertigo Damien Men's Silicone FS Breeches 36715,High quality 4-way stretch material Silicone full seat Small B Vertigo logo on one side,physical,visible,230,230,$230.00,6,0,6,false,true,false,false,FXQH6HKIQQB46J6V24GEHKNN|PV6RRR6AFXW42O76ARVGIYAM|T5CFMVOC4P7MART5E7FKQ6KH,Equinavia|Full Seat Breeches|Men's Full Seat Breeches,https://131790741.cdn6.editmysite.com/uploads/1/3/1/7/131790741/O6RJ5VNYTT25DUKLXEVHZKWV.jpeg,https://www.mags-tack.com/product/horze-b-vertigo-damien-men-s-silicone-fs-breeches-36715/4395,2024-02-02T01:58:49+00:00,2026-06-29T17:59:11+00:00,2026-07-07T19:33:20+00:00
FSUKK675Q5SA6YZ5MWNNK2FL,FSUKK675Q5SA6YZ5MWNNK2FL,4438,MLVTVMXRGXXP3,HORZE B Vertigo Damien Mens Silicone KP Breeches 36725,"High quality breeches for men. The B Vertigo Damen breeches are made from firm 4-way stretch material that provides support while not restricting your movement when riding. Classic cut and colours match your wardrobe perfectly. The silicone knee patch provides flexibility in the saddle. Pair them with our B Vertigo Nicolas sweatshirt or Alec polo shirt for a full look! Features: High quality 4-way stretch material Silicone knee patch Small B Vertigo logo on one side Technical description: 76% polyamide, 24% elastane. Washing instructions: Machine wash with similar colours at 40 degrees. Don&#39;t use bleach or fabric softener. Air dry.",physical,visible,200,200,$200.00,6,1,6,false,true,false,false,3RP55W4MXL4EZKB3EKKRXSCX|53KF7RG54NRL6S7OM44AREFJ|FXQH6HKIQQB46J6V24GEHKNN,Knee Patch Breeches|Men's Knee Patch Breeches|Equinavia,https://131790741.cdn6.editmysite.com/uploads/1/3/1/7/131790741/BN7SNIRVKW3HU7XFB24RKSYR.png,https://www.mags-tack.com/product/horze-b-vertigo-damien-mens-silicone-kp-breeches-36725/4438,2024-02-02T01:58:53+00:00,2026-06-29T17:59:43+00:00,2026-07-07T19:33:22+00:00
CBTXB6MGJS4POGAGEO3DFLVN,CBTXB6MGJS4POGAGEO3DFLVN,3591,MLVTVMXRGXXP3,HORZE B Vertigo Flynn Mens Technical Polo Shirt 33749,"The HORZE B Vertigo Flynn Men&#39;s Technical Polo Shirt is a classic and stylish addition to any equestrian&#39;s wardrobe. Made from breathable piqué fabric, this polo shirt is not only comfortable but also keeps you cool during your rides. With its monochrome design and delicate logo details on the chest and neck, it adds a touch of sophistication to your look. The short sleeves and button closure make it perfect for layering or wearing on its own. Whether you&#39;re riding, in the stables, or enjoying your free time, this polo shirt is a versatile choice that offers both style and functionality.",physical,visible,80,80,$80.00,9,3,9,false,true,false,false,45AUNSVMFW2NDUGIFZMXNNSJ|NFE6DGDPJOLTTKCG2Q2VFKL3,Men's Polo Shirts|Riding Shirts,https://131790741.cdn6.editmysite.com/uploads/1/3/1/7/131790741/KFHFXHVI6LY3CLHQDHG23VXO.jpeg,https://www.mags-tack.com/product/horze-b-vertigo-flynn-mens-technical-polo-shirt-33749/3591,2024-02-02T01:58:57+00:00,2026-06-29T17:59:05+00:00,2026-07-07T19:33:20+00:00
ODNZ2VQ27JPT4RXLTGWSR6FL,ODNZ2VQ27JPT4RXLTGWSR6FL,4240,MLVTVMXRGXXP3,HORZE B Vertigo Natasha Womens Highwaist Full Seat Breeches 36763,"The HORZE B Vertigo Natasha Womens Highwaist Full Seat Breeches are the perfect combination of style and functionality. Made with breathable fabric, these breeches offer an optimal fit for maximum comfort. The high waistband not only increases wearing comfort but also improves your posture. With silicone full grip, you&#39;ll have excellent stability in the saddle. The thigh pockets provide a safe place to store your belongings, including your phone. The delicate glitter piping at the pockets adds a touch of elegance to these high-quality breeches.",physical,visible,220,220,$220.00,6,0,6,false,true,false,false,2IAD6SD5I7I4WKRPMURT6ATW|E4ZGNMKBQUCK7T5MSQYXCT5Y,Full Seat Breeches|Women's Full Seat Breeches,https://131790741.cdn6.editmysite.com/uploads/1/3/1/7/131790741/PRF32ABA3FEWYQPGMPE42W2I.jpeg,https://www.mags-tack.com/product/horze-b-vertigo-natasha-womens-highwaist-full-seat-breeches-36763/4240,2024-02-02T01:58:45+00:00,2026-06-29T17:59:36+00:00,2026-07-07T19:33:31+00:00
OX2W67I5CA2APHH24YLUD6YT,OX2W67I5CA2APHH24YLUD6YT,3736,MLVTVMXRGXXP3,HORZE Ella Kids Functional Equestrian Riding Sweatshirt,"The HORZE Ella Kids Functional Equestrian Riding Sweatshirt is a must-have for young riders. Made from functional breathable material, this sweatshirt is perfect for daily training and free time. It features zipper pockets to keep hands warm and belongings safe, while the high collar adds extra warmth. The silver piping and logo detail give it a sporty touch. For a complete look, pair this sweatshirt with our Horze Ella riding tights. Stay comfortable and stylish with the HORZE Ella Kids Functional Equestrian Riding Sweatshirt.",physical,visible,85,85,$85.00,10,0,10,false,true,false,false,M6JEKLGXHVK6HHACPY6NDFTM|YA5WBRFN6XT3SXTL7IW7EVLP,Outerwear|Kid's Outerwear and Vests,https://131790741.cdn6.editmysite.com/uploads/1/3/1/7/131790741/CKFPHKKO4URJKB2VGHU6QI3Y.jpeg,https://www.mags-tack.com/product/horze-ella-kids-functional-equestrian-riding-sweatshirt/3736,2024-02-02T01:58:57+00:00,2026-06-29T17:59:43+00:00,2026-07-07T19:33:31+00:00
4BQNEJAVTFLJ44TZUK5HZOKO,4BQNEJAVTFLJ44TZUK5HZOKO,3658,MLVTVMXRGXXP3,HORZE Ella Womens Pull-On Knee Patch Breeches,"The 36&#34; HORZE Ella Womens Pull On Knee Patch Breeches in Tan are a practical and stylish choice for equestrians. These breeches feature a comfortable waistband with belt loops and are made from a soft and slightly stretchy knitted fabric for a perfect fit. The leather knee patches are made with quality-tested ALOS leather, ensuring durability and longevity. These breeches are suitable for daily use and frequent wear, making them a reliable option for riders.",physical,visible,50,50,$50.00,2,1,2,false,true,false,false,LRZCICSALM2Q2PWQHAUFSMTJ|W7MAKDLNGT62IYQMX3VNYDIL,Knee Patch Breeches|Women's Knee Patch Breeches,https://131790741.cdn6.editmysite.com/uploads/1/3/1/7/131790741/QOIRMFST2EV42FIAMESMPWEC.jpeg,https://www.mags-tack.com/product/horze-ella-womens-pull-on-knee-patch-breeches/3658,2024-02-02T01:58:35+00:00,2026-06-29T17:59:36+00:00,2026-07-07T19:33:12+00:00
OFYKEKWMTLK73XQW2LF7G7MI,OFYKEKWMTLK73XQW2LF7G7MI,3484,MLVTVMXRGXXP3,HORZE Glarus Quilted Dressage Saddle Pad,"The HORZE Glarus Quilted Dressage Horse Saddle Pad is a high-quality saddle pad designed specifically for dressage horses. It features a quilted design with a braided trim, adding a touch of elegance to your riding ensemble. The pad is made from quick-drying and breathable materials, ensuring your horse stays comfortable during long rides. The dark navy color adds a sophisticated look, and the pad is available in a horse size to fit most horses. Upgrade your dressage riding experience with the HORZE Glarus Quilted Dressage Horse Saddle Pad. (FULL)",physical,visible,60,60,$60.00,5,1,5,false,true,false,false,EPZPDBQRGQA4CBYNWANJCCNH|MOSA7PXNK5UFUF4HT5OP32FC,Dressage|Saddle Pads,https://131790741.cdn6.editmysite.com/uploads/1/3/1/7/131790741/7GZFB7FP3ZTIHSRWXTTZEKFN.jpeg,https://www.mags-tack.com/product/horze-glarus-quilted-dressage-saddle-pad/3484,2024-02-02T01:58:53+00:00,2026-06-29T17:59:23+00:00,2026-07-07T19:33:31+00:00
JMLUUGGRK2MZOFJXUBXSPGS5,JMLUUGGRK2MZOFJXUBXSPGS5,4499,MLVTVMXRGXXP3,HORZE Grand Prix Womens Classic Silicone KP Breeches 36272,"The Grand Prix style is a trusted choice of top female athletes and for equestrians of all disciplines. The high-quality silicone print full seat offers a great grip for added security in the saddle. Also, the elastic leg bottoms are smooth under your boots and stay in place. Features: New Grand Prix style High-quality silicone grip full seat Medium waist Elastic leg bottoms Water &amp; dirt repellent material Contoured waistband Materials &amp; Care: 93% polyamide, 7% elastane Care Instructions: Wash inside out in cool water. Line dry. Do not iron. Do not use fabric softener.",physical,visible,150,150,$150.00,7,0,7,false,true,false,false,LRZCICSALM2Q2PWQHAUFSMTJ|W7MAKDLNGT62IYQMX3VNYDIL,Knee Patch Breeches|Women's Knee Patch Breeches,https://131790741.cdn6.editmysite.com/uploads/1/3/1/7/131790741/NJ4OTM3KW3L5GBX27GKSGER3.jpeg,https://www.mags-tack.com/product/horze-grand-prix-womens-classic-silicone-kp-breeches-36272/4499,2024-02-02T01:58:53+00:00,2026-06-29T17:59:23+00:00,2026-07-07T19:33:24+00:00
4DBAGRFLKUO6XL4KKGNVDPBP,4DBAGRFLKUO6XL4KKGNVDPBP,4583,MLVTVMXRGXXP3,HORZE Leather Fleece-Lined Gloves 31705,"Stay warm and stylish during your cold weather rides with the HORZE Pu Leather Fleece-Lined Gloves. These well-fitted gloves are made with a combination of PU leather and polyester, providing durability and comfort. The fleece lining ensures warmth and insulation, while the adjustable strap and long ribbed cuff offer a snug fit and protection from the elements. The gloves are also designed with touch-screen capable fabric on the index finger and thumb, allowing you to use your devices without removing them. With their sleek design and functional features, these gloves are a must-have for any equestrian enthusiast.",physical,visible,30,30,$30.00,1,0,1,false,true,false,false,FXQH6HKIQQB46J6V24GEHKNN|HS3JWIJNRWXGAXRO2DUO3F25|YUUPIKJUQVIJ5QAVQRVTTFDP,Equinavia|Gloves|Gloves,https://131790741.cdn6.editmysite.com/uploads/1/3/1/7/131790741/WF3RLN455O3A6EQFMSQZPPQ3.jpeg,https://www.mags-tack.com/product/horze-leather-fleece-lined-gloves-31705/4583,2024-02-03T18:43:10+00:00,2026-06-29T17:59:43+00:00,2026-07-07T19:33:12+00:00
37C4CP4V45VCZ4MNAMNM5KT6,37C4CP4V45VCZ4MNAMNM5KT6,3848,MLVTVMXRGXXP3,HORZE Mens Dorian Technical Sun Shirt - Long Sleeve -33244,"The HORZE Mens Dorian Technical Sun Shirt is a high-quality, long sleeve shirt designed for men. It features a stylish peacoat dark blue and white color combination. Made with technical fabric, this shirt provides protection from the sun while keeping you cool and comfortable. It is available in size M, making it a perfect fit for most men. Whether you&#39;re out for a ride or enjoying outdoor activities, the HORZE Mens Dorian Technical Sun Shirt is a must-have for any man looking for both style and functionality.",physical,visible,70,70,$70.00,5,0,5,false,true,false,false,6ENAPTSI4TMWBP5QCEVQSQP2|FXQH6HKIQQB46J6V24GEHKNN|NFE6DGDPJOLTTKCG2Q2VFKL3,Men's Sun Shirts|Equinavia|Riding Shirts,https://131790741.cdn6.editmysite.com/uploads/1/3/1/7/131790741/AHUZ4KXBZIXDMBR6J3TGJMU7.jpeg,https://www.mags-tack.com/product/horze-mens-dorian-technical-sun-shirt-long-sleeve-33244/3848,2024-02-02T01:59:01+00:00,2026-06-29T17:59:17+00:00,2026-07-07T19:33:14+00:00
L2HVC6EH2TQWWHR2D5QIKXUX,L2HVC6EH2TQWWHR2D5QIKXUX,3924,MLVTVMXRGXXP3,HORZE Morgan Dressage Horse Saddle Pad,HORZE Morgan Dressage Horse Saddle Pad Full,physical,visible,42,42,$42.00,4,2,4,false,true,false,false,EPZPDBQRGQA4CBYNWANJCCNH|FXQH6HKIQQB46J6V24GEHKNN|MOSA7PXNK5UFUF4HT5OP32FC,Dressage|Equinavia|Saddle Pads,https://131790741.cdn6.editmysite.com/uploads/1/3/1/7/131790741/BSRP74V25WMIIRE77U32WAL6.jpeg,https://www.mags-tack.com/product/horze-morgan-dressage-horse-saddle-pad/3924,2024-02-02T01:59:01+00:00,2026-06-29T17:59:43+00:00,2026-07-07T19:33:26+00:00
Z5UGQ5IO7JMTCZDV6SJ6IFEU,Z5UGQ5IO7JMTCZDV6SJ6IFEU,4509,MLVTVMXRGXXP3,HORZE Noir Quilted Dressage Saddle Pad,HORZE Noir Quilted Dressage Saddle Pad,physical,visible,95,95,$95.00,1,1,1,false,true,false,false,EPZPDBQRGQA4CBYNWANJCCNH|FXQH6HKIQQB46J6V24GEHKNN|MOSA7PXNK5UFUF4HT5OP32FC,Dressage|Equinavia|Saddle Pads,https://131790741.cdn6.editmysite.com/uploads/1/3/1/7/131790741/7RIODR3FZ7AG44KXIB256XLI.jpeg,https://www.mags-tack.com/product/horze-noir-quilted-dressage-saddle-pad/4509,2024-02-02T01:58:53+00:00,2026-06-29T17:59:50+00:00,2026-07-07T19:33:44+00:00
ARI5PV3B33LUB6QDTZ6YLV6H,ARI5PV3B33LUB6QDTZ6YLV6H,4363,MLVTVMXRGXXP3,HORZE Shelly Women's Light Padded,"The HORZE Shelly Women&#39;s Light Padded Vest is a stylish and functional addition to your wardrobe. This vest features lightweight quilting and stretch side panels, providing ultimate comfort and flexibility. It is perfect for casual wear, whether paired with jeans or your favorite breeches for a fashionable fall look. The water repellent and breathable fabric ensures that you stay dry and comfortable in any weather. With its perfect length in the saddle, this vest is a must-have for equestrians and outdoor enthusiasts alike.",physical,visible,86,86,$86.00,9,0,9,false,true,false,false,2AW3CPER3S54YIHZPBS4AHAP|FXQH6HKIQQB46J6V24GEHKNN|LWDQCZ6IZ4V4AVSK7XRW5MPV,Outerwear|Equinavia|Women's Outerwear,https://131790741.cdn6.editmysite.com/uploads/1/3/1/7/131790741/ZIY4W736YFZSUL5HDJDTXO5A.jpeg,https://www.mags-tack.com/product/horze-shelly-women-s-light-padded/4363,2024-02-02T01:58:49+00:00,2026-06-29T17:59:05+00:00,2026-07-07T19:33:20+00:00
FTJPQNQVRT4PC6QVJNTQF45D,FTJPQNQVRT4PC6QVJNTQF45D,4444,MLVTVMXRGXXP3,HORZE Womens Grand Prix Silicone Full Seat Breeches,"The Horze Women’s Grand Prix Full Seat Breeches with Silicone Grip are great breeches whether you’re riding in a clinic, weekly lesson, or a show jumper arena. These new and improved classic breeches will add a professional touch to your look. The Grand Prix style is a trusted choice of top athletes and for equestrians of all disciplines. The cut is elegant, formal, and timeless. The silicone full seat provides great grip for added security in the saddle. A comfortable, contoured medium waistband adds to the whole package and you will choose these breeches when you want to look and feel your best. The Women’s Grand Prix Silicone Grip Full Seat Breeches, by Horze, are made from a new functional, breathable fabric that has a water and dirt repellent surface. Dust and grime won’t stick to these ultimate show breeches. These stylish and functional riding pants include UV-protected fabric (UPF 50+). Features: New Grand Prix style High-quality silicone grip Medium waist Elastic leg bottoms Water- and dirt-repellent material Contoured waistband Fabric is UV-protected (UPF 50+) Inseam is 27.5 in Materials &amp; Care 93% polyamide, 7% elastane. Care Instructions: Machine wash inside out in 86 degree water. Line dry. Do not iron. Do not use fabric softener.",physical,visible,145,160,$145.00,22,0,22,false,true,false,false,2IAD6SD5I7I4WKRPMURT6ATW|E4ZGNMKBQUCK7T5MSQYXCT5Y|FXQH6HKIQQB46J6V24GEHKNN,Full Seat Breeches|Women's Full Seat Breeches|Equinavia,https://131790741.cdn6.editmysite.com/uploads/1/3/1/7/131790741/O6U5HMBLTEUMOLUX5BZ64L67.jpeg,https://www.mags-tack.com/product/horze-womens-grand-prix-silicone-full-seat-breeches/4444,2024-02-02T01:58:53+00:00,2026-06-29T17:59:17+00:00,2026-07-07T19:33:21+00:00
5GSOOKRKC3WAVUZRMFBPHVXR,5GSOOKRKC3WAVUZRMFBPHVXR,5GSOOKRKC3WAVUZRMFBPHVXR,MLVTVMXRGXXP3,HORZE Womens Winter Riding Gloves with Touchscreen Function,,physical,visible,45,45,$45.00,33,3,33,false,true,false,false,FXQH6HKIQQB46J6V24GEHKNN|HS3JWIJNRWXGAXRO2DUO3F25|YUUPIKJUQVIJ5QAVQRVTTFDP,Equinavia|Gloves|Gloves,https://131790741.cdn6.editmysite.com/uploads/1/3/1/7/131790741/7QRWOU2NGJ6LJVZIUV66JMEU.jpeg,https://www.mags-tack.com/product/horze-womens-winter-riding-gloves-with-touchscreen-function/5GSOOKRKC3WAVUZRMFBPHVXR,2025-11-06T01:04:17+00:00,2026-06-29T17:59:50+00:00,2026-07-07T19:33:14+00:00
MASQBGPMTRBZUDZKSZ5NHQIO,MASQBGPMTRBZUDZKSZ5NHQIO,5720,MLVTVMXRGXXP3,HWI Horseware Vital Polo,"The Horseware® Vital Polo takes the classic polo silhouette and updates it for the modern rider. Made with high-wicking, quick-dry 4-way stretch fabric, this soft and lightweight short sleeve top is not just stylish but highly breathable and comfortable. For even more ventilation and air flow, we added perforated underarm panels to help keep you cool and dry. Contrast trim and collar, flattering seamlines, and timeless, refined cut make this polo a staple piece for your spring and summer riding wardrobe.",physical,visible,60,60,$60.00,9,0,9,false,true,false,false,3NW24H75EJAAJ5GLN566CAEZ|7LXQTON7KP66XF4QK4YUHFMD,Polos|Women's Polos,https://131790741.cdn6.editmysite.com/uploads/1/3/1/7/131790741/5KZRLL7GJR2IMKLHNBYOCI36.png,https://www.mags-tack.com/product/hwi-horseware-vital-polo/5720,2025-04-16T22:27:45+00:00,2026-06-29T17:59:17+00:00,2026-07-07T19:33:28+00:00
3MOZUUGXGXLIPF2MWUDCACAE,3MOZUUGXGXLIPF2MWUDCACAE,4960,MLVTVMXRGXXP3,HWI AA Ladies Motion Lite Jacket CCCOFL,"The AA Ladies Motion Lite Jacket S Hunter is a stylish and functional competition jacket designed for warm weather. Made from a unique lightweight and breathable mesh fabric, this jacket allows air to flow through as you ride, keeping you cool and comfortable. It features stretch fabric for optimal movement and a second skin fit, providing a sleek and elegant look. The jacket has a hidden secure zip fastening and interchangeable buttons for multi-discipline use. With its quick-drying and machine washable properties, this jacket is easy to care for. It also includes an internal key or pass pocket for added convenience. Perfect for competitions, the AA Ladies Motion Lite Jacket S Hunter is a must-have for any equestrian enthusiast.",physical,visible,290,290,$290.00,8,0,8,false,true,false,false,32BPCDGBD7SSUTJZ7XU5ZFQ5|CVU3XYX4T7QJ435KSIRR66P6|SOLPXN5TWJQC3MMGJ6D5G4OC|Z4L2KRSG4DOE5TIRBZ7ZFDKO,Show Jackets|Show Essentials|HWI|Women's Show Jackets,https://131790741.cdn6.editmysite.com/uploads/1/3/1/7/131790741/GCENQSSGBXJMYIB5QXRCIHAG.jpeg,https://www.mags-tack.com/product/hwi-aa-ladies-motion-lite-jacket-cccofl/4960,2024-03-07T23:52:02+00:00,2026-06-29T17:59:36+00:00,2026-07-07T19:33:14+00:00
O6LTKCQ4T3T2VJTCGCSBISMS,O6LTKCQ4T3T2VJTCGCSBISMS,5474,MLVTVMXRGXXP3,HWI AA Men's Gabrio Short Sleeve Show Shirt mujpc1,The Alessandro Albanese® Gabrio Competition Shirt combines classic polo styling with modern features for a high-performance men&#39;s show shirt. Technical and lightweight 4-way stretch fabric offers maximum flexibility to maintain full range of motion in the saddle. Perforated side panels provide extra ventilation. Shirt collar with tie loop Sleek 1/4 zip front Moisture-wicking and quick-drying UPF 50+ treatment Laser-cut branding detail,physical,visible,100,100,$100.00,8,0,8,false,true,false,false,2U4UOEOJ53CDF3YY6TGHCYPD|CVU3XYX4T7QJ435KSIRR66P6|G3FY4ICWVCRIXW3RWPAO63BZ|SOLPXN5TWJQC3MMGJ6D5G4OC,Men’s Show Shirts|Show Essentials|Show Shirts|HWI,https://131790741.cdn6.editmysite.com/uploads/1/3/1/7/131790741/6V425B2EXSKTWOZKHOR7C7L6.jpeg,https://www.mags-tack.com/product/hwi-aa-men-s-gabrio-short-sleeve-show-shirt-mujpc1/5474,2025-01-26T23:29:38+00:00,2026-06-29T17:59:05+00:00,2026-07-07T19:33:31+00:00
JHZGPDOZQYTYHCZZSTNAJGZG,JHZGPDOZQYTYHCZZSTNAJGZG,5721,MLVTVMXRGXXP3,HWI Alesandra Albanase Horseware Kids Sofia Sunshirt,HWI Alesandra Albanase Horseware Sofia Kids Sunshirt,physical,visible,80,80,$80.00,4,1,4,false,true,false,false,JCAEDBVBGOALFYSOVI2UJKOF|SOLPXN5TWJQC3MMGJ6D5G4OC|ZSHJKFJ6VNVGDTEPTDFRRAFO,Kid's Sun Shirts|HWI|Riding Shirts,https://131790741.cdn6.editmysite.com/uploads/1/3/1/7/131790741/4TBIKQ5S6U6UKKJZ3CO5YUMO.png,https://www.mags-tack.com/product/hwi-alesandra-albanase-horseware-kids-sofia-sunshirt/5721,2025-04-16T22:35:21+00:00,2026-06-29T17:59:30+00:00,2026-07-07T19:33:24+00:00
TFS2EMZOUHBE5T5UYBDDYJSF,TFS2EMZOUHBE5T5UYBDDYJSF,4781,MLVTVMXRGXXP3,HWI Kids Motion Lite Jacket CCCOFK,HWI Kids Motion Lite Jacket,physical,visible,200,200,$200.00,16,0,16,false,true,false,false,7K46N5G377IHN4BVR7EWPVPJ|CVU3XYX4T7QJ435KSIRR66P6|JYNV5CDLESKHSBOQSUUPQKTS|SOLPXN5TWJQC3MMGJ6D5G4OC,Show Jackets|Show Essentials|Kid's Show Jackets|HWI,https://131790741.cdn6.editmysite.com/uploads/1/3/1/7/131790741/IQPGEUVE2YXWWGKWY3FALMA7.jpeg,https://www.mags-tack.com/product/hwi-kids-motion-lite-jacket-cccofk/4781,2024-03-07T23:43:41+00:00,2026-06-29T17:59:36+00:00,2026-07-07T19:33:37+00:00
YQ6BTKINL2KNV7B2IKRKY2UY,YQ6BTKINL2KNV7B2IKRKY2UY,3893,MLVTVMXRGXXP3,HZ All Purpose Saddle Pad & Ear Net Set,Horze Deep Blue Saddle Pad with jewels on one side.,physical,visible,80,80,$80.00,2,2,2,false,true,false,false,MOSA7PXNK5UFUF4HT5OP32FC|SVFYUCV2QBT6R7TUN6S26J7H,Saddle Pads|General Purpose,https://131790741.cdn6.editmysite.com/uploads/1/3/1/7/131790741/OSQZZWDBCCBT67ICNHW5GGA6.jpeg,https://www.mags-tack.com/product/hz-all-purpose-saddle-pad-ear-net-set/3893,2024-02-02T01:59:01+00:00,2026-06-29T17:59:43+00:00,2026-07-07T19:33:43+00:00
FMRJFG35UHFY2S4E7ZM2WNIP,FMRJFG35UHFY2S4E7ZM2WNIP,5309,MLVTVMXRGXXP3,HZ Eloise Women's Training Shirt,"Horze Eloise Women’s Training Shirt – Elegant Performance for Equestrians The Horze Eloise Women’s Training Shirt is a stylish and functional choice for riders who value comfort and performance. Made from a soft, stretchy blend of polyester and elastane, this shirt ensures a snug yet flexible fit, allowing unrestricted movement during training. Designed with breathable mesh panels under the arms, the Eloise Training Shirt promotes airflow, keeping you cool and comfortable even during intense rides. The quick-drying fabric wicks moisture away, ensuring you stay dry throughout your workout. A quarter-zip neckline allows for adjustable ventilation, while subtle crystal details add a touch of elegance to your equestrian wardrobe. Perfect for year-round training, the Eloise Women’s Training Shirt blends sporty functionality with sophisticated style, making it a must-have for dedicated riders. Features: Activewear Training Shirt Eye-catching crystal detailing Mesh fabric under the armpit for added ventilation Comfort and stretch Breathable Quick dry Soft brushed inside Quarter zip at neck",physical,visible,70,70,$70.00,13,0,13,false,true,false,false,DCWEJP3A2QEQLOGT2AI5HX5F|FXQH6HKIQQB46J6V24GEHKNN|X6JVVXSLC6SH4FAULVWLNIIU,Riding Shirts|Equinavia|Women's Riding and Functional Shirts,https://131790741.cdn6.editmysite.com/uploads/1/3/1/7/131790741/Y2M6DJ6EHIN6QD4NBSRYKEA5.jpeg,https://www.mags-tack.com/product/hz-eloise-women-s-training-shirt/5309,2024-11-04T23:39:13+00:00,2026-06-29T17:58:52+00:00,2026-07-07T19:33:22+00:00
LOL4HPRMQLBLFGKXF46JDRIF,LOL4HPRMQLBLFGKXF46JDRIF,1454,MLVTVMXRGXXP3,HZ River Dressage Pad,HZ River Dressage Pad,physical,visible,60,60,$60.00,1,1,1,false,true,false,false,EPZPDBQRGQA4CBYNWANJCCNH|FXQH6HKIQQB46J6V24GEHKNN|MOSA7PXNK5UFUF4HT5OP32FC,Dressage|Equinavia|Saddle Pads,https://131790741.cdn6.editmysite.com/uploads/1/3/1/7/131790741/7PJX2H4J7Y4GSYAZZ475IRRM.jpeg,https://www.mags-tack.com/product/hz-river-dressage-pad/1454,2022-01-08T01:47:15+00:00,2026-06-29T17:59:56+00:00,2026-07-07T19:33:27+00:00
X2IBVYGLEGJOK2RSW5MI3BZF,X2IBVYGLEGJOK2RSW5MI3BZF,1187,MLVTVMXRGXXP3,HZ Wilton Dressage Pad,,physical,visible,60,60,$60.00,1,1,1,false,true,false,false,EPZPDBQRGQA4CBYNWANJCCNH|FXQH6HKIQQB46J6V24GEHKNN|MOSA7PXNK5UFUF4HT5OP32FC,Dressage|Equinavia|Saddle Pads,https://131790741.cdn6.editmysite.com/uploads/1/3/1/7/131790741/JGDF7NZGFCMCZSCXT4QQEJ3H.jpeg,https://www.mags-tack.com/product/hz-wilton-dressage-pad/1187,2022-01-08T01:47:15+00:00,2026-06-29T17:59:56+00:00,2026-07-07T19:33:41+00:00
V6S7IEYUHHWA73L4KZU5KVCS,V6S7IEYUHHWA73L4KZU5KVCS,V6S7IEYUHHWA73L4KZU5KVCS,MLVTVMXRGXXP3,Jacks 799 Lightweight Riser Pad,"The Jacks 799 Lightweight Riser Pad is a top-quality equestrian accessory designed for maximum back protection and enhanced comfort. Made from lightweight shock-absorbing foam, this pad features a flared front to cushion the shoulders and a padded back to raise the saddle seat. Its anatomical design helps alleviate pressure on the spine and withers, while also reducing stress on the shoulder muscles. With its focus on comfort and ergonomics, this pad is a must-have for any rider looking to provide optimal cushioning and protection for their horse.",physical,visible,50,50,$50.00,3,3,3,false,true,false,false,MOSA7PXNK5UFUF4HT5OP32FC|YX3SJ2XV6GSRYR7EBKW4Y33X,Saddle Pads|Half Pad,https://131790741.cdn6.editmysite.com/uploads/1/3/1/7/131790741/U4V6NTILXUDEGXVFNFCA6I76.jpeg,https://www.mags-tack.com/product/jacks-799-lightweight-riser-pad/V6S7IEYUHHWA73L4KZU5KVCS,2025-10-17T19:03:04+00:00,2026-06-29T17:59:43+00:00,2026-07-07T19:33:39+00:00
23GRVU6Z25NQPBQNHXFY5UW7,23GRVU6Z25NQPBQNHXFY5UW7,23GRVU6Z25NQPBQNHXFY5UW7,MLVTVMXRGXXP3,JPC Tuff Rider Kirby Icefill Shirt 100988,"The TuffRider Kirby Icefil Children Sun Shirt is a luxurious piece of equestrian attire designed to keep the young rider cool while enjoying the grace of the ride. The shirt&#39;s primary feature is an impressively high UPF FACTOR OF 50, ensuring the utmost protection from harmful UV rays. Its form-fitting design employs a seamless blend of high-tech fabric and exceptional craftsmanship. Boasting a unique Icefil technology, this shirt offers a cooling solution like no other - keeping the body temperature significantly lower even under the scorching sun. The shirt is designed for versatile use, making it suitable for both showing and schooling. Experience the difference - embrace the elegance of equestrian style with the TuffRider Kirby Icefil Children Sun Shirt.",physical,visible,40,40,$40.00,40,1,40,false,true,false,false,DCWEJP3A2QEQLOGT2AI5HX5F|JCAEDBVBGOALFYSOVI2UJKOF,Riding Shirts|Kid's Sun Shirts,https://131790741.cdn6.editmysite.com/uploads/1/3/1/7/131790741/UQ35UCIFVYRF5T6464PZW3NF.jpeg,https://www.mags-tack.com/product/jpc-tuff-rider-kirby-icefill-shirt-100988/23GRVU6Z25NQPBQNHXFY5UW7,2024-08-22T22:22:43+00:00,2026-06-29T17:58:52+00:00,2026-07-07T19:33:09+00:00
LTDWJ2HRDJEBHHBRQ4F6U7JU,LTDWJ2HRDJEBHHBRQ4F6U7JU,5616,MLVTVMXRGXXP3,Kastel Cap Sleeve Show Shirt,Kastel Cap Sleeve Show Shirt,physical,visible,78,78,$78.00,7,0,7,false,true,false,false,BVIJQSCQR4F4LRMP3GBM22YS|CVU3XYX4T7QJ435KSIRR66P6|NORUZ43TJQRMPK3OWDTUSFF7,Women's Show Shirts|Show Essentials|Show Shirts,https://131790741.cdn6.editmysite.com/uploads/1/3/1/7/131790741/ZZXTPELXNI6VSTR6NRH6T66K.png,https://www.mags-tack.com/product/kastel-cap-sleeve-show-shirt/5616,2025-03-12T20:26:20+00:00,2026-06-29T17:59:23+00:00,2026-07-07T19:33:27+00:00
GEOVHZ2VISXJTPGOJYUD4MGE,GEOVHZ2VISXJTPGOJYUD4MGE,GEOVHZ2VISXJTPGOJYUD4MGE,MLVTVMXRGXXP3,Kismet Alexa Airmax - Shirts,Kismet EQ Alexa Airmax Shirt,physical,visible,100,100,$100.00,133,1,133,false,true,false,false,BVIJQSCQR4F4LRMP3GBM22YS|CVU3XYX4T7QJ435KSIRR66P6|NORUZ43TJQRMPK3OWDTUSFF7,Women's Show Shirts|Show Essentials|Show Shirts,https://131790741.cdn6.editmysite.com/uploads/1/3/1/7/131790741/7W2ZNAPCVYYXZIHI35FFZMWY.png,https://www.mags-tack.com/product/kismet-alexa-airmax-shirts/GEOVHZ2VISXJTPGOJYUD4MGE,2026-03-11T00:54:49+00:00,2026-06-29T17:59:43+00:00,2026-07-07T19:33:21+00:00
YJC5JUIUVGVGNYPH6R7OKURN,YJC5JUIUVGVGNYPH6R7OKURN,YJC5JUIUVGVGNYPH6R7OKURN,MLVTVMXRGXXP3,Kismet Dana Lace Show Shirts,Kismet EQ Dana Lace Show Shirt,physical,visible,125,125,$125.00,39,9,39,false,false,false,false,BVIJQSCQR4F4LRMP3GBM22YS|CVU3XYX4T7QJ435KSIRR66P6|NORUZ43TJQRMPK3OWDTUSFF7,Women's Show Shirts|Show Essentials|Show Shirts,https://131790741.cdn6.editmysite.com/uploads/1/3/1/7/131790741/IVZEGTW4VSLF4RNWMQ4U4AEX.png,https://www.mags-tack.com/product/kismet-dana-lace-show-shirts/YJC5JUIUVGVGNYPH6R7OKURN,2026-03-11T01:15:20+00:00,2026-07-07T23:25:17+00:00,2026-07-07T23:25:42+00:00
ISXHFXGGPZVGGV47RR7Z53HC,ISXHFXGGPZVGGV47RR7Z53HC,ISXHFXGGPZVGGV47RR7Z53HC,MLVTVMXRGXXP3,Kismet Eleonoire LS Air - Show Shirts,Kismet EQ Eleonoire Show Shirt+678ui,physical,visible,160,160,$160.00,1,0,1,false,true,false,false,BVIJQSCQR4F4LRMP3GBM22YS|CVU3XYX4T7QJ435KSIRR66P6|NORUZ43TJQRMPK3OWDTUSFF7,Women's Show Shirts|Show Essentials|Show Shirts,https://131790741.cdn6.editmysite.com/uploads/1/3/1/7/131790741/Q6KA4KNAFHRD5T5WNE6DZBIN.png,https://www.mags-tack.com/product/kismet-eleonoire-ls-air-show-shirts/ISXHFXGGPZVGGV47RR7Z53HC,2026-03-11T01:33:39+00:00,2026-06-29T17:59:11+00:00,2026-07-10T18:45:18+00:00
OVJMFYQWTHY2RBLBQY6M74J6,OVJMFYQWTHY2RBLBQY6M74J6,OVJMFYQWTHY2RBLBQY6M74J6,MLVTVMXRGXXP3,Kismet Eleonoire LS Airmax - Show Shirts,Kismet EQ Eleonoire Show Shirt+678ui,physical,visible,160,160,$160.00,30,1,30,false,true,false,false,BVIJQSCQR4F4LRMP3GBM22YS|CVU3XYX4T7QJ435KSIRR66P6|NORUZ43TJQRMPK3OWDTUSFF7,Women's Show Shirts|Show Essentials|Show Shirts,https://131790741.cdn6.editmysite.com/uploads/1/3/1/7/131790741/Q6KA4KNAFHRD5T5WNE6DZBIN.png,https://www.mags-tack.com/product/kismet-eleonoire-ls-airmax-show-shirts/OVJMFYQWTHY2RBLBQY6M74J6,2026-03-11T01:22:04+00:00,2026-07-07T23:27:09+00:00,2026-07-07T23:27:53+00:00
IYMBIYTS4EOYB6JW6W25LG64,IYMBIYTS4EOYB6JW6W25LG64,IYMBIYTS4EOYB6JW6W25LG64,MLVTVMXRGXXP3,Kismet Kiley Shirts,Kismet EQ Kiley Shirt,physical,visible,100,100,$100.00,12,12,12,false,false,false,false,DCWEJP3A2QEQLOGT2AI5HX5F|X6JVVXSLC6SH4FAULVWLNIIU,Riding Shirts|Women's Riding and Functional Shirts,https://131790741.cdn6.editmysite.com/uploads/1/3/1/7/131790741/XUARM4SYT2QYPLWJLQNKJC7A.png,https://www.mags-tack.com/product/kismet-kiley-shirts/IYMBIYTS4EOYB6JW6W25LG64,2026-03-11T01:46:52+00:00,2026-06-29T17:59:56+00:00,2026-07-07T19:33:24+00:00
34Q6IFFVQRYCLV47ENZJ3GPO,34Q6IFFVQRYCLV47ENZJ3GPO,5538,MLVTVMXRGXXP3,KL Ian Pierce Boys Jods,"Ian Pierce&#39;s LuxTech Fabric was created with the athlete in mind, providing a symphonic blend of stretch, breathability, durability and structure nothing for nothing short of the ultimate refined luxury, 92% Nylon 8% Elastane Euroseat, front zip Suede knee patches Wider waistband Front pockets with added piping detailing Cuffs and elastic leg straps Embroidered logo on back belt loop Abrasion and stain resistance. Quick dry properties, Machine washable",physical,visible,150,150,$150.00,5,1,5,false,true,false,false,EDA43UIAQTT3XDGNFFY67H54|G7VFBHT53S6VWY6C2VKJBGW2|Z2WRED5LK3XAEMDPUKIQ54XD,Kid's Jodhpurs|Jods|Katherine Lily,https://131790741.cdn6.editmysite.com/uploads/1/3/1/7/131790741/BO7KGYAP2Z3CCRGTLSLO6XFY.jpeg,https://www.mags-tack.com/product/kl-ian-pierce-boys-jods/5538,2025-02-10T23:55:23+00:00,2026-06-29T17:59:17+00:00,2026-07-07T19:33:13+00:00
4TMVVMU7AXC5TMQIQ3E4ZZYX,4TMVVMU7AXC5TMQIQ3E4ZZYX,5543,MLVTVMXRGXXP3,KL Ian Pierce Boys Show Shirts-LS and SS,"Our softest, plushest, silkiest, stretchy and most breathable fabric in a show shirt! Features a zip and double snap closure collar. Seamless shoulders and paneled sides for a streamlined look and perfect fit.",physical,visible,90,90,$90.00,12,0,12,false,true,false,false,2U4UOEOJ53CDF3YY6TGHCYPD|AIXPB3HQ7FR57A5FZ2MS5VSZ|CVU3XYX4T7QJ435KSIRR66P6|Z2WRED5LK3XAEMDPUKIQ54XD,Men’s Show Shirts|Show Shirts|Show Essentials|Katherine Lily,https://131790741.cdn6.editmysite.com/uploads/1/3/1/7/131790741/C2B7ULHOOA6UKW6TAJGXHSRJ.jpeg,https://www.mags-tack.com/product/kl-ian-pierce-boys-show-shirts-ls-and-ss/5543,2025-02-11T23:37:34+00:00,2026-06-29T17:58:52+00:00,2026-07-07T19:33:13+00:00
EFIYW5L42OOPQKXBRQXKPOGQ,EFIYW5L42OOPQKXBRQXKPOGQ,5445,MLVTVMXRGXXP3,KL Taylor Vest,KL Taylor Vest,physical,visible,169,169,$169.00,18,0,18,false,true,false,false,2AW3CPER3S54YIHZPBS4AHAP|6G3FNDT3LXGJZPK2YSSRKXF2|LWDQCZ6IZ4V4AVSK7XRW5MPV,Outerwear|KL Select|Women's Outerwear,https://131790741.cdn6.editmysite.com/uploads/1/3/1/7/131790741/JBWPDOHRX25LYV3DYUY4M3KL.jpeg,https://www.mags-tack.com/product/kl-taylor-vest/5445,2024-12-15T16:55:43+00:00,2026-06-29T17:59:36+00:00,2026-07-07T19:33:21+00:00
6DL7NIFYDELUJ6CJND6UHMGK,6DL7NIFYDELUJ6CJND6UHMGK,6DL7NIFYDELUJ6CJND6UHMGK,MLVTVMXRGXXP3,Kunkle Everyday Glove,"NEW schooling glove mesh that is cool in warm weather and is banded over the back of hand for perfect fit, Lasts 2x longer than leading glove brands Second skin feel with slip free grip, Dries completely between rides, Hand AND machine washable, Phone touch screen compatible, 112 the cost of leading glove brands, Textured pebbled finish, Sizes 6- 9",physical,visible,35,35,$35.00,67,5,67,false,false,false,false,HS3JWIJNRWXGAXRO2DUO3F25|VIMMWWLMKOWBZCETUKFVIVHE|YUUPIKJUQVIJ5QAVQRVTTFDP,Gloves|Kunkle|Gloves,https://131790741.cdn6.editmysite.com/uploads/1/3/1/7/131790741/TXMP3PLNAETDGYC3BH2VWGO7.jpeg,https://www.mags-tack.com/product/kunkle-everyday-glove/6DL7NIFYDELUJ6CJND6UHMGK,2024-05-10T23:04:52+00:00,2026-07-08T00:21:52+00:00,2026-07-08T00:22:54+00:00
MA6VFLBWZNTRTQIBGITRRAEL,MA6VFLBWZNTRTQIBGITRRAEL,5394,MLVTVMXRGXXP3,Kunkle Phone Case,,physical,visible,100,100,$100.00,1,0,1,false,true,false,false,VIMMWWLMKOWBZCETUKFVIVHE|YMHMCK6NKOOT6U4SJNSWXMXR|MUHBBYYSBMKKFLPWEWI5K74L,Kunkle|Accessories,,https://www.mags-tack.com/product/kunkle-phone-case/5394,2024-11-30T13:14:44+00:00,2026-07-08T00:17:01+00:00,2026-07-11T17:46:38+00:00
3UZSTCIRUX3PVQF2Z6KMMGAV,3UZSTCIRUX3PVQF2Z6KMMGAV,3UZSTCIRUX3PVQF2Z6KMMGAV,MLVTVMXRGXXP3,LA EQ Bel Air Breeches,"Experience the intersection of fashion and function with The Bel Air Flattering Fit Breech. Made with compression fabric, these mid to high cut breeches provide a perfect silhouette while offering comfort and breathability. The deep waistband with silicone banding keeps your shirt in place while the scalloped side panels with laser cut ventilation add a touch of elegance while allowing air flow for maximum comfort. Zippered front pockets are deep enough to hold a cell phone. Available in a variety of colors and sizes.",physical,visible,145,145,$145.00,6,0,6,false,true,false,false,E4ZGNMKBQUCK7T5MSQYXCT5Y|JPROLCYNUEBOH5KFYD5EBYZG|QILGPGVSHPFUITVCYZBA53SV,Women's Full Seat Breeches|LAEQ|Breeches,https://131790741.cdn6.editmysite.com/uploads/1/3/1/7/131790741/BC2VMBBRZCAZ57EBD43AEM5F.jpeg,https://www.mags-tack.com/product/la-eq-bel-air-breeches/3UZSTCIRUX3PVQF2Z6KMMGAV,2024-09-24T22:01:05+00:00,2026-06-29T17:59:11+00:00,2026-07-07T19:33:15+00:00
UFL2LCIRH6LDJ63D5LKXRHOZ,UFL2LCIRH6LDJ63D5LKXRHOZ,5826,MLVTVMXRGXXP3,LA EQ Twilight Half Seat Breeches,"Discover breeches that flatter your figure while providing superior comfort and a subtle hint of elegance. The Twilight Breech caters to riders seeking comfort combined with timeless sophistication. Made from a distinctive compression fabric with a high-rise silhouette, these breeches feature seamless &#39;euro socks&#39; woven without a seam to ensure a comfortable fit within tall boots. The back pockets are embellished with tasteful sparkle details, and the front pockets include discreet zip closures to safely carry your phone. Offered in multiple sizes and colors to complement your style.",physical,visible,140,140,$140.00,9,0,9,false,true,false,false,JPROLCYNUEBOH5KFYD5EBYZG|QILGPGVSHPFUITVCYZBA53SV|W7MAKDLNGT62IYQMX3VNYDIL,LAEQ|Breeches|Women's Knee Patch Breeches,https://131790741.cdn6.editmysite.com/uploads/1/3/1/7/131790741/7I7KYOOIH3S3WWJFQOQYOPSM.jpeg,https://www.mags-tack.com/product/la-eq-twilight-half-seat-breeches/5826,2025-06-10T22:21:06+00:00,2026-06-29T17:59:17+00:00,2026-07-07T19:33:39+00:00
FSWX2MGGGCWOUOMYHRGXGBKX,FSWX2MGGGCWOUOMYHRGXGBKX,FSWX2MGGGCWOUOMYHRGXGBKX,MLVTVMXRGXXP3,Le Mieux Isabelle Knee Grip Breeches,"Technically designed, these sleek breeches combine equestrian-led design with smart looks for an advanced ride. Square pockets with tonal reflective details, a seamless-feel design, and a soft and flexible four-way stretch that adapts to your movements, keep you moving in comfort. Belt loops, a back pocket, and a fly front are classic breech styling details. Offered in full seat and knee grip styles, they deliver stability and security in the saddle, according to your preference. Anatomic leg panels reduce bulk under your boots for a close contact feel, while the seamfree inside leg means that nothing will get in the way between you and your best ride yet. Machine wash up to 30 degrees. Wash Separately. Wash garment inside out. Use a gentle detergent, no softener. Do Not Bleach. Do Not Dry Clean. Allow to air dry. Do Not Tumble Dry. Do Not Iron.",physical,visible,110,110,$110.00,1,0,1,false,true,false,false,DDIXKTDBILZCJ6PILBQT46WF|QILGPGVSHPFUITVCYZBA53SV|W7MAKDLNGT62IYQMX3VNYDIL,LeMieux|Breeches|Women's Knee Patch Breeches,https://131790741.cdn6.editmysite.com/uploads/1/3/1/7/131790741/2EQQLE6FV27JMI5WAIO46262.jpeg,https://www.mags-tack.com/product/le-mieux-isabelle-knee-grip-breeches/FSWX2MGGGCWOUOMYHRGXGBKX,2025-12-23T20:44:18+00:00,2026-06-29T17:58:59+00:00,2026-07-07T19:33:22+00:00
HBY6L5BET5E4MN3RP7JB2E4M,HBY6L5BET5E4MN3RP7JB2E4M,5710,MLVTVMXRGXXP3,Le Mieux Pro Sport Close Contact Saddle Pad large White,"Range of plain close contact squares that is anything but plain! Designed for the active horse, offering style, durability and maximum fabric performance. A number of innovative design features have been incorporated in this fantastic pad. The classic Close-Contact cut from LeMieux is designed to fit a wide range of more forward cut jumping saddles. Now one of the most iconic jumping pads with its high wither, elasticated D-Ring tabs, signature teardrop girth protection area and swept back profile. These saddle pads offer a very sleek and professional look to anyone&#39;s saddle. The premium cotton top side is complimented by new super soft Bamboo lining which absorbs &amp; controls sweat under the saddle and is beautifully comfortable and secure - minimising friction even on sensitive skinned horses. Girth keepers incorporate inner locking loops to offer more girthing options. There are several attractive colours with more new ones being added seasonally and a selection of new Small/Med pads to accommodate smaller saddles. These top end designed pads are ideal for everyday or competition use. They also looked great when combined with a LeMieux Half Pad creating a very smart look. Machine washable on normal 30 degree cycle Advised to wash in a wash bag Pull into correct shape whilst damp to maintain shape during drying Please ensure the washing machine drum is large enough to safely accommodate the pad size Please ensure all Hook &amp; Loop is closed firmly prior to washing Air dry away from heat source (do not tumble)",physical,visible,105,105,$105.00,2,0,2,false,true,false,false,DDIXKTDBILZCJ6PILBQT46WF|MOSA7PXNK5UFUF4HT5OP32FC|NY37ZZ7FJKR4SFMLEFVCQCHK,LeMieux|Saddle Pads|Close Contact,https://131790741.cdn6.editmysite.com/uploads/1/3/1/7/131790741/3QF23V23ORCPVCNJSVAXFVKA.jpeg,https://www.mags-tack.com/product/le-mieux-pro-sport-close-contact-saddle-pad-large-white/5710,2025-04-10T22:14:03+00:00,2026-06-29T17:59:56+00:00,2026-07-07T19:33:23+00:00
XWM2IV7C6T6M3BMGABERX6PL,XWM2IV7C6T6M3BMGABERX6PL,5786,MLVTVMXRGXXP3,Lemieux 3D Mesh Self-Cool Eurojump Square,"The ideal pad for training and performing in warm climates, this cooling pad&#39;s technically advanced materials enable maximum airflow for optimal temperature control under the saddle. A 3D mesh upper with perforated foam inner offers maximum airflow during exercise, with space for heat to escape and cool air to flow in. The innovative &#39;Feel Cool&#39; lining fabric features a clever moisture-activated cooling crystal technology throughout the fabric weave. Its technically advanced cooling action draws heat away from the horse&#39;s skin and allows it to escape through the fabric weave. Activated by moisture, it works harder, the harder your horse works. A flexible mesh spine reduces pressure on the withers and back, while increasing air circulation through the saddle channel to cool the spine. Machine washable on normal 30 degree cycle Advised to wash in a wash bag Pull into correct shape whilst damp to maintain shape during drying Please ensure the washing machine drum is large enough to safely accommodate the pad size Please ensure all Hook &amp; Loop is closed firmly prior to washing Air dry away from heat source (do not tumble)",physical,visible,110,110,$110.00,1,1,1,false,true,false,false,DDIXKTDBILZCJ6PILBQT46WF|EK637HZAHIV6AJB2MKDCMNY4|MOSA7PXNK5UFUF4HT5OP32FC,LeMieux|Jumper|Saddle Pads,https://131790741.cdn6.editmysite.com/uploads/1/3/1/7/131790741/QZXOFPN6AWZY6X6L6UT7W226.png,https://www.mags-tack.com/product/lemieux-3d-mesh-self-cool-eurojump-square/5786,2025-05-20T23:24:30+00:00,2026-06-29T17:59:56+00:00,2026-07-07T19:33:43+00:00
HPQ3GCYDO4ILNGCGMUHE7QN2,HPQ3GCYDO4ILNGCGMUHE7QN2,HPQ3GCYDO4ILNGCGMUHE7QN2,MLVTVMXRGXXP3,LeMieux Air-Tek Mesh Half Square,"For a clean aesthetic with cooling properties and a full colour drench, reach for this technical pad. Featuring a breathable mesh upper with linear quilting, it defines breathability while delivering a full colour-matched look. A Self-Cool lining absorbs heat on contact, thanks to the cooling crystal fabric weave. Perforated open cell foam fill provides comfort, shock absorbency and extra breathability. The self-coloured matte PU girth protection area and hidden girth loops bring the colour vibes right through to the core of the pad. Even the shaped elasticated webbing D-rings carry the same colour. It&#39;s a great way to look good, feel cool and perform at your best in any climate. Machine washable on normal 30 degree cycle Advised to wash in a wash bag Pull into correct shape whilst damp to maintain shape during drying Please ensure the washing machine drum is large enough to safely accommodate the pad size Please ensure all Hook &amp; Loop is closed firmly prior to washing Air dry away from heat source (do not tumble)",physical,visible,125,125,$125.00,2,0,2,false,true,false,false,7EXK66N6ENJVFZVEPERPZGLE|DDIXKTDBILZCJ6PILBQT46WF|MOSA7PXNK5UFUF4HT5OP32FC,Saddle Pads|LeMieux|Saddle Pads,https://131790741.cdn6.editmysite.com/uploads/1/3/1/7/131790741/BVNS7LG5DA6X3W5XR5KQFFIW.jpeg,https://www.mags-tack.com/product/lemieux-air-tek-mesh-half-square/HPQ3GCYDO4ILNGCGMUHE7QN2,2025-12-23T20:44:32+00:00,2026-06-29T17:59:05+00:00,2026-07-07T19:33:23+00:00
BZAH5FA2DGCFAUNZRYE4KY6Q,BZAH5FA2DGCFAUNZRYE4KY6Q,BZAH5FA2DGCFAUNZRYE4KY6Q,MLVTVMXRGXXP3,LeMieux Amara Knee Grip Breeches for Women,"Stylish and practical, we&#39;ve given our bestselling Amara Knee Grip Breeches a stylish update with plaited embossed pocket details and a suede trim. Knee grip silicone adds security and stability in the saddle. Four-way stretch and a tapered lower leg with a seamless anatomic elastane sleeve add to the comfort, offering all the flexibility you need. Mock back pockets and belt loops complete the look. Wash at 30 degrees Wash separately, wash inside out Use gentle detergent, no softener Do not bleach Do not iron Do not dry clean",physical,visible,230,230,$230.00,7,1,7,false,true,false,false,DDIXKTDBILZCJ6PILBQT46WF|QILGPGVSHPFUITVCYZBA53SV|W7MAKDLNGT62IYQMX3VNYDIL,LeMieux|Breeches|Women's Knee Patch Breeches,https://131790741.cdn6.editmysite.com/uploads/1/3/1/7/131790741/TQIRCDKZQ5J577VQTD43KFMY.jpeg,https://www.mags-tack.com/product/lemieux-amara-knee-grip-breeches-for-women/BZAH5FA2DGCFAUNZRYE4KY6Q,2025-07-26T01:04:59+00:00,2026-06-29T17:59:05+00:00,2026-07-07T19:33:20+00:00
H6BTE3IPGPTCSNJ7QRZ2BMHO,H6BTE3IPGPTCSNJ7QRZ2BMHO,H6BTE3IPGPTCSNJ7QRZ2BMHO,MLVTVMXRGXXP3,Lemieux Aspen Brushed Zip Through Jacket,"Deliver your peak performance in this hybrid thermal mid layer. Its close-fitting shape makes it ideal as a light top layer or for wearing under coats and jackets. The subtle inner print is a wearable nod to style, ideal for mixing and matching across the Aspen Collection. Its brushed lining is soft and warm, while a herringbone-pattern silicone grip on the inside hem prevents it from riding up when you move. A two-way zip is ideal for comfort in the saddle. A stylish LeMieux branded metal badge on the upper arm adds to the luxe feel, while a curved vent across the mid back with a mesh panel allows air to flow for maximum breathability. Wash at 30 degrees Do not use bleach Do not tumble dry Cool iron Do not dry clean Non-biological detergent only Do not iron over logo areas",physical,visible,140,140,$140.00,7,0,7,false,true,false,false,2AW3CPER3S54YIHZPBS4AHAP|DDIXKTDBILZCJ6PILBQT46WF|LWDQCZ6IZ4V4AVSK7XRW5MPV,Outerwear|LeMieux|Women's Outerwear,https://131790741.cdn6.editmysite.com/uploads/1/3/1/7/131790741/RT5656YHF2MYVIKLCGI23WVR.jpeg,https://www.mags-tack.com/product/lemieux-aspen-brushed-zip-through-jacket/H6BTE3IPGPTCSNJ7QRZ2BMHO,2025-10-31T21:54:06+00:00,2026-06-29T17:58:59+00:00,2026-07-07T19:33:22+00:00
VJIGDUUO5EW36A2FG6KWPPU4,VJIGDUUO5EW36A2FG6KWPPU4,VJIGDUUO5EW36A2FG6KWPPU4,MLVTVMXRGXXP3,LeMieux Aspen Close Contact Square Saddlepad - Houndstooth,"Up your game with this luxe saddle pad from the Aspen Collection. Crafted in a premium luxury houndstooth check fabric, it has a unique houndstooth quilting pattern that&#39;s sure to stand out from the crowd. Patent PU piping catches the light, and a gunmetal LeMieux badge matches back to the rest of the Aspen Collection.As you&#39;d expect from a LeMieux saddle pad, it features friction-free suede-effect binding for a smooth, flat profile. Eco-friendly bamboo blend lining is naturally antibacterial and sweat-wicking, providing comfort for even the most sensitive horses. Elasticated D-ring tabs ensure easy connection to the saddle, and are slim enough to leave room to fit other training aids or accessories as you need. The signature girth protection area, with subtle LeMieux branding, offers durable defence from the rider&#39;s boot, ensuring the longevity of the pad.Available in Dressage and Close Contact shapes. Machine washable on normal 30 degree cycle Advised to wash in a wash bag Pull into correct shape whilst damp to maintain shape during drying Please ensure the washing machine drum is large enough to safely accommodate the pad size Please ensure all Hook &amp; Loop is closed firmly prior to washing Air dry away from heat source (do not tumble)",physical,visible,140,140,$140.00,1,1,1,false,true,false,false,DDIXKTDBILZCJ6PILBQT46WF|MOSA7PXNK5UFUF4HT5OP32FC|NY37ZZ7FJKR4SFMLEFVCQCHK,LeMieux|Saddle Pads|Close Contact,https://131790741.cdn6.editmysite.com/uploads/1/3/1/7/131790741/NNTBXATGM7B5FHNSY3SJLH3R.jpeg,https://www.mags-tack.com/product/lemieux-aspen-close-contact-square-saddlepad-houndstooth/VJIGDUUO5EW36A2FG6KWPPU4,2025-10-31T22:11:36+00:00,2026-06-29T17:59:50+00:00,2026-07-07T19:33:39+00:00
2BUVL35WDQRUUNQY7WKBV3HN,2BUVL35WDQRUUNQY7WKBV3HN,2BUVL35WDQRUUNQY7WKBV3HN,MLVTVMXRGXXP3,LeMieux Aspen Dressage Square Saddlepad - Houndstooth,"Up your game with this luxe saddle pad from the Aspen Collection. Crafted in a premium luxury houndstooth check fabric, it has a unique houndstooth quilting pattern that&#39;s sure to stand out from the crowd. Patent PU piping catches the light, and a gunmetal LeMieux badge matches back to the rest of the Aspen Collection.As you&#39;d expect from a LeMieux saddle pad, it features friction-free suede-effect binding for a smooth, flat profile. Eco-friendly bamboo blend lining is naturally antibacterial and sweat-wicking, providing comfort for even the most sensitive horses. Elasticated D-ring tabs ensure easy connection to the saddle, and are slim enough to leave room to fit other training aids or accessories as you need. The signature girth protection area, with subtle LeMieux branding, offers durable defence from the rider&#39;s boot, ensuring the longevity of the pad.Available in Dressage and Close Contact shapes. Machine washable on normal 30 degree cycle Advised to wash in a wash bag Pull into correct shape whilst damp to maintain shape during drying Please ensure the washing machine drum is large enough to safely accommodate the pad size Please ensure all Hook &amp; Loop is closed firmly prior to washing Air dry away from heat source (do not tumble)",physical,visible,125,125,$125.00,2,2,2,false,true,false,false,DDIXKTDBILZCJ6PILBQT46WF|EPZPDBQRGQA4CBYNWANJCCNH|MOSA7PXNK5UFUF4HT5OP32FC,LeMieux|Dressage|Saddle Pads,https://131790741.cdn6.editmysite.com/uploads/1/3/1/7/131790741/ZYTOEWNKTCG65DSUUQXXMUZK.jpeg,https://www.mags-tack.com/product/lemieux-aspen-dressage-square-saddlepad-houndstooth/2BUVL35WDQRUUNQY7WKBV3HN,2025-10-31T22:15:29+00:00,2026-06-29T17:59:36+00:00,2026-07-07T19:33:11+00:00
YOZWAKBULEYANDW7SOGLIOVU,YOZWAKBULEYANDW7SOGLIOVU,YOZWAKBULEYANDW7SOGLIOVU,MLVTVMXRGXXP3,LeMieux Aspen Womens Base Layer - Herringbone,"Feel confident and make a statement in this bold base layer with a herringbone pattern knitted design. The slightly heavier-weight fabric is warm and comfortable next to the skin, with a soft touch feel and thermal properties. The quarter zip features a PU matte trim, allowing you to wear the short turtleneck shape to suit your style, whatever your activity. A LeMieux branded metal badge on the upper arm completes the luxe look. Recommend to pre-wash before use Machine washable up to 30 degrees Please turn garment inside out before washing Wash with similar colours Only use non biological washing products Do not bleach Do not dry clean Allow to air dry, do not tumble dry or place on direct heat source Iron on low, avoiding logo areas",physical,visible,95,95,$95.00,7,0,7,false,true,false,false,DCWEJP3A2QEQLOGT2AI5HX5F|DDIXKTDBILZCJ6PILBQT46WF|X6JVVXSLC6SH4FAULVWLNIIU,Riding Shirts|LeMieux|Women's Riding and Functional Shirts,https://131790741.cdn6.editmysite.com/uploads/1/3/1/7/131790741/JRFKNXCQJUK7X5C4VHMGBIBZ.jpeg,https://www.mags-tack.com/product/lemieux-aspen-womens-base-layer-herringbone/YOZWAKBULEYANDW7SOGLIOVU,2025-10-31T21:46:26+00:00,2026-06-29T17:59:11+00:00,2026-07-07T19:33:43+00:00
RG6X7KZ2TWE3LYJ2YEQQPGHR,RG6X7KZ2TWE3LYJ2YEQQPGHR,RG6X7KZ2TWE3LYJ2YEQQPGHR,MLVTVMXRGXXP3,Lemieux Brilliance Close Contact Square,"Designed for competition with a touch of sparkle. The contour quilted soft shell upper, with a quilt pattern designed to contour your horse&#39;s shape, is paired with a technical Self-Cool fabric lining. The cooling lining is woven with cooling fibres, controlling heat by transferring heat away from the skin and wicking sweat efficiently to cool your horse. The warmer your horse gets, the harder the moisture-activated cooling lining works under the saddle. The high wither shape reduces pressure and enhances your saddle&#39;s fit. Elasticated saddle straps, thoughtfully designed to be slimmer at the point of connecting to the D-ring, leave room for extra accessories catering to your specific training needs. The whole pad benefits from extensively researched, soft, friction-free binding that is specially fabricated to contour the edges smoothly. This technique helps retain the perfect saddle pad shape and binding profile. Sparkle embellishment gives the pad a brilliant, show-stopping look that&#39;s guaranteed to turn heads. An embossed logo complements the sporty matte-textured faux leather girth protection area. Our signature LeMieux hidden girth loop channels mean you can precisely fit your girth. Machine washable on normal 30 degree cycle Advised to wash in a wash bag Pull into correct shape whilst damp to maintain shape during drying Please ensure the washing machine drum is large enough to safely accommodate the pad size Please ensure all Hook &amp; Loop is closed firmly prior to washing Air dry away from heat source (do not tumble)",physical,visible,143,143,$143.00,24,2,24,false,true,false,false,DDIXKTDBILZCJ6PILBQT46WF|MOSA7PXNK5UFUF4HT5OP32FC|NY37ZZ7FJKR4SFMLEFVCQCHK,LeMieux|Saddle Pads|Close Contact,https://131790741.cdn6.editmysite.com/uploads/1/3/1/7/131790741/TL3ED5OKDQQNDTKCCDLYAPQ3.jpeg,https://www.mags-tack.com/product/lemieux-brilliance-close-contact-square/RG6X7KZ2TWE3LYJ2YEQQPGHR,2025-11-24T17:59:17+00:00,2026-06-29T17:59:05+00:00,2026-07-07T19:33:35+00:00
DZ4R3FLFNI2VUITTV6XZ7D3U,DZ4R3FLFNI2VUITTV6XZ7D3U,DZ4R3FLFNI2VUITTV6XZ7D3U,MLVTVMXRGXXP3,Lemieux Brilliance Diana Show Jacket,"It&#39;s your time to shine in this elegant new styling show jacket with added sparkle. A completely new fit for a new era of competition, with perforated mesh panels for ventilation to help you look and perform your best. The sophisticated silhouette is created with inspiration from our best-selling show jackets, updated with new princess seams to the front and a stylish box pleated construction to the back hem. Hot fix rhinestone trims line the lapels and back belt for a show-stopping look that&#39;s subtly stunning. The Brilliance Collection features a unique new LM monogram, here gracing the popper buttons - with improved button placement for an enhanced fit. Machine washable up to 30 degrees Wash with similar colours Only use non biological washing products Do not bleach Do not dry clean Allow to air dry, do not tumble dry or place on direct heat source Iron on low, avoiding logo areas",physical,visible,480,480,$480.00,20,0,20,false,true,false,false,32BPCDGBD7SSUTJZ7XU5ZFQ5|CVU3XYX4T7QJ435KSIRR66P6|DDIXKTDBILZCJ6PILBQT46WF|Z4L2KRSG4DOE5TIRBZ7ZFDKO,Show Jackets|Show Essentials|LeMieux|Women's Show Jackets,https://131790741.cdn6.editmysite.com/uploads/1/3/1/7/131790741/KFO6UYQ7QB2JMYMEX4X3LWMX.jpeg,https://www.mags-tack.com/product/lemieux-brilliance-diana-show-jacket/DZ4R3FLFNI2VUITTV6XZ7D3U,2025-11-24T18:01:29+00:00,2026-06-29T17:59:30+00:00,2026-07-07T19:33:21+00:00
4SKXPYAOPTDVCVL43NFBFFNI,4SKXPYAOPTDVCVL43NFBFFNI,4SKXPYAOPTDVCVL43NFBFFNI,MLVTVMXRGXXP3,Lemieux Brilliance Dressage Square,"Designed for competition with a touch of sparkle. The contour quilted soft shell upper, with a quilt pattern designed to contour your horse&#39;s shape, is paired with a technical Self-Cool fabric lining. The cooling lining is woven with cooling fibres, controlling heat by transferring heat away from the skin and wicking sweat efficiently to cool your horse. The warmer your horse gets, the harder the moisture-activated cooling lining works under the saddle. The high wither shape reduces pressure and enhances your saddle&#39;s fit. Elasticated saddle straps, thoughtfully designed to be slimmer at the point of connecting to the D-ring, leave room for extra accessories catering to your specific training needs. The whole pad benefits from extensively researched, soft, friction-free binding that is specially fabricated to contour the edges smoothly. This technique helps retain the perfect saddle pad shape and binding profile. Sparkle embellishment gives the pad a brilliant, show-stopping look that&#39;s guaranteed to turn heads. An embossed logo complements the sporty matte-textured faux leather girth protection area. Our signature LeMieux hidden girth loop channels mean you can precisely fit your girth. Machine washable on normal 30 degree cycle Advised to wash in a wash bag Pull into correct shape whilst damp to maintain shape during drying Please ensure the washing machine drum is large enough to safely accommodate the pad size Please ensure all Hook &amp; Loop is closed firmly prior to washing Air dry away from heat source (do not tumble)",physical,visible,143,143,$143.00,9,0,9,false,true,false,false,DDIXKTDBILZCJ6PILBQT46WF|EPZPDBQRGQA4CBYNWANJCCNH|MOSA7PXNK5UFUF4HT5OP32FC,LeMieux|Dressage|Saddle Pads,https://131790741.cdn6.editmysite.com/uploads/1/3/1/7/131790741/MGQBNT4U5FZATMPVDFFWWHZD.jpeg,https://www.mags-tack.com/product/lemieux-brilliance-dressage-square/4SKXPYAOPTDVCVL43NFBFFNI,2025-11-24T17:59:16+00:00,2026-06-29T17:59:23+00:00,2026-07-07T19:33:13+00:00
XJDRSSXQ2Z5HA624ZQGWJXI3,XJDRSSXQ2Z5HA624ZQGWJXI3,XJDRSSXQ2Z5HA624ZQGWJXI3,MLVTVMXRGXXP3,Lemieux Brilliance F/S Breeches,"Technically designed for show-stopping elegance, these mid-rise full seat grip breeches combine equestrian-led design with stunning looks for an advanced ride. Smart square front pockets, a seamless-feel design, and a soft and flexible four-way adaptive stretch keep you moving in comfort. Wide belt loops, faux back pockets with sparkle detail, and a fly front are classic breech styling details. Anatomic leg panels reduce bulk under your boots for a close contact feel, while the seamfree inside leg means that nothing will get in the way between you and your best ride yet. Embroidered LM monogram branding, combined with sparkle, are stand-out details that catch the eye. Machine wash up to 30 degrees. Wash separately. Wash garment inside out. Use a gentle detergent, no softener. Do not bleach. Do not dry clean. Allow to air dry. Do not tumble dry. Do not iron.",physical,visible,165,165,$165.00,19,0,19,false,true,false,false,2IAD6SD5I7I4WKRPMURT6ATW|DDIXKTDBILZCJ6PILBQT46WF|E4ZGNMKBQUCK7T5MSQYXCT5Y,Full Seat Breeches|LeMieux|Women's Full Seat Breeches,https://131790741.cdn6.editmysite.com/uploads/1/3/1/7/131790741/OW77J3OY473TKMPFPT3KOI3L.jpeg,https://www.mags-tack.com/product/lemieux-brilliance-f-s-breeches/XJDRSSXQ2Z5HA624ZQGWJXI3,2025-11-24T17:59:17+00:00,2026-06-29T17:59:17+00:00,2026-07-07T19:33:41+00:00
VVGSCZXBZTPXHOYMMTR5UG7I,VVGSCZXBZTPXHOYMMTR5UG7I,VVGSCZXBZTPXHOYMMTR5UG7I,MLVTVMXRGXXP3,Lemieux Brilliance Heyden Lightweight Base Layer,"Slay the competition in this elegant take on a performance base layer from LeMieux. Technically advanced, with an ultra-lightweight 360° stretch that allows you a full range of movement, it offers UV30+ protection and a cooling treatment in the fabric to stay cool when the heat is on. A beautiful mesh stripe on the side of the body is both cooling and flattering, while a ruched seam, lined with Brilliance rhinestone detailing, on the chest exudes grown-up style. Elevated details like an invisible quarter zip with sparkly detail, glossy LeMieux branding on the arm and subtle branding on the back of the neck make this base layer both feminine and glamorous. Match with Brilliance Collection horse wear for a show-stopping competition look. Machine wash up to 30 degrees with similar colours Use non biological detergent Do not bleach Do not tumble dry, air dry only Do not dry clean Cool iron only Do not iron over logo areas",physical,visible,110,110,$110.00,37,1,37,false,true,false,false,DCWEJP3A2QEQLOGT2AI5HX5F|DDIXKTDBILZCJ6PILBQT46WF|X6JVVXSLC6SH4FAULVWLNIIU,Riding Shirts|LeMieux|Women's Riding and Functional Shirts,https://131790741.cdn6.editmysite.com/uploads/1/3/1/7/131790741/L3RWHLE6UWS25SKWMQR5I7HZ.jpeg,https://www.mags-tack.com/product/lemieux-brilliance-heyden-lightweight-base-layer/VVGSCZXBZTPXHOYMMTR5UG7I,2025-11-24T17:59:16+00:00,2026-06-29T17:58:52+00:00,2026-07-07T19:33:39+00:00
UESAKON4ZXCTLBJ4VXP2TZS2,UESAKON4ZXCTLBJ4VXP2TZS2,UESAKON4ZXCTLBJ4VXP2TZS2,MLVTVMXRGXXP3,Lemieux Brilliance K/P Breeches,"Technically designed for show-stopping elegance, these mid-rise knee grip breeches combine equestrian-led design with stunning looks for an advanced ride. Smart square front pockets, a seamless-feel design, and a soft and flexible four-way adaptive stretch keep you moving in comfort. Wide belt loops, faux back pockets with sparkle detail, and a fly front are classic breech styling details. Anatomic leg panels reduce bulk under your boots for a close contact feel, while the seamfree inside leg means that nothing will get in the way between you and your best ride yet. Embroidered LM monogram branding, combined with sparkle, are stand-out details that catch the eye. Machine wash up to 30 degrees Wash separately Wash garment inside out Use a gentle detergent, no softener Do not bleach Do not dry clean Allow to air dry Do not tumble dry Do not iron",physical,visible,165,165,$165.00,20,0,20,false,true,false,false,DDIXKTDBILZCJ6PILBQT46WF|LRZCICSALM2Q2PWQHAUFSMTJ|W7MAKDLNGT62IYQMX3VNYDIL,LeMieux|Knee Patch Breeches|Women's Knee Patch Breeches,https://131790741.cdn6.editmysite.com/uploads/1/3/1/7/131790741/PVQZLX2EMFCYVA5TWD4WGA3A.jpeg,https://www.mags-tack.com/product/lemieux-brilliance-k-p-breeches/UESAKON4ZXCTLBJ4VXP2TZS2,2025-11-24T17:59:16+00:00,2026-06-29T17:59:23+00:00,2026-07-07T19:33:39+00:00
K3RJIWLZOF3FJVBTGHAIN6LE,K3RJIWLZOF3FJVBTGHAIN6LE,K3RJIWLZOF3FJVBTGHAIN6LE,MLVTVMXRGXXP3,Lemieux Brilliance Verity Short Sleeve Show Shirt,"The Verity Show Shirt, made of super-soft stretch fabric with sparkly hotfix rhinestone details, perfectly blends elegance and performance. It&#39;s adorned with intricate, laser-cut lace sleeves and back detail, adding a feminine touch that allows for optimal airflow to regulate heat and moisture. An invisible front zip closure with elegant hotfix rhinestones makes this show shirt shine. Wash at 30 degrees, non-biological detergent only Do not bleach Do not tumble dry Do not iron over logo areas Do not dry clean",physical,visible,110,110,$110.00,6,0,6,false,true,false,false,BVIJQSCQR4F4LRMP3GBM22YS|CVU3XYX4T7QJ435KSIRR66P6|DDIXKTDBILZCJ6PILBQT46WF|NORUZ43TJQRMPK3OWDTUSFF7,Women's Show Shirts|Show Essentials|LeMieux|Show Shirts,https://131790741.cdn6.editmysite.com/uploads/1/3/1/7/131790741/SSJABNYHWJHAFWKHSGW6LVIN.jpeg,https://www.mags-tack.com/product/lemieux-brilliance-verity-short-sleeve-show-shirt/K3RJIWLZOF3FJVBTGHAIN6LE,2025-11-24T17:59:18+00:00,2026-06-29T17:59:50+00:00,2026-07-10T16:28:46+00:00
YGRJWO2N75L665D3W3VUJ7DQ,YGRJWO2N75L665D3W3VUJ7DQ,4962,MLVTVMXRGXXP3,LeMieux Bubbles Toy Pony,"Introducing the first Shetland pony in the LeMieux Toy Pony range! Bay in colour and sporting a characterful fluffy mane. Her coat is super soft – perfect for brushing and looking after. She stands securely on all four legs and is flexible, making her safe for young children (3 years +) to play with. Bubbles comes in her own posh horse box that turns inside out to become a luxury stable! Of course, additional matching accessories are available for Bubbles in your favourite colours, including saddle pads, fly hoods and polo bandages as well as fully working saddles and bridles in real leather, making these toys not only great fun to play with, but educational too! Bubbles may be small, but our accessories still fit her. Every pony is individually hand made, varying slightly in size and shape, and comes with its own passport and instructive care booklet. Does not include accessories, these are sold separately. Suitable for ages 3 years + Surface wash or Wipe clean only Not suitable for children under 3 years Due to the nature of being handmade, each toy pony may slightly vary from the advertised photos Please allow time out of the packaging for the toy to rest As always, keep away from fire and do not let children play with the toy unsupervised",physical,visible,95,95,$95.00,1,1,1,false,true,false,false,DDIXKTDBILZCJ6PILBQT46WF|VIXAM4U5URXTY2WSHLMIB4TE|W2DJCOYO2RVUV2QNTSWS3BZ6,LeMieux|Toy Pony|Toy Ponies & Figures,https://131790741.cdn6.editmysite.com/uploads/1/3/1/7/131790741/CUPQVHQFA6UAEK55GQANVIWP.jpeg,https://www.mags-tack.com/product/lemieux-bubbles-toy-pony/4962,2024-05-27T18:11:24+00:00,2026-06-29T17:59:56+00:00,2026-07-07T19:33:42+00:00
H7CPJ2NPVXEZJDCKJGEAFWJC,H7CPJ2NPVXEZJDCKJGEAFWJC,H7CPJ2NPVXEZJDCKJGEAFWJC,MLVTVMXRGXXP3,LeMieux Classique Base Layer,"Do it all in this UV50+ quarter zip base layer. Its technical fabric regulates your body temperature, with vented underarms to keep you cool and dry. Contrast matte logo print is a subtle sign of the quality you expect from LeMieux. Sweat-wicking, anti-microbial and with 360° stretch for unrestricted comfort, there&#39;s nothing this base layer can&#39;t do. The silky-smooth fabric, ultra-soft seams and flat lock stitches reduce chafing and keep bulk to a minimum when worn under a fleece, jacket or gilet.Designed to coordinate with the Classique Collection in the most popular LeMieux colours. Machine washable up to 30 degrees Please turn garment inside out before washing Wash with similar colours Only use non biological washing products Do not bleach Do not dry clean Allow to air dry, do not tumble dry or place on direct heat source Iron on low, avoiding logo areas",physical,visible,79,85,$79.00,24,0,24,false,true,false,false,CCKWD237LJCAWSCDUVN23D7X|DDIXKTDBILZCJ6PILBQT46WF|X6JVVXSLC6SH4FAULVWLNIIU,Base Layers|LeMieux|Women's Riding and Functional Shirts,https://131790741.cdn6.editmysite.com/uploads/1/3/1/7/131790741/2MDGN3JJXWE5HGLMM3MAZFZF.png,https://www.mags-tack.com/product/lemieux-classique-base-layer/H7CPJ2NPVXEZJDCKJGEAFWJC,2025-09-05T01:15:33+00:00,2026-06-29T17:58:59+00:00,2026-07-07T19:33:22+00:00
KCNXAZ5UPY4IYPBVDAN7POE5,KCNXAZ5UPY4IYPBVDAN7POE5,5346,MLVTVMXRGXXP3,LeMieux Close Contact Carbon Mesh Half Square Saddle Pad,,physical,visible,105,105,$105.00,3,0,3,false,true,false,false,DDIXKTDBILZCJ6PILBQT46WF|MOSA7PXNK5UFUF4HT5OP32FC|NY37ZZ7FJKR4SFMLEFVCQCHK,LeMieux|Saddle Pads|Close Contact,https://131790741.cdn6.editmysite.com/uploads/1/3/1/7/131790741/3TPI7AHRHUYHMURLZBIROFGM.jpeg,https://www.mags-tack.com/product/lemieux-close-contact-carbon-mesh-half-square-saddle-pad/5346,2024-11-21T23:40:52+00:00,2026-06-29T17:59:36+00:00,2026-07-07T19:33:26+00:00
DDS3LI6EULTQQVQYTYKBFCCH,DDS3LI6EULTQQVQYTYKBFCCH,DDS3LI6EULTQQVQYTYKBFCCH,MLVTVMXRGXXP3,Lemieux Cotton Close Contact Square Brown Large,"Range of plain close contact squares that is anything but plain! Designed for the active horse, offering style, durability and maximum fabric performance. A number of innovative design features have been incorporated in this fantastic pad. The classic Close-Contact cut from LeMieux is designed to fit a wide range of more forward cut jumping saddles. Now one of the most iconic jumping pads with its high wither, elasticated D-Ring tabs, signature teardrop girth protection area and swept back profile. These saddle pads offer a very sleek and professional look to anyone&#39;s saddle. The premium cotton top side is complimented by new super soft Bamboo lining which absorbs &amp; controls sweat under the saddle and is beautifully comfortable and secure - minimising friction even on sensitive skinned horses. Girth keepers incorporate inner locking loops to offer more girthing options. There are several attractive colours with more new ones being added seasonally and a selection of new Small/Med pads to accommodate smaller saddles. These top end designed pads are ideal for everyday or competition use. They also looked great when combined with a LeMieux Half Pad creating a very smart look. Machine washable on normal 30 degree cycle Advised to wash in a wash bag Pull into correct shape whilst damp to maintain shape during drying Please ensure the washing machine drum is large enough to safely accommodate the pad size Please ensure all Hook &amp; Loop is closed firmly prior to washing Air dry away from heat source (do not tumble)",physical,visible,105,105,$105.00,3,1,3,false,true,false,false,DDIXKTDBILZCJ6PILBQT46WF|MOSA7PXNK5UFUF4HT5OP32FC|NY37ZZ7FJKR4SFMLEFVCQCHK,LeMieux|Saddle Pads|Close Contact,https://131790741.cdn6.editmysite.com/uploads/1/3/1/7/131790741/Z7EPVWV2QRTVI4IFB37RYMJ5.jpeg,https://www.mags-tack.com/product/lemieux-cotton-close-contact-square-brown-large/DDS3LI6EULTQQVQYTYKBFCCH,2025-11-13T00:47:55+00:00,2026-06-29T17:59:43+00:00,2026-07-07T19:33:21+00:00
7DCNRSK2KJHDUU5VLM6YB3ZR,7DCNRSK2KJHDUU5VLM6YB3ZR,7DCNRSK2KJHDUU5VLM6YB3ZR,MLVTVMXRGXXP3,LeMieux Cotton GP Square,"Introducing a range of plain numnahs and squares that is anything but plain! Designed for the active horse, offering style, durability and maximum fabric performance. A number of new design features have been added to make this a fantastic pad. Super soft Bamboo lining to absorb &amp; control sweat under the saddle Inner layer improves sweat wicking properties Girth straps with optional inner locking loop to prevent slipping Swan Neck design for freedom at the wither Signature girth protection area for added strength Machine washable on normal 30 degree cycle Advised to wash in a wash bag Pull into correct shape whilst damp to maintain shape during drying Please ensure the washing machine drum is large enough to safely accommodate the pad size Please ensure all Hook &amp; Loop is closed firmly prior to washing Air dry away from heat source (do not tumble)",physical,visible,100,100,$100.00,6,0,6,false,true,false,false,DDIXKTDBILZCJ6PILBQT46WF|MOSA7PXNK5UFUF4HT5OP32FC|SVFYUCV2QBT6R7TUN6S26J7H,LeMieux|Saddle Pads|General Purpose,https://131790741.cdn6.editmysite.com/uploads/1/3/1/7/131790741/ZBUU7DJT7XFGT2KRSRLM7JB4.jpeg,https://www.mags-tack.com/product/lemieux-cotton-gp-square/7DCNRSK2KJHDUU5VLM6YB3ZR,2025-08-23T17:46:57+00:00,2026-06-29T17:59:05+00:00,2026-07-07T19:33:18+00:00
CH2FJZP6ZQRGR5PT3JF6EXJP,CH2FJZP6ZQRGR5PT3JF6EXJP,CH2FJZP6ZQRGR5PT3JF6EXJP,MLVTVMXRGXXP3,Lemieux Crystal Suede Dressage Square,"Designed for dressage saddles, the Crystal Suede Dressage Square benefits from a bamboo lining, durable faux leather girth protection area and sparkle and braided detail trims for an extra special look. Featuring a luxuriously soft suede-effect upper and a sophisticated new quilted pattern, the Crystal Suede Dressage Square offers a sleek and professional look to your saddle. We’ve finished this pad with stunning sparkle and braided detail trims, creating a classic competition look that&#39;s designed to stand out. This pad is uniquely shaped for a secure fit under dressage saddles whether you&#39;re competing in the ring or schooling in the arena. The innovative binding profile is designed to lay flat without pulling out of shape. The pad also features our friction-free bamboo lining, which wicks sweat and moisture directly from your horse&#39;s skin for reliable breathability and comfort when working. With its ultra-soft lining, PU leather girth protection area and high wither profile, this saddle pad delivers optimal comfort. Plus, girth keepers incorporate inner loops to offer more girthing options to optimise fit. Pair with the Crystal Fly Hood for your horse, and Crystal Gloves and Belt for you. Machine washable on delicate 30 degree cycle Advised to wash in a wash bag Pull into correct shape whilst damp Ensure all Hook &amp; Loop is closed firmly prior to washing Ensure the washing machine drum is large enough to safely accommodate the pad size Air dry away from heat source Do not tumble dry",physical,visible,120,120,$120.00,14,0,14,false,true,false,false,DDIXKTDBILZCJ6PILBQT46WF|EPZPDBQRGQA4CBYNWANJCCNH|MOSA7PXNK5UFUF4HT5OP32FC,LeMieux|Dressage|Saddle Pads,https://131790741.cdn6.editmysite.com/uploads/1/3/1/7/131790741/4ZTOPQUL4GL4MP62DQMV3VAQ.png,https://www.mags-tack.com/product/lemieux-crystal-suede-dressage-square/CH2FJZP6ZQRGR5PT3JF6EXJP,2025-10-08T23:42:46+00:00,2026-06-29T17:58:52+00:00,2026-07-07T19:33:21+00:00
F3M4GEF3ONHUTZFOLFYSTJIN,F3M4GEF3ONHUTZFOLFYSTJIN,5787,MLVTVMXRGXXP3,Lemieux Dynamique Show Jacket,"The stunning new Dynamiqué Show Jacket has been designed with your competition performance in mind. Vented side panels and sports mesh lining to the front provide the ultimate breathability, combined with superior stretch and recovery so that the rider is unrestricted and free to move. A subtle beaded trims on pocket edges and back belt panel add a touch of luxury sparkle and creates a flattering silhouette and stylish appearance. Fastened with a front zip and custom LeMieux press stud for stunning practicality, this Show Jacket is a must-have for all competition riders. Non biological detergent only Do not bleach Do not tumble dry Cool iron Do not dry clean Do not iron over logo areas",physical,visible,398,398,$398.00,6,0,6,false,true,false,false,32BPCDGBD7SSUTJZ7XU5ZFQ5|CVU3XYX4T7QJ435KSIRR66P6|DDIXKTDBILZCJ6PILBQT46WF|Z4L2KRSG4DOE5TIRBZ7ZFDKO,Show Jackets|Show Essentials|LeMieux|Women's Show Jackets,https://131790741.cdn6.editmysite.com/uploads/1/3/1/7/131790741/EJ5VBWOI4TAYKXCWXMHLGAR3.png,https://www.mags-tack.com/product/lemieux-dynamique-show-jacket/5787,2025-05-21T23:02:00+00:00,2026-06-29T17:59:36+00:00,2026-07-07T19:33:21+00:00
E6BEU3HPBSVU4SQAXE5XCMDZ,E6BEU3HPBSVU4SQAXE5XCMDZ,3724,MLVTVMXRGXXP3,LeMieux Dynamique Womens Jacket IT03479018,"Add a touch of style to your wardrobe with the perennially popular and elegant LeMieux Dynamique Jacket. Perfect for those chillier days, the Dynamique Jacket is the perfect blend of practicality and style, with a super soft lining and padded chevron satin panelling.The shaped fit creates a flattering outline while the detailing of the front zipped pockets, full zip closure and LeMieux badge give a refined finish. 30 degree wash Machine wash warm with like colours Wash garment inside out Do not bleach Do not tumble dry Do not iron",physical,visible,135,135,$135.00,31,0,31,false,true,false,false,2AW3CPER3S54YIHZPBS4AHAP|DDIXKTDBILZCJ6PILBQT46WF|LWDQCZ6IZ4V4AVSK7XRW5MPV,Outerwear|LeMieux|Women's Outerwear,https://131790741.cdn6.editmysite.com/uploads/1/3/1/7/131790741/ZKWLQK37ISNW4GIPYQSEQDCQ.jpeg,https://www.mags-tack.com/product/lemieux-dynamique-womens-jacket-it03479018/3724,2024-02-02T01:58:35+00:00,2026-06-29T17:59:05+00:00,2026-07-07T19:33:21+00:00
7P7BN4HLLEFZJCQJ6PWJSK5D,7P7BN4HLLEFZJCQJ6PWJSK5D,7P7BN4HLLEFZJCQJ6PWJSK5D,MLVTVMXRGXXP3,LeMieux Emily SS Show Shirt IT04835,,physical,visible,75,75,$75.00,3,0,3,false,true,false,false,BVIJQSCQR4F4LRMP3GBM22YS|CVU3XYX4T7QJ435KSIRR66P6|DDIXKTDBILZCJ6PILBQT46WF|NORUZ43TJQRMPK3OWDTUSFF7,Women's Show Shirts|Show Essentials|LeMieux|Show Shirts,https://131790741.cdn6.editmysite.com/uploads/1/3/1/7/131790741/T7BGRO4AOXQWNXH66APFPZ3R.jpeg,https://www.mags-tack.com/product/lemieux-emily-ss-show-shirt-it04835/7P7BN4HLLEFZJCQJ6PWJSK5D,2024-07-25T15:42:56+00:00,2026-06-29T17:59:05+00:00,2026-07-07T19:33:19+00:00
IS2CKRLK3PJSM53RZGP44W3J,IS2CKRLK3PJSM53RZGP44W3J,IS2CKRLK3PJSM53RZGP44W3J,MLVTVMXRGXXP3,LeMieux Essence Close Contact Square,"Designed for elite riders with technical performance that everyone can enjoy, the soft shell fabric of the Essence Collection of saddle pads exudes class. The contour quilted soft shell upper, meticulously designed to hug your horse&#39;s curves without wrinkling, is teamed with a soft, breathable self-cool lining. The cooling material is woven with cooling fibres, controlling heat by transferring heat away from the skin and wicking sweat efficiently to cool your horse. The warmer your horse gets, the harder the moisture-activated cooling lining works under the saddle. Combined with a full 3D carbon mesh spine for maximum airflow, this is a saddle pad uniquely designed for hardworking horses. The high wither shape reduces pressure and enhances your saddle&#39;s fit. Elasticated saddle straps, thoughtfully designed to be slimmer at the point of connecting to the D-ring, leave room for extra accessories catering to your specific training needs. The whole pad benefits from extensively researched, soft, friction-free binding that is specially fabricated to contour the edges smoothly. This technique helps retain the perfect saddle pad shape and binding profile. Sporty rubberised piping gives the pad a clean, athletic aesthetic. The sporty matte-textured faux leather girth protection area is complemented by an embossed logo. Our signature LeMieux hidden girth loop channels mean you can precisely place your girth. A unique LeMieux branded faux leather tab provides a luxurious finishing touch. Machine washable on normal 30 degree cycle Advised to wash in a wash bag Pull into correct shape whilst damp to maintain shape during drying Please ensure the washing machine drum is large enough to safely accommodate the pad size Please ensure all Hook &amp; Loop is closed firmly prior to washing Air dry away from heat source (do not tumble)",physical,visible,120,120,$120.00,12,0,12,false,true,false,false,DDIXKTDBILZCJ6PILBQT46WF|MOSA7PXNK5UFUF4HT5OP32FC|NY37ZZ7FJKR4SFMLEFVCQCHK,LeMieux|Saddle Pads|Close Contact,https://131790741.cdn6.editmysite.com/uploads/1/3/1/7/131790741/GPF7DWNKEACXEWWQER5SRLHB.jpeg,https://www.mags-tack.com/product/lemieux-essence-close-contact-square/IS2CKRLK3PJSM53RZGP44W3J,2025-12-23T20:44:26+00:00,2026-06-29T17:59:30+00:00,2026-07-07T19:33:24+00:00
BPZE37LIT5DANAQMOMYW4EC2,BPZE37LIT5DANAQMOMYW4EC2,BPZE37LIT5DANAQMOMYW4EC2,MLVTVMXRGXXP3,LeMieux Essence Dressage Square,"Designed for elite riders with technical performance that everyone can enjoy, the soft shell fabric of the Essence Collection of saddle pads exudes class. The contour quilted soft shell upper, meticulously designed to hug your horse&#39;s curves without wrinkling, is teamed with a soft, breathable self-cool lining. The cooling material is woven with cooling fibres, controlling heat by transferring heat away from the skin and wicking sweat efficiently to cool your horse. The warmer your horse gets, the harder the moisture-activated cooling lining works under the saddle. Combined with a full 3D carbon mesh spine for maximum airflow, this is a saddle pad uniquely designed for hardworking horses. The high wither shape reduces pressure and enhances your saddle&#39;s fit. Elasticated saddle straps, thoughtfully designed to be slimmer at the point of connecting to the D-ring, leave room for extra accessories catering to your specific training needs. The whole pad benefits from extensively researched, soft, friction-free binding that is specially fabricated to contour the edges smoothly. This technique helps retain the perfect saddle pad shape and binding profile. Sporty rubberised piping gives the pad a clean, athletic aesthetic. The sporty matte-textured faux leather girth protection area is complemented by an embossed logo. Our signature LeMieux hidden girth loop channels mean you can precisely place your girth. A unique LeMieux branded faux leather tab provides a luxurious finishing touch. Machine washable on normal 30 degree cycle Advised to wash in a wash bag Pull into correct shape whilst damp to maintain shape during drying Please ensure the washing machine drum is large enough to safely accommodate the pad size Please ensure all Hook &amp; Loop is closed firmly prior to washing Air dry away from heat source (do not tumble)",physical,visible,120,120,$120.00,6,0,6,false,true,false,false,DDIXKTDBILZCJ6PILBQT46WF|EPZPDBQRGQA4CBYNWANJCCNH|MOSA7PXNK5UFUF4HT5OP32FC,LeMieux|Dressage|Saddle Pads,https://131790741.cdn6.editmysite.com/uploads/1/3/1/7/131790741/Y4ATWOQEEWXFS6KIHHW647O6.jpeg,https://www.mags-tack.com/product/lemieux-essence-dressage-square/BPZE37LIT5DANAQMOMYW4EC2,2025-12-23T20:44:11+00:00,2026-06-29T17:58:59+00:00,2026-07-07T19:33:20+00:00
Y3TCAXQ3BWDRZNXWRUPGTTFZ,Y3TCAXQ3BWDRZNXWRUPGTTFZ,Y3TCAXQ3BWDRZNXWRUPGTTFZ,MLVTVMXRGXXP3,LeMieux Essence Dressage Square,"Designed for elite riders with technical performance that everyone can enjoy, the soft shell fabric of the Essence Collection of saddle pads exudes class.The contour quilted soft shell upper, meticulously designed to hug your horse&#39;s curves without wrinkling, is teamed with a soft, breathable self-cool lining. The cooling material is woven with cooling fibres, controlling heat by transferring heat away from the skin and wicking sweat efficiently to cool your horse. The warmer your horse gets, the harder the moisture-activated cooling lining works under the saddle. Combined with a full 3D carbon mesh spine for maximum airflow, this is a saddle pad uniquely designed for hardworking horses.The high wither shape reduces pressure and enhances your saddle&#39;s fit. Elasticated saddle straps, thoughtfully designed to be slimmer at the point of connecting to the D-ring, leave room for extra accessories catering to your specific training needs.The whole pad benefits from extensively researched, soft, friction-free binding that is specially fabricated to contour the edges smoothly. This technique helps retain the perfect saddle pad shape and binding profile. Sporty rubberised piping gives the pad a clean, athletic aesthetic.The sporty matte-textured faux leather girth protection area is complemented by an embossed logo. Our signature LeMieux hidden girth loop channels mean you can precisely place your girth.A unique LeMieux branded faux leather tab provides a luxurious finishing touch. Machine washable on normal 30 degree cycle Advised to wash in a wash bag Pull into correct shape whilst damp to maintain shape during drying Please ensure the washing machine drum is large enough to safely accommodate the pad size Please ensure all Hook &amp; Loop is closed firmly prior to washing Air dry away from heat source (do not tumble)",physical,visible,120,120,$120.00,11,2,11,false,true,false,false,DDIXKTDBILZCJ6PILBQT46WF|EPZPDBQRGQA4CBYNWANJCCNH|MOSA7PXNK5UFUF4HT5OP32FC,LeMieux|Dressage|Saddle Pads,https://131790741.cdn6.editmysite.com/uploads/1/3/1/7/131790741/WTTSSXULH626QUKQMF6A5T5T.png,https://www.mags-tack.com/product/lemieux-essence-dressage-square/Y3TCAXQ3BWDRZNXWRUPGTTFZ,2025-09-21T14:56:47+00:00,2026-06-29T17:59:17+00:00,2026-07-07T19:33:43+00:00
AMQKTZTGQHYQJ232TWHREO3C,AMQKTZTGQHYQJ232TWHREO3C,AMQKTZTGQHYQJ232TWHREO3C,MLVTVMXRGXXP3,LeMieux Essence Eurojump Square - Soft Shell Upper and Self Cooling Liner - High Wither,"Designed for elite riders with technical performance that everyone can enjoy, the soft shell fabric of the Essence Collection of saddle pads exudes class.The contour quilted soft shell upper, meticulously designed to hug your horse&#39;s curves without wrinkling, is teamed with a soft, breathable self-cool lining. The cooling material is woven with cooling fibres, controlling heat by transferring heat away from the skin and wicking sweat efficiently to cool your horse. The warmer your horse gets, the harder the moisture-activated cooling lining works under the saddle. Combined with a full 3D carbon mesh spine for maximum airflow, this is a saddle pad uniquely designed for hardworking horses.The high wither shape reduces pressure and enhances your saddle&#39;s fit. Elasticated saddle straps, thoughtfully designed to be slimmer at the point of connecting to the D-ring, leave room for extra accessories catering to your specific training needs.The whole pad benefits from extensively researched, soft, friction-free binding that is specially fabricated to contour the edges smoothly. This technique helps retain the perfect saddle pad shape and binding profile. Sporty rubberised piping gives the pad a clean, athletic aesthetic.The sporty matte-textured faux leather girth protection area is complemented by an embossed logo. Our signature LeMieux hidden girth loop channels mean you can precisely place your girth.A unique LeMieux branded faux leather tab provides a luxurious finishing touch. Machine washable on normal 30 degree cycle Advised to wash in a wash bag Pull into correct shape whilst damp to maintain shape during drying Please ensure the washing machine drum is large enough to safely accommodate the pad size Please ensure all Hook &amp; Loop is closed firmly prior to washing Air dry away from heat source (do not tumble)",physical,visible,119,119,$119.00,1,1,1,false,true,false,false,DDIXKTDBILZCJ6PILBQT46WF|EK637HZAHIV6AJB2MKDCMNY4|MOSA7PXNK5UFUF4HT5OP32FC,LeMieux|Jumper|Saddle Pads,https://131790741.cdn6.editmysite.com/uploads/1/3/1/7/131790741/FELE2UPROCSQMYMO4GHNWQJQ.jpeg,https://www.mags-tack.com/product/lemieux-essence-eurojump-square-soft-shell-upper-and-self-cooling-liner-high-wither/AMQKTZTGQHYQJ232TWHREO3C,2025-10-31T22:08:50+00:00,2026-06-29T17:59:43+00:00,2026-07-07T19:33:20+00:00
5U2Q6RMKAVLB7XPXROZ2RA2Z,5U2Q6RMKAVLB7XPXROZ2RA2Z,5631,MLVTVMXRGXXP3,LeMieux Finesse Dressage Square - Soft Shell Upper and Self Cooling Liner - High Wither,"Designed for elite riders with technical performance that everyone can enjoy, the soft shell fabric of the Finesse Collection of saddle pads exudes class.The contour quilted soft shell upper, meticulously designed to hug your horse&#39;s curves without wrinkling, is teamed with a soft, breathable self-cool lining. The cooling material is woven with cooling fibres, controlling heat by transferring heat away from the skin and wicking sweat efficiently to cool your horse. The warmer your horse gets, the harder the moisture-activated cooling lining works under the saddle. Combined with a full 3D carbon mesh spine for maximum airflow, this is a saddle pad uniquely designed for hardworking horses.The high wither shape reduces pressure and enhances your saddle&#39;s fit. Elasticated saddle straps, thoughtfully designed to be slimmer at the point of connecting to the D-ring, leave room for extra accessories catering to your specific training needs.The whole pad benefits from extensively researched, soft, friction-free binding that is specially fabricated to contour the edges smoothly. This technique helps retain the perfect saddle pad shape and binding profile. Sporty rubberised piping gives the pad a clean, athletic aesthetic.The sporty matte-textured faux leather girth protection area is complemented by an embossed logo. Our signature LeMieux hidden girth loop channels mean you can precisely place your girth.A unique LeMieux branded faux leather tab provides a luxurious finishing touch. Machine washable on normal 30 degree cycle Advised to wash in a wash bag Pull into correct shape whilst damp to maintain shape during drying Please ensure the washing machine drum is large enough to safely accommodate the pad size Please ensure all Hook &amp; Loop is closed firmly prior to washing Air dry away from heat source (do not tumble)",physical,visible,110,110,$110.00,13,1,13,false,true,false,false,DDIXKTDBILZCJ6PILBQT46WF|EPZPDBQRGQA4CBYNWANJCCNH|MOSA7PXNK5UFUF4HT5OP32FC,LeMieux|Dressage|Saddle Pads,https://131790741.cdn6.editmysite.com/uploads/1/3/1/7/131790741/FQX5XB3UOB4DCXYCEVPASQTZ.jpeg,https://www.mags-tack.com/product/lemieux-finesse-dressage-square-soft-shell-upper-and-self-cooling-liner-high-wither/5631,2025-03-15T01:42:36+00:00,2026-06-29T17:59:43+00:00,2026-07-07T19:33:14+00:00
XFEUMIQX6OTHFOZQCRPYFKVP,XFEUMIQX6OTHFOZQCRPYFKVP,5630,MLVTVMXRGXXP3,LeMieux Finesse Eurojump Square - Soft Shell Upper and Self Cooling Liner - High Wither,"Designed for elite riders with technical performance that everyone can enjoy, the soft shell fabric of the Essence Collection of saddle pads exudes class. The contour quilted soft shell upper, meticulously designed to hug your horse&#39;s curves without wrinkling, is teamed with a soft, breathable self-cool lining. The cooling material is woven with cooling fibres, controlling heat by transferring heat away from the skin and wicking sweat efficiently to cool your horse. The warmer your horse gets, the harder the moisture-activated cooling lining works under the saddle. Combined with a full 3D carbon mesh spine for maximum airflow, this is a saddle pad uniquely designed for hardworking horses.The high wither shape reduces pressure and enhances your saddle&#39;s fit. Elasticated saddle straps, thoughtfully designed to be slimmer at the point of connecting to the D-ring, leave room for extra accessories catering to your specific training needs. The whole pad benefits from extensively researched, soft, friction-free binding that is specially fabricated to contour the edges smoothly. This technique helps retain the perfect saddle pad shape and binding profile. Sporty rubberised piping gives the pad a clean, athletic aesthetic. The sporty matte-textured faux leather girth protection area is complemented by an embossed logo. Our signature LeMieux hidden girth loop channels mean you can precisely place your girth. A unique LeMieux branded faux leather tab provides a luxurious finishing touch. Machine washable on normal 30 degree cycle Advised to wash in a wash bag Pull into correct shape whilst damp to maintain shape during drying Please ensure the washing machine drum is large enough to safely accommodate the pad size Please ensure all Hook &amp; Loop is closed firmly prior to washing Air dry away from heat source (do not tumble)",physical,visible,110,120,$110.00,16,0,16,false,true,false,false,DDIXKTDBILZCJ6PILBQT46WF|EK637HZAHIV6AJB2MKDCMNY4|MOSA7PXNK5UFUF4HT5OP32FC,LeMieux|Jumper|Saddle Pads,https://131790741.cdn6.editmysite.com/uploads/1/3/1/7/131790741/JMYJYG5PXLDFNSBZ5H5NLGBK.jpeg,https://www.mags-tack.com/product/lemieux-finesse-eurojump-square-soft-shell-upper-and-self-cooling-liner-high-wither/5630,2025-03-15T01:40:23+00:00,2026-06-29T17:59:23+00:00,2026-07-07T19:33:42+00:00
XUKLBSULYVH6HDFHRUEWGCKZ,XUKLBSULYVH6HDFHRUEWGCKZ,XUKLBSULYVH6HDFHRUEWGCKZ,MLVTVMXRGXXP3,LeMieux Francis Quarter Zip Fleece,"Fly through your activities and chores in this lightweight, polar fleece, easy layering top. Mid-weight between a base layer and a fleece, it&#39;s ideal for adding a warm layer when needed, with strategically designed vents that offer breathability without compromising warmth. A quarter zip neck and thumbholes lend athletic wear style points, as does contrast colour LeMieux branding. Machine wash up to 30 degrees Non Biological detergent only Do Not Bleach Do Not Dry Clean Allow to air dry Do Not Tumble dry Do not Iron",physical,visible,79,79,$79.00,30,0,30,false,true,false,false,2AW3CPER3S54YIHZPBS4AHAP|DDIXKTDBILZCJ6PILBQT46WF|LWDQCZ6IZ4V4AVSK7XRW5MPV,Outerwear|LeMieux|Women's Outerwear,https://131790741.cdn6.editmysite.com/uploads/1/3/1/7/131790741/436PSPMKALOLPT4MOOHFGN46.png,https://www.mags-tack.com/product/lemieux-francis-quarter-zip-fleece/XUKLBSULYVH6HDFHRUEWGCKZ,2025-09-05T00:53:58+00:00,2026-06-29T17:59:05+00:00,2026-07-07T19:33:43+00:00
JQXXDJTJKI622R3GHKJYO5DA,JQXXDJTJKI622R3GHKJYO5DA,JQXXDJTJKI622R3GHKJYO5DA,MLVTVMXRGXXP3,Lemieux Harlow Tiny Beanie Pony,"Prepare for cuteness overload! These Tiny Beanie Ponies are squishy little versions of Harlow&#39;s pony besties. They&#39;re around the same pocket-friendly size as LeMieux Tiny Ponies but with floppy beanie legs and bodies, all ready for cuddles. There are four Harlow Beanie buddies to choose from: cheeky little Cloudy, pretty palomino Popcorn, gorgeous show pony Rolo, and champion all-rounder Panda. Accessorise them with the Harlow Beanie Rugs in Harlow&#39;s favourite Sugar Pink, Softmint Green and Coral Crush colours. They&#39;re the perfect size for playing, collecting, hugs and fun - take this fabulous foursome with you wherever you go!",physical,visible,39,39,$39.00,1,0,1,false,true,false,false,DDIXKTDBILZCJ6PILBQT46WF|NLJW6CS6J5FCDEMWNHJA3KIZ|W2DJCOYO2RVUV2QNTSWS3BZ6,LeMieux|Tiny Pony|Toy Ponies & Figures,https://131790741.cdn6.editmysite.com/uploads/1/3/1/7/131790741/LOEG7ZNTNJCF5NCSJPXP2ZET.png,https://www.mags-tack.com/product/lemieux-harlow-tiny-beanie-pony/JQXXDJTJKI622R3GHKJYO5DA,2025-10-09T00:04:31+00:00,2026-06-29T17:58:52+00:00,2026-07-07T19:33:25+00:00
MWIMHCTQMOWK5HHN5KB2WKIQ,MWIMHCTQMOWK5HHN5KB2WKIQ,MWIMHCTQMOWK5HHN5KB2WKIQ,MLVTVMXRGXXP3,Lemieux Harlow Toy Pony Headcollar & Leadrope,"Pamper their LeMieux Toy Pony with this soft faux fur-lined headcollar in Harlow&#39;s favourite Coral Crush. Little equestrians can learn and play at catching leading, and tying up their Toy Pony, and practising those tricky quick-release knots will be easy with the soft and flexible lead rope. This headcollar is fully adjustable and removable, just like the real thing, with a fastening on the headpiece and a clip-on two-tone leadrope. Matching Harlow Toy Pony accessories in Coral Crush are available. Machine washable on a normal 30 degree cycle Pull into correct shape whilst damp to maintain shape during drying Air dry, do not tumble dry Not suitable for children under 3 years Please be mindful of metal fittings on product Colour may vary to advertised photos",physical,visible,44,44,$44.00,2,2,2,false,true,false,false,DDIXKTDBILZCJ6PILBQT46WF|VIXAM4U5URXTY2WSHLMIB4TE|W2DJCOYO2RVUV2QNTSWS3BZ6,LeMieux|Toy Pony|Toy Ponies & Figures,https://131790741.cdn6.editmysite.com/uploads/1/3/1/7/131790741/SFQN4SMXGVNZ57GG6LWJAWOX.jpeg,https://www.mags-tack.com/product/lemieux-harlow-toy-pony-headcollar-leadrope/MWIMHCTQMOWK5HHN5KB2WKIQ,2025-11-24T17:59:20+00:00,2026-06-29T17:59:36+00:00,2026-07-07T19:33:28+00:00
LZUXSH6E7D7AW7ZXU325OIIT,LZUXSH6E7D7AW7ZXU325OIIT,LZUXSH6E7D7AW7ZXU325OIIT,MLVTVMXRGXXP3,Lemieux Harlow Toy Pony Pad,"A replica LeMieux saddle pad in miniature, adding an extra element to your Toy Pony&#39;s Harlow collab collection. Harlow fans will love playing at tacking up their Toy Pony, learning along the way. Just like Harlow&#39;s real ponies&#39; tack, this little saddle pad has a faux leather girth protection area and LeMieux branding. Matching accessories in Harlow&#39;s favourite Coral Crush are available, for little equestrians to create their very own mixy matchy combinations. Suitable for ages 3+ Machine washable on a normal 30 degree cycle Pull into correct shape whilst damp to maintain shape during drying Air dry, do not tumble dry Not suitable for children under 3 years Colour may vary to advertised photos",physical,visible,35,35,$35.00,2,2,2,false,true,false,false,DDIXKTDBILZCJ6PILBQT46WF|VIXAM4U5URXTY2WSHLMIB4TE|W2DJCOYO2RVUV2QNTSWS3BZ6,LeMieux|Toy Pony|Toy Ponies & Figures,https://131790741.cdn6.editmysite.com/uploads/1/3/1/7/131790741/Q7HEM2XYYUJO5HOG5D5TAXAK.jpeg,https://www.mags-tack.com/product/lemieux-harlow-toy-pony-pad/LZUXSH6E7D7AW7ZXU325OIIT,2025-11-24T17:59:18+00:00,2026-06-29T17:59:05+00:00,2026-07-07T19:33:27+00:00
4X5C6SCLIYMEGECHX4UBZMYM,4X5C6SCLIYMEGECHX4UBZMYM,4X5C6SCLIYMEGECHX4UBZMYM,MLVTVMXRGXXP3,Lemieux Harlow Toy Rider,,physical,visible,99,99,$99.00,2,2,2,false,true,false,false,DDIXKTDBILZCJ6PILBQT46WF|JE2TFYOFAQPNF3QZUSDI6OE2|ZY37QNO5ALB5BQZO56UVVTEN,LeMieux|Toy Riders|Toy Rider,https://131790741.cdn6.editmysite.com/uploads/1/3/1/7/131790741/6OGBEM2S36UG3ZX5DGF2ZYV3.jpeg,https://www.mags-tack.com/product/lemieux-harlow-toy-rider/4X5C6SCLIYMEGECHX4UBZMYM,2025-11-24T17:59:17+00:00,2026-06-29T17:59:17+00:00,2026-07-07T19:33:12+00:00
6PNA6WLJJANBNTMMVOW4PWN2,6PNA6WLJJANBNTMMVOW4PWN2,4967,MLVTVMXRGXXP3,LeMieux Hobby Horse,"It&#39;s showtime for Hobby Horse riders with Razzle, our champion black-and-white piebald Hobby Horse! Get your little equestrian geared up for endless active playtime with Razzle our showing cob, featuring a smart black-and white-mane. His imaginary story and personality will make him a favourite in your Hobby Horse collection. He&#39;s a spirited boy who loves showing off, equally at home galloping on the beach and prancing around the show ring! Complete with a realistic head, plaitable mane and a hook and loop mouth to hold our range of Hobby Horse accessories, mini riders will enjoy hours of fun galloping around with their very own Hobby Horse. A strong wooden stick is just the right length for all kinds of Hobby Horsing adventures. Matching accessories are also available to replicate the real Razzle&#39;s showing championship look. Suitable for ages 3+ Surface Clean Only",physical,visible,110,110,$110.00,21,0,21,false,true,false,false,DDIXKTDBILZCJ6PILBQT46WF|HXUBINXFZXFNRC2POCIRMVWJ|U4LTITTE6TJQZWDBYCG3CZ6W,LeMieux|Hobby Horse|Hobby Horses,https://131790741.cdn6.editmysite.com/uploads/1/3/1/7/131790741/NC3VVRURE4TCVLK6MEFAZD6O.jpeg,https://www.mags-tack.com/product/lemieux-hobby-horse/4967,2024-05-27T18:09:39+00:00,2026-06-29T17:59:36+00:00,2026-07-07T19:33:18+00:00
KSMVF3GC56JHYGHD3LM2WQNU,KSMVF3GC56JHYGHD3LM2WQNU,KSMVF3GC56JHYGHD3LM2WQNU,MLVTVMXRGXXP3,LeMieux Hobby Horse,"Pick up a pony with Hobby Horse Sammie, a gorgeous dappled grey with pretty grey mane. His coat is super soft – perfect for grooming and looking after. A detachable wooden stick makes this delightful toy safe for all kinds of Hobby Horsing adventures. Their hook and loop mouth holds your Hobby Horse accessories. Every Hobby Horse is individually hand finished, varying slightly in size and shape. Of course, additional matching accessories are available for Sam in your favourite colours, including fly hoods, headcollars, and fully working bridles in real leather, making these toys great fun to play with and educational, too. Accessories sold separately. Suitable for ages 3+ Surface clean only",physical,visible,119,119,$119.00,8,0,8,false,true,false,false,DDIXKTDBILZCJ6PILBQT46WF|HXUBINXFZXFNRC2POCIRMVWJ|U4LTITTE6TJQZWDBYCG3CZ6W,LeMieux|Hobby Horse|Hobby Horses,https://131790741.cdn6.editmysite.com/uploads/1/3/1/7/131790741/AMA46QSI4ZNJDKXXRVXXGHZY.jpeg,https://www.mags-tack.com/product/lemieux-hobby-horse/KSMVF3GC56JHYGHD3LM2WQNU,2025-12-23T20:43:48+00:00,2026-06-29T17:59:43+00:00,2026-07-07T19:33:26+00:00
QKJH5F3E4GVORMMHQMIVE2JK,QKJH5F3E4GVORMMHQMIVE2JK,QKJH5F3E4GVORMMHQMIVE2JK,MLVTVMXRGXXP3,LeMieux Hobby Horse Carry Bag,"Carry your LeMieux Hobby Horse wherever you travel in this smart backpack bag. There&#39;s a small zipped opening in the base of the bag for the pole to slot through. Or, for a more streamlined way to carry, there&#39;s a side pocket and hook and loop tab for lashing detachable sticks. Smart-looking tonal binding and adjustable backpack straps make this the ideal accessory for Hobby Horse enthusiasts who want to take their passion with them everywhere. Wipe clean only",physical,visible,55,55,$55.00,2,1,2,false,true,false,false,DDIXKTDBILZCJ6PILBQT46WF|HXUBINXFZXFNRC2POCIRMVWJ|U4LTITTE6TJQZWDBYCG3CZ6W,LeMieux|Hobby Horse|Hobby Horses,https://131790741.cdn6.editmysite.com/uploads/1/3/1/7/131790741/KSD27VNZNGRBT5XAMMHT6WVV.jpeg,https://www.mags-tack.com/product/lemieux-hobby-horse-carry-bag/QKJH5F3E4GVORMMHQMIVE2JK,2025-12-05T20:45:06+00:00,2026-06-29T17:59:56+00:00,2026-07-07T19:33:34+00:00
CLBC4KP4Z5VXSFA2RGABONCI,CLBC4KP4Z5VXSFA2RGABONCI,CLBC4KP4Z5VXSFA2RGABONCI,MLVTVMXRGXXP3,LeMieux Hobby Horse Clean Hood,"Keep your Hobby Horse clean and neat before show day with this professional-looking Keep Clean Hood!Easy to pop on, and neatly secured with ear holes and an elasticated hole at the stick end. Eye holes allow a full range of vision for curious Hobby Horses!Suitable for ages 3+ Machine wash up to 30 degrees Do not bleach Do not iron Do not dry clean Do not tumble dry",physical,visible,39,39,$39.00,3,3,3,false,true,false,false,DDIXKTDBILZCJ6PILBQT46WF|HXUBINXFZXFNRC2POCIRMVWJ|U4LTITTE6TJQZWDBYCG3CZ6W,LeMieux|Hobby Horse|Hobby Horses,https://131790741.cdn6.editmysite.com/uploads/1/3/1/7/131790741/NQ6DYHVS4PONOZ57S5SWKR3M.jpeg,https://www.mags-tack.com/product/lemieux-hobby-horse-clean-hood/CLBC4KP4Z5VXSFA2RGABONCI,2025-09-21T17:45:22+00:00,2026-06-29T17:58:52+00:00,2026-07-07T19:33:20+00:00
NKUJ6SWR2DEJ7PGK7FY3WGN3,NKUJ6SWR2DEJ7PGK7FY3WGN3,NKUJ6SWR2DEJ7PGK7FY3WGN3,MLVTVMXRGXXP3,LeMieux Hobby Horse Competition Bridle,"The LeMieux Hobby Horse Competition Bridle is show quality in miniature! Interchangeable and interactive, it features an elegantly-shaped, padded black leather browband and noseband with decorative stitching. It&#39;s a beautiful educational addition to add to your little one&#39;s collection. Clean with a suitable leather cleaner Dry with soft cloth Apply suitable leather balm Store in a clean, dry place",physical,visible,55,55,$55.00,17,17,17,false,false,false,false,DDIXKTDBILZCJ6PILBQT46WF|HXUBINXFZXFNRC2POCIRMVWJ|U4LTITTE6TJQZWDBYCG3CZ6W,LeMieux|Hobby Horse|Hobby Horses,https://131790741.cdn6.editmysite.com/uploads/1/3/1/7/131790741/5PG5YGI3D6E3Q36AHXYBCHFA.png,https://www.mags-tack.com/product/lemieux-hobby-horse-competition-bridle/NKUJ6SWR2DEJ7PGK7FY3WGN3,2024-09-05T22:22:53+00:00,2026-06-29T17:59:56+00:00,2026-07-07T19:33:30+00:00
HNH7RAOKDABLVW4BOES4WG3V,HNH7RAOKDABLVW4BOES4WG3V,5661,MLVTVMXRGXXP3,Lemieux Hobby Horse Double Bridle,"A real leather double bridle crafted by artisans just like the real thing. This Hobby Horse double bridle has functional buckles for perfect fitting and adjustment in miniature. A snazzy crystal padded browband gives the LeMieux look, while a soft white leather and black patent leather padded noseband lends an authentic dressage appearance. Complete with mini Weymouth and Bradoon bits, with two sets of reins, it&#39;s perfect for little dressage riders to practice tacking up. Wipe Clean Only",physical,visible,66,66,$66.00,2,2,2,false,true,false,false,DDIXKTDBILZCJ6PILBQT46WF|HXUBINXFZXFNRC2POCIRMVWJ|U4LTITTE6TJQZWDBYCG3CZ6W,LeMieux|Hobby Horse|Hobby Horses,https://131790741.cdn6.editmysite.com/uploads/1/3/1/7/131790741/5V2RLDFK66OWCOJQ6EZO76VB.png,https://www.mags-tack.com/product/lemieux-hobby-horse-double-bridle/5661,2025-03-24T23:03:10+00:00,2026-06-29T17:59:56+00:00,2026-07-07T19:33:23+00:00
R2FCJKN7XVAK3H2OCJS7LMSU,R2FCJKN7XVAK3H2OCJS7LMSU,5293,MLVTVMXRGXXP3,LeMieux Hobby Horse Fly Hood,"An identical miniature version of the Classic Fly Hood with intricate handmade crochet, our Toy Pony Fly Hood is the perfect addition to your Toy Pony setup.Super soft suede ears, beautiful braiding detail and LeMieux logo means your Mini LeMieux Pony can look just like the real thing in a full matchy matchy outfit!Suitable for ages 3+ Machine wash at 30 degrees",physical,visible,39,39,$39.00,52,0,52,false,true,false,false,DDIXKTDBILZCJ6PILBQT46WF|HXUBINXFZXFNRC2POCIRMVWJ|U4LTITTE6TJQZWDBYCG3CZ6W,LeMieux|Hobby Horse|Hobby Horses,https://131790741.cdn6.editmysite.com/uploads/1/3/1/7/131790741/BJDZKRWZV3TZDMINA3IT6LEP.png,https://www.mags-tack.com/product/lemieux-hobby-horse-fly-hood/5293,2024-10-30T20:44:02+00:00,2026-06-29T17:59:05+00:00,2026-07-07T19:33:35+00:00
CLDJ43W2OTLDCBENNU5EHA3N,CLDJ43W2OTLDCBENNU5EHA3N,5014,MLVTVMXRGXXP3,LeMieux Hobby Horse Grackle Bridle,"Teach your up-and-coming rider how to tack up with our premium-quality Hobby Horse Grackle Bridle. Fully interchangeable and interactive, it&#39;s made from a mix of smooth brown leather and soft lambswool with stunning decorative stitching and padding for comfort. It&#39;s a beautiful educational addition to add to your little one&#39;s collection. Clean with a suitable leather cleaner Dry with a clean, soft cloth Apply a suitable leather balm Store in a clean, dry place",physical,visible,50,50,$50.00,5,5,5,false,false,false,false,DDIXKTDBILZCJ6PILBQT46WF|HXUBINXFZXFNRC2POCIRMVWJ|U4LTITTE6TJQZWDBYCG3CZ6W,LeMieux|Hobby Horse|Hobby Horses,https://131790741.cdn6.editmysite.com/uploads/1/3/1/7/131790741/KSH2UV4KMN7DFIPDK4DDDXOV.jpeg,https://www.mags-tack.com/product/lemieux-hobby-horse-grackle-bridle/5014,2024-07-07T18:10:16+00:00,2026-06-29T17:59:56+00:00,2026-07-07T19:33:21+00:00
33CJJEMW7RX6VWCXGPHCNJZU,33CJJEMW7RX6VWCXGPHCNJZU,5725,MLVTVMXRGXXP3,Lemieux Hobby Horse Hunter Bridle,"Little equestrians can learn all about the Hunter style with this realistic, full adjustable Hunter bridle. Made from soft leather, it has a metal bit that fits perfectly into your Hobby Horse&#39;s mouth. Just like the real thing, this Hunter bridle has smart stitching details and laced reins ready for the show ring. Suitable for ages 8+ Clean with a Suitable Leather Cleaner &amp; Apply a Suitable Leather Balm only. Store in a Clean, Dry Place",physical,visible,60,60,$60.00,12,12,12,false,false,false,false,DDIXKTDBILZCJ6PILBQT46WF|HXUBINXFZXFNRC2POCIRMVWJ|U4LTITTE6TJQZWDBYCG3CZ6W,LeMieux|Hobby Horse|Hobby Horses,https://131790741.cdn6.editmysite.com/uploads/1/3/1/7/131790741/QKLPWD2VXECRKEZN53KV4HTR.png,https://www.mags-tack.com/product/lemieux-hobby-horse-hunter-bridle/5725,2025-04-16T23:17:27+00:00,2026-06-29T17:59:30+00:00,2026-07-07T19:33:13+00:00
DL5EORPIEV3IQRTMWTY7IMCN,DL5EORPIEV3IQRTMWTY7IMCN,DL5EORPIEV3IQRTMWTY7IMCN,MLVTVMXRGXXP3,LeMieux Hobby Horse Showing Bridle,"Little equestrians can learn all about showing style with this realistic, full adjustable Showing bridle. Made from soft leather, it has a metal bit that fits perfectly into your Hobby Horse&#39;s mouth. Just like the real thing, this showing bridle has a beautiful, eye-catching browband and buckled reins ready for the show ring. Suitable for ages 8+ Wipe Clean Only",physical,visible,60,60,$60.00,16,16,16,false,false,false,false,DDIXKTDBILZCJ6PILBQT46WF|HXUBINXFZXFNRC2POCIRMVWJ|U4LTITTE6TJQZWDBYCG3CZ6W,LeMieux|Hobby Horse|Hobby Horses,https://131790741.cdn6.editmysite.com/uploads/1/3/1/7/131790741/X4EUETESOJKFQDNV5XILD26L.jpeg,https://www.mags-tack.com/product/lemieux-hobby-horse-showing-bridle/DL5EORPIEV3IQRTMWTY7IMCN,2024-09-19T00:23:04+00:00,2026-06-29T17:59:43+00:00,2026-07-07T19:33:21+00:00
C3XWF33JLOHZVEW6CNUTYSMY,C3XWF33JLOHZVEW6CNUTYSMY,5294,MLVTVMXRGXXP3,LeMieux Hobby Horse Vogue Headcollar & Leadrope,Our Hobby Horse Vogue Headcollar is a soft and stylish headcollar for your hobby horse adventures. It features luxurious fleece inserts at the poll strap and nose band. It&#39;s multi-adjustable at the curb and poll strap from both sides.A colourful and durable matching leadrope is included.Suitable for ages 3+ Machine wash up to 30 degrees Do not bleach Do not dry clean Allow to air dry only Do not tumble dry Do not iron,physical,visible,40,41,$40.00,16,0,16,false,true,false,false,DDIXKTDBILZCJ6PILBQT46WF|HXUBINXFZXFNRC2POCIRMVWJ|U4LTITTE6TJQZWDBYCG3CZ6W,LeMieux|Hobby Horse|Hobby Horses,https://131790741.cdn6.editmysite.com/uploads/1/3/1/7/131790741/ZQYLTU6BGOUCO5J4M2YZP624.png,https://www.mags-tack.com/product/lemieux-hobby-horse-vogue-headcollar-leadrope/5294,2024-10-30T20:50:12+00:00,2026-06-29T17:59:30+00:00,2026-07-07T19:33:20+00:00
7RXM7WNOGTBJFK5PN46V7LW7,7RXM7WNOGTBJFK5PN46V7LW7,5535,MLVTVMXRGXXP3,Lemieux Hope Lightweight LS Base Layer,"Beat the heat in this ultra-lightweight Base Layer. Ideal for hotter climates, its UV30+ fabric protects you from the sun&#39;s harsh rays, while a cooling treatment makes it comfortable to wear in any temperature.Its lightweight and soft fabric, combined with a quarter zip, 360° stretch, and antimicrobial properties, ensures a comfortable fit. Mesh under the sleeves provides extra ventilation, making it ideal for all outdoor activities.The discreet LeMieux logo branding is a mark of quality and a symbol of style, ensuring you look your best while staying protected. Machine wash up to 30 degrees with similar colours Use non biological detergent Do not bleach Do not tumble dry, air dry only Do not dry clean Cool iron only Do not iron over logo areas",physical,visible,70,70,$70.00,24,2,24,false,true,false,false,4UA2FV6CTIYIIY4GVTIKH7JW|DDIXKTDBILZCJ6PILBQT46WF|ZSHJKFJ6VNVGDTEPTDFRRAFO,Kid's Riding shirts|LeMieux|Riding Shirts,https://131790741.cdn6.editmysite.com/uploads/1/3/1/7/131790741/RBRJADOZPSDEAZJLGJ3DZXSE.jpeg,https://www.mags-tack.com/product/lemieux-hope-lightweight-ls-base-layer/5535,2025-02-10T21:11:43+00:00,2026-06-29T17:59:17+00:00,2026-07-07T19:33:19+00:00
AESH43GAC6PAJHRIQ2YF3L45,AESH43GAC6PAJHRIQ2YF3L45,AESH43GAC6PAJHRIQ2YF3L45,MLVTVMXRGXXP3,LeMieux Isabelle Full Seat Breeches,"Technically designed, these sleek breeches combine equestrian-led design with smart looks for an advanced ride. Smart square front pockets with tonal reflective details, a seamless-feel design, and a soft and flexible four-way adaptive stretch keep you moving in comfort. Belt loops, faux back pockets, and a fly front are classic breech styling details. Offered in full seat and knee grip styles, they deliver stability and security in the saddle, according to your preference. Anatomic leg panels reduce bulk under your boots for a close contact feel, while the seamfree inside leg means that nothing will get in the way between you and your best ride yet. Can be machine washed on a 30 degree cycle Please ensure all hook and loop is securely fastened prior to washing Allow to air dry naturally Do not tumble dry",physical,visible,120,120,$120.00,24,0,24,false,true,false,false,2IAD6SD5I7I4WKRPMURT6ATW|DDIXKTDBILZCJ6PILBQT46WF|E4ZGNMKBQUCK7T5MSQYXCT5Y,Full Seat Breeches|LeMieux|Women's Full Seat Breeches,https://131790741.cdn6.editmysite.com/uploads/1/3/1/7/131790741/ZGXG76VTDBZFHJEK6A2FHZET.jpeg,https://www.mags-tack.com/product/lemieux-isabelle-full-seat-breeches/AESH43GAC6PAJHRIQ2YF3L45,2024-09-19T00:33:26+00:00,2026-07-07T23:52:51+00:00,2026-07-07T23:53:40+00:00
CFG3OCH7SSOCEVM5L4GLWYZK,CFG3OCH7SSOCEVM5L4GLWYZK,5626,MLVTVMXRGXXP3,LeMieux Jessica Mesh Show Jacket,"Competing in hot climates can be challenging, but this specialist technical performance jacket makes beating the heat a breeze.It&#39;s a lightweight, breathable show jacket designed to take care of the temperature so you can focus on performing your best. Perforated panels and ultra-fine mesh under the arms and armpits ensure ventilation and airflow, no matter how hard you work. With elegant yet sporty contour seam lines and exposed zip pockets, it uses minimal fabric to maximum effect, to fit and flatter your figure as you ride. British Eventing legal. Hand wash only using non biological detergents if needed Do not bleach Do not dry clean Allow to air dry Do not tumble dry Iron on low avoiding logo areas",physical,visible,420,420,$420.00,23,0,23,false,true,false,false,32BPCDGBD7SSUTJZ7XU5ZFQ5|CVU3XYX4T7QJ435KSIRR66P6|DDIXKTDBILZCJ6PILBQT46WF|Z4L2KRSG4DOE5TIRBZ7ZFDKO,Show Jackets|Show Essentials|LeMieux|Women's Show Jackets,https://131790741.cdn6.editmysite.com/uploads/1/3/1/7/131790741/SG4ADQMGJAH726H7TYG7XJ6U.jpeg,https://www.mags-tack.com/product/lemieux-jessica-mesh-show-jacket/5626,2025-03-15T01:08:07+00:00,2026-06-29T17:59:17+00:00,2026-07-07T19:33:20+00:00
PAIDVEF5SO235TVL77445JVR,PAIDVEF5SO235TVL77445JVR,5732,MLVTVMXRGXXP3,LeMieux Junior Elite Soft Shell Jacket,"Our &#39;must have&#39; Team Soft Shell jacket is now available for Young Riders! This jacket has a beautiful soft touch outer which is water and wind resistant, and an ultra-soft micro fleece backing for ultimate cosy comfort. The stand collar provides added protection from the elements and zipped hand pockets make it practical both on and off the yard. Statement LeMieux branding on the sleeve and shoulder. Machine washable up to 30 degrees Non biological detergent only Do not bleach Do not tumble dry Do not iron over logo area Do not dry clean",physical,visible,110,110,$110.00,4,1,4,false,true,false,false,2AW3CPER3S54YIHZPBS4AHAP|DDIXKTDBILZCJ6PILBQT46WF|YA5WBRFN6XT3SXTL7IW7EVLP,Outerwear|LeMieux|Kid's Outerwear and Vests,https://131790741.cdn6.editmysite.com/uploads/1/3/1/7/131790741/YNQXQAD5ILME2W5RJX5FPRU3.jpeg,https://www.mags-tack.com/product/lemieux-junior-elite-soft-shell-jacket/5732,2025-04-17T21:34:05+00:00,2026-06-29T17:59:43+00:00,2026-07-07T19:33:33+00:00
MGV5DKDMIGF5RSRFIQGI2VEI,MGV5DKDMIGF5RSRFIQGI2VEI,MGV5DKDMIGF5RSRFIQGI2VEI,MLVTVMXRGXXP3,Lemieux Junior Pro Show Jacket,"Our signature LeMieux premium show jacket, scaled for young riders. Built for competition, it has perforated side vents lined with performance air mesh for comfort and breathability. Sophisticated crystal details on the collar, back belt and split tail tips give a sophisticated edge, while subtle LeMieux branded finishing touches on the hip and arm convey quiet confidence. Generous side zip pockets and a durable front zip with distinctive LeMieux branded poppers lend practicality to this show-stopping jacket. Machine wash up to 30 degrees Non-Biological detergent only Wash with Similar colours only Do Not Tumble Dry Do Not Bleach Do Not Dry Clean Iron on Low, avoiding logo areas.",physical,visible,299,299,$299.00,8,0,8,false,true,false,false,7K46N5G377IHN4BVR7EWPVPJ|CVU3XYX4T7QJ435KSIRR66P6|DDIXKTDBILZCJ6PILBQT46WF|JYNV5CDLESKHSBOQSUUPQKTS,Show Jackets|Show Essentials|LeMieux|Kid's Show Jackets,https://131790741.cdn6.editmysite.com/uploads/1/3/1/7/131790741/4672COWK2E4FZQUIJLAKNU5Q.jpeg,https://www.mags-tack.com/product/lemieux-junior-pro-show-jacket/MGV5DKDMIGF5RSRFIQGI2VEI,2025-09-28T17:10:56+00:00,2026-06-29T17:59:30+00:00,2026-07-07T19:33:28+00:00
AIHNYJHWVDVFL3KNA7HP3Y45,AIHNYJHWVDVFL3KNA7HP3Y45,AIHNYJHWVDVFL3KNA7HP3Y45,MLVTVMXRGXXP3,LeMieux LM Crystal Suede CC Square IT03875,"Designed for forward-cut jumping saddles, the Crystal Suede Close Contact Saddle Pad benefits from a bamboo lining, durable faux leather girth protection area and sparkle and braided detail trims for an extra special look. Featuring a luxuriously soft suede-effect upper and a sophisticated new quilted pattern, the Crystal Suede Close Contact Saddle Pad offers a sleek and professional look to your saddle. We’ve finished this pad with stunning sparkle and braided detail trims, creating a classic competition look that&#39;s designed to stand out. This pad is uniquely shaped for a secure fit under forward-cut jumping saddles whether you&#39;re competing in the ring or practising in the arena. The innovative binding profile is designed to lay flat without pulling out of shape. The pad also features our friction-free bamboo lining, which wicks sweat and moisture directly from your horse&#39;s skin for reliable breathability and comfort when working. With its ultra-soft lining, PU leather girth protection area and high wither profile, this saddle pad delivers optimal comfort. Plus, girth keepers incorporate inner loops to offer more girthing options to optimise fit. Pair with the Crystal Fly Hood for your horse, and Crystal Gloves and Belt for you. Machine washable on delicate 30 degree cycle Advised to wash in a wash bag Pull into correct shape whilst damp Ensure all Hook &amp; Loop is closed firmly prior to washing Ensure the washing machine drum is large enough to safely accommodate the pad size Air dry away from heat source Do not tumble dry",physical,visible,115,115,$115.00,4,2,4,false,true,false,false,7EXK66N6ENJVFZVEPERPZGLE|DDIXKTDBILZCJ6PILBQT46WF|MOSA7PXNK5UFUF4HT5OP32FC,Saddle Pads|LeMieux|Saddle Pads,https://131790741.cdn6.editmysite.com/uploads/1/3/1/7/131790741/HBFNUGQPKPMOZNXIQVHF3E4A.jpeg,https://www.mags-tack.com/product/lemieux-lm-crystal-suede-cc-square-it03875/AIHNYJHWVDVFL3KNA7HP3Y45,2024-08-29T01:27:28+00:00,2026-06-29T17:59:30+00:00,2026-07-07T19:33:20+00:00
KJ6QVQU42BIP7TKYP3V7F5WF,KJ6QVQU42BIP7TKYP3V7F5WF,3652,MLVTVMXRGXXP3,LeMieux Loire Classic Close Contact Square,"Described as the most stylish saddle pad LeMieux has ever produced, the Loire Collection exudes sophistication and style, while delivering technical advancement.Woven Loire satin upper benefits from a wonderfully soft and breathable natural bamboo blend lining. The bamboo material controls heat and wicks efficiently to keep your horse cool under the saddle.The high wither shape reduces pressure and enhances the fit of your saddle. Elasticated saddle straps are slimmer at the point of connecting to the D-ring, leaving room for extra accessories.The whole pad benefits from an extensively-researched, soft, friction-free binding which is specially fabricated to smoothly contour the edges. This new technique helps retain the perfect saddle pad shape and binding profile.The textured faux leather girth protection area is complemented by an embossed logo and carries the usual signature LeMieux lower girth strap with its inner girth loops.A unique LeMieux logo metal badge on a leather mount in the lower back corner provides a luxurious finishing touch. Machine washable on normal 30 degree cycle Advised to wash in a wash bag Pull into correct shape whilst damp to maintain shape during drying Please ensure the washing machine drum is large enough to safely accommodate the pad size Please ensure all Hook &amp; Loop is closed firmly prior to washing Air dry away from heat source (do not tumble)",physical,visible,110,110,$110.00,24,0,24,false,true,false,false,DDIXKTDBILZCJ6PILBQT46WF|MOSA7PXNK5UFUF4HT5OP32FC|NY37ZZ7FJKR4SFMLEFVCQCHK,LeMieux|Saddle Pads|Close Contact,https://131790741.cdn6.editmysite.com/uploads/1/3/1/7/131790741/SVA7QM26WS3F322LU4RFSQJO.jpeg,https://www.mags-tack.com/product/lemieux-loire-classic-close-contact-square/3652,2024-02-02T01:58:35+00:00,2026-06-29T17:58:52+00:00,2026-07-07T19:33:26+00:00
FV3U4EDNYJGGCE7FR7XY247D,FV3U4EDNYJGGCE7FR7XY247D,FV3U4EDNYJGGCE7FR7XY247D,MLVTVMXRGXXP3,LeMieux Loire Classic Close Contact Square,"Described as the most stylish saddle pad LeMieux has ever produced, the Loire Collection exudes sophistication and style, while delivering technical advancement.Woven Loire satin upper benefits from a wonderfully soft and breathable natural bamboo blend lining. The bamboo material controls heat and wicks efficiently to keep your horse cool under the saddle.The high wither shape reduces pressure and enhances the fit of your saddle. Elasticated saddle straps are slimmer at the point of connecting to the D-ring, leaving room for extra accessories.The whole pad benefits from an extensively-researched, soft, friction-free binding which is specially fabricated to smoothly contour the edges. This new technique helps retain the perfect saddle pad shape and binding profile.The textured faux leather girth protection area is complemented by an embossed logo and carries the usual signature LeMieux lower girth strap with its inner girth loops.A unique LeMieux logo metal badge on a leather mount in the lower back corner provides a luxurious finishing touch. Machine washable on normal 30 degree cycle Advised to wash in a wash bag Pull into correct shape whilst damp to maintain shape during drying Please ensure the washing machine drum is large enough to safely accommodate the pad size Please ensure all Hook &amp; Loop is closed firmly prior to washing Air dry away from heat source (do not tumble)",physical,visible,105,115,$105.00,5,0,5,false,true,false,false,DDIXKTDBILZCJ6PILBQT46WF|MOSA7PXNK5UFUF4HT5OP32FC|NY37ZZ7FJKR4SFMLEFVCQCHK,LeMieux|Saddle Pads|Close Contact,https://131790741.cdn6.editmysite.com/uploads/1/3/1/7/131790741/BIB6C6XH56RMLPQTG4LPVW3B.jpeg,https://www.mags-tack.com/product/lemieux-loire-classic-close-contact-square/FV3U4EDNYJGGCE7FR7XY247D,2025-06-26T22:54:31+00:00,2026-06-29T17:59:43+00:00,2026-07-11T17:07:37+00:00
LNZVNDMIHTGFK5FUUCGX4ICV,LNZVNDMIHTGFK5FUUCGX4ICV,LNZVNDMIHTGFK5FUUCGX4ICV,MLVTVMXRGXXP3,LeMieux Loire Classic Close Contact Square,"Described as the most stylish saddle pad LeMieux has ever produced, the Loire Collection exudes sophistication and style, while delivering technical advancement. Woven Loire satin upper benefits from a wonderfully soft and breathable natural bamboo blend lining. The bamboo material controls heat and wicks efficiently to keep your horse cool under the saddle. The high wither shape reduces pressure and enhances the fit of your saddle. Elasticated saddle straps are slimmer at the point of connecting to the D-ring, leaving room for extra accessories. The whole pad benefits from an extensively-researched, soft, friction-free binding which is specially fabricated to smoothly contour the edges. This new technique helps retain the perfect saddle pad shape and binding profile. The textured faux leather girth protection area is complemented by an embossed logo and carries the usual signature LeMieux lower girth strap with its inner girth loops. A unique LeMieux logo metal badge mounted in the lower back corner provides a luxurious finishing touch. Machine washable on normal 30 degree cycle Advised to wash in a wash bag Pull into correct shape whilst damp to maintain shape during drying Please ensure the washing machine drum is large enough to safely accommodate the pad size Please ensure all Hook &amp; Loop is closed firmly prior to washing Air dry away from heat source (do not tumble)",physical,visible,135,135,$135.00,21,0,21,false,true,false,false,DDIXKTDBILZCJ6PILBQT46WF|MOSA7PXNK5UFUF4HT5OP32FC|NY37ZZ7FJKR4SFMLEFVCQCHK,LeMieux|Saddle Pads|Close Contact,https://131790741.cdn6.editmysite.com/uploads/1/3/1/7/131790741/O3ZONIXKQVYD4SA5QHEHNYYK.jpeg,https://www.mags-tack.com/product/lemieux-loire-classic-close-contact-square/LNZVNDMIHTGFK5FUUCGX4ICV,2025-12-23T20:43:53+00:00,2026-06-29T17:58:52+00:00,2026-07-07T19:33:27+00:00
ZZLCLVCWT5WJHXF744UUIA22,ZZLCLVCWT5WJHXF744UUIA22,4854,MLVTVMXRGXXP3,LeMieux Loire Classic Dressage Square,Described as the most stylish dressage pad LeMieux have ever produced. The Loire collection exudes sophistication and class - showing style without showing off! Woven Satin fabric gives a beautiful sheen to these pads whilst still benefitting from the wonderfully soft and breathable Bamboo lining. The 100% natural Bamboo material controls heat &amp; sweat and wicks very efficiently. The whole pad benefits from a new extensively researched soft friction-free suede binding which is specially fabricated to smoothly contour the edges. This new technique helps retain the perfect saddle pad shape and binding profile. The textured PU leather girth protection area is complimented by an embossed logo and carries the usual signature LeMieux lower girth strap with its inner locking loops. The piece de resistance of the Loire Dressage Square is its unique metal badge on a leather mount in the lower back corner. Machine washable on normal 30 degree cycle Advised to wash in a wash bag Pull into correct shape whilst damp to maintain shape during drying Please ensure the washing machine drum is large enough to safely accommodate the pad size Please ensure all Hook &amp; Loop is closed firmly prior to washing Air dry away from heat source (do not tumble),physical,visible,110,110,$110.00,1,0,1,false,true,false,false,DDIXKTDBILZCJ6PILBQT46WF|EPZPDBQRGQA4CBYNWANJCCNH|MOSA7PXNK5UFUF4HT5OP32FC,LeMieux|Dressage|Saddle Pads,https://131790741.cdn6.editmysite.com/uploads/1/3/1/7/131790741/S6ZHODTNN2UXKLSYBWBDPWU4.png,https://www.mags-tack.com/product/lemieux-loire-classic-dressage-square/4854,2024-02-27T21:44:40+00:00,2026-06-29T17:59:23+00:00,2026-07-07T19:33:45+00:00
FGG4C2BZJQQAOTSBPMEYZYZ6,FGG4C2BZJQQAOTSBPMEYZYZ6,FGG4C2BZJQQAOTSBPMEYZYZ6,MLVTVMXRGXXP3,LeMieux Loire Classic Dressage Square,Described as the most stylish dressage pad LeMieux have ever produced. The Loire collection exudes sophistication and class - showing style without showing off! Woven Satin fabric gives a beautiful sheen to these pads whilst still benefitting from the wonderfully soft and breathable Bamboo lining. The 100% natural Bamboo material controls heat &amp; sweat and wicks very efficiently. The whole pad benefits from a new extensively researched soft friction-free suede binding which is specially fabricated to smoothly contour the edges. This new technique helps retain the perfect saddle pad shape and binding profile. The textured PU leather girth protection area is complimented by an embossed logo and carries the usual signature LeMieux lower girth strap with its inner locking loops. The piece de resistance of the Loire Dressage Square is its unique metal badge on a leather mount in the lower back corner. Machine washable on normal 30 degree cycle Advised to wash in a wash bag Pull into correct shape whilst damp to maintain shape during drying Please ensure the washing machine drum is large enough to safely accommodate the pad size Please ensure all Hook &amp; Loop is closed firmly prior to washing Air dry away from heat source (do not tumble),physical,visible,135,135,$135.00,10,0,10,false,true,false,false,DDIXKTDBILZCJ6PILBQT46WF|EPZPDBQRGQA4CBYNWANJCCNH|MOSA7PXNK5UFUF4HT5OP32FC,LeMieux|Dressage|Saddle Pads,https://131790741.cdn6.editmysite.com/uploads/1/3/1/7/131790741/RTD3CWZVGHETAUBK3GNEG2RT.jpeg,https://www.mags-tack.com/product/lemieux-loire-classic-dressage-square/FGG4C2BZJQQAOTSBPMEYZYZ6,2025-12-23T20:43:47+00:00,2026-06-29T17:58:52+00:00,2026-07-07T19:33:21+00:00
SGRHQ2LXKHVJYOQOMV3S2A3L,SGRHQ2LXKHVJYOQOMV3S2A3L,SGRHQ2LXKHVJYOQOMV3S2A3L,MLVTVMXRGXXP3,LeMieux Loire Classic GP Square,"Described as the most stylish saddle pad LeMieux has ever produced, the Loire Collection exudes sophistication and style, while delivering technical advancement. Woven Loire satin upper benefits from a wonderfully soft and breathable natural bamboo blend lining. The bamboo material controls heat and wicks efficiently to keep your horse cool under the saddle. The high wither shape reduces pressure and enhances the fit of your saddle. Elasticated saddle straps are slimmer at the point of connecting to the D-ring, leaving room for extra accessories. The whole pad benefits from an extensively-researched, soft, friction-free binding which is specially fabricated to smoothly contour the edges. This new technique helps retain the perfect saddle pad shape and binding profile. The textured faux leather girth protection area is complemented by an embossed logo and carries the usual signature LeMieux lower girth strap with its inner girth loops. A unique LeMieux logo metal badge on a leather mount in the lower back corner provides a luxurious finishing touch. Machine washable on normal 30 degree cycle Advised to wash in a wash bag Pull into correct shape whilst damp to maintain shape during drying Please ensure the washing machine drum is large enough to safely accommodate the pad size Please ensure all Hook &amp; Loop is closed firmly prior to washing Air dry away from heat source (do not tumble)",physical,visible,135,135,$135.00,22,0,22,false,true,false,false,DDIXKTDBILZCJ6PILBQT46WF|MOSA7PXNK5UFUF4HT5OP32FC|SVFYUCV2QBT6R7TUN6S26J7H,LeMieux|Saddle Pads|General Purpose,https://131790741.cdn6.editmysite.com/uploads/1/3/1/7/131790741/U5HGEJZLAJQQHIOVXBKV3DWM.jpeg,https://www.mags-tack.com/product/lemieux-loire-classic-gp-square/SGRHQ2LXKHVJYOQOMV3S2A3L,2025-12-23T20:44:10+00:00,2026-06-29T17:59:17+00:00,2026-07-11T15:12:14+00:00
OYKAZYSQBNFTKAD2UQBUTUZX,OYKAZYSQBNFTKAD2UQBUTUZX,3975,MLVTVMXRGXXP3,LeMieux Loire Classic Satin General Purpose Square CC,"Described as the most stylish saddle pad LeMieux has ever produced, the Loire Collection exudes sophistication and style, while delivering technical advancement. Woven Loire satin upper benefits from a wonderfully soft and breathable natural bamboo blend lining. The bamboo material controls heat and wicks efficiently to keep your horse cool under the saddle. The high wither shape reduces pressure and enhances the fit of your saddle. Elasticated saddle straps are slimmer at the point of connecting to the D-ring, leaving room for extra accessories. The whole pad benefits from an extensively-researched, soft, friction-free binding which is specially fabricated to smoothly contour the edges. This new technique helps retain the perfect saddle pad shape and binding profile. The textured faux leather girth protection area is complemented by an embossed logo and carries the usual signature LeMieux lower girth strap with its inner girth loops. A unique LeMieux logo metal badge on a leather mount in the lower back corner provides a luxurious finishing touch. Machine washable on normal 30 degree cycle Advised to wash in a wash bag Pull into correct shape whilst damp to maintain shape during drying Please ensure the washing machine drum is large enough to safely accommodate the pad size Please ensure all Hook &amp; Loop is closed firmly prior to washing Air dry away from heat source (do not tumble)",physical,visible,110,110,$110.00,5,0,5,false,true,false,false,DDIXKTDBILZCJ6PILBQT46WF|MOSA7PXNK5UFUF4HT5OP32FC|SVFYUCV2QBT6R7TUN6S26J7H,LeMieux|Saddle Pads|General Purpose,https://131790741.cdn6.editmysite.com/uploads/1/3/1/7/131790741/QHSISXRZ2HEKTSKD4PBPRKXP.jpeg,https://www.mags-tack.com/product/lemieux-loire-classic-satin-general-purpose-square-cc/3975,2024-02-02T01:59:01+00:00,2026-06-29T17:59:23+00:00,2026-07-07T19:33:32+00:00
RKQCR34H43RRCDA67F7N72EV,RKQCR34H43RRCDA67F7N72EV,RKQCR34H43RRCDA67F7N72EV,MLVTVMXRGXXP3,LeMieux Loire Close Contact Square,Described as the most stylish saddle pad LeMieux have ever produced. The Loire collection exudes sophistication and class - showing style without showing off! Woven Satin fabric gives a beautiful sheen to these pads whilst still benefitting from the wonderfully soft and breathable Bamboo lining. The 100% natural Bamboo material controls heat &amp; sweat and wicks very efficiently. The whole pad benefits from a new extensively researched soft friction-free suede binding which is specially fabricated to smoothly contour the edges. This new technique helps retain the perfect saddle pad shape and binding profile. The textured pu leather girth protection area is complimented by an embossed logo and carries the usual signature LeMieux lower girth strap with its inner locking loops. The piece de resistance of the Loire Close Contact Square is its unique metal badge on a leather mount in the lower back corner. Machine washable on normal 30 degree cycle Advised to wash in a wash bag Pull into correct shape whilst damp to maintain shape during drying Please ensure the washing machine drum is large enough to safely accommodate the pad size Please ensure all Hook &amp; Loop is closed firmly prior to washing Air dry away from heat source (do not tumble),physical,visible,120,120,$120.00,3,0,3,false,true,false,false,DDIXKTDBILZCJ6PILBQT46WF|MOSA7PXNK5UFUF4HT5OP32FC|NY37ZZ7FJKR4SFMLEFVCQCHK,LeMieux|Saddle Pads|Close Contact,https://131790741.cdn6.editmysite.com/uploads/1/3/1/7/131790741/MC5ZGVHZB6TCDAK36REH27XT.jpeg,https://www.mags-tack.com/product/lemieux-loire-close-contact-square/RKQCR34H43RRCDA67F7N72EV,2025-12-23T20:44:08+00:00,2026-06-29T17:59:36+00:00,2026-07-07T19:33:36+00:00
6VFD6JCQHGIZ7KXQCIWF4KS6,6VFD6JCQHGIZ7KXQCIWF4KS6,4826,MLVTVMXRGXXP3,LeMieux Loire Satin Classic Close Contact Square,,physical,visible,105,105,$105.00,3,0,3,false,true,false,false,DDIXKTDBILZCJ6PILBQT46WF|MOSA7PXNK5UFUF4HT5OP32FC|NY37ZZ7FJKR4SFMLEFVCQCHK,LeMieux|Saddle Pads|Close Contact,,https://www.mags-tack.com/product/lemieux-loire-satin-classic-close-contact-square/4826,2024-03-14T23:09:58+00:00,2026-06-29T17:59:17+00:00,2026-07-07T19:33:17+00:00
VZMIKOTXW3AMU6JYWR7WH7ZR,VZMIKOTXW3AMU6JYWR7WH7ZR,VZMIKOTXW3AMU6JYWR7WH7ZR,MLVTVMXRGXXP3,LeMieux LS Young Rider Mia Mesh Base Layer IT0403,"A UV50+ quarter zip base layer for active young riders. Designed to keep them cool and comfortable, this base layer has ventilating mesh panels coupled with sweat-wicking thermal fabric for optimal temperature control.The unique sweat-wicking technical fabric is designed to regulate body temperature and ensure optimum comfort. Silky smooth, the material offers a stylish tailored fit and the mesh inserts increase airflow and ensure breathability.Ultra-soft seams with flat lock stitching reduce chafing and pressure points.The 360° stretch fabric delivers full freedom of movement, making it the perfect riding wear for young riders.Ideal as a base layer or stand-alone sports active wear. Wash at 30 degrees, non-biological detergent only Do not bleach Do not tumble dry Do not iron over logo areas Do not dry clean",physical,visible,70,70,$70.00,2,0,2,false,true,false,false,4UA2FV6CTIYIIY4GVTIKH7JW|DDIXKTDBILZCJ6PILBQT46WF|ZSHJKFJ6VNVGDTEPTDFRRAFO,Kid's Riding shirts|LeMieux|Riding Shirts,https://131790741.cdn6.editmysite.com/uploads/1/3/1/7/131790741/X3JHBJAS6SIOOD7RRTCJY2NZ.jpeg,https://www.mags-tack.com/product/lemieux-ls-young-rider-mia-mesh-base-layer-it0403/VZMIKOTXW3AMU6JYWR7WH7ZR,2024-07-17T22:14:17+00:00,2026-06-29T17:59:36+00:00,2026-07-07T19:33:40+00:00
HHVVYURHTLBCJVISNKILX32H,HHVVYURHTLBCJVISNKILX32H,5738,MLVTVMXRGXXP3,LeMieux Maria Mesh Base Layer - Women's Short Sleeve Top -,"Perform like a champion without compromising on style in a Maria Mesh Short Sleeve Base Layer. The lightweight, sweat-wicking stretch UV50+ protective fabric moves with you while colour block detail provides sophisticated style points. With contoured mesh panels on the shoulder and upper back, it lets heat escape and air flow to keep you cool no matter how hard you work. A quarter zip and form-fitting cut make this a versatile layer for active days. Coordinates with the Maria Mesh Hat Silk. Machine wash up to 30 degrees with similar colours only Use non-biological detergent only Do not bleach Do not dry clean Allow to air dry only Do not tumble dry Iron on low, avoiding logo areas",physical,visible,80,80,$80.00,3,0,3,false,true,false,false,DCWEJP3A2QEQLOGT2AI5HX5F|DDIXKTDBILZCJ6PILBQT46WF|X6JVVXSLC6SH4FAULVWLNIIU,Riding Shirts|LeMieux|Women's Riding and Functional Shirts,https://131790741.cdn6.editmysite.com/uploads/1/3/1/7/131790741/GFUIVBED5HXT4XTILYWJFHX6.jpeg,https://www.mags-tack.com/product/lemieux-maria-mesh-base-layer-women-s-short-sleeve-top-/5738,2025-04-22T21:12:24+00:00,2026-06-29T17:59:36+00:00,2026-07-07T19:33:23+00:00
OKR63QZQPLJYFOZGV6U5KHE2,OKR63QZQPLJYFOZGV6U5KHE2,3942,MLVTVMXRGXXP3,LeMieux Men's Base Layer 3574 3573,"Stay warm and comfortable during your equestrian activities with the LeMieux My Men&#39;s Base Layer in Slate. This base layer is designed with thermal regulating fabric that wicks away sweat, making it suitable for any season. The anti-microbial material offers a stylish tailored fit, while the ultra soft seams with flat-lock stitching reduce chafing and pressure points. With 360° stretch fabrication, this base layer allows for greater mobility in any direction. The unique Moisture-Movement System actively takes sweat away from the skin and helps regulate body temperature for optimum comfort. Whether you use it as a base layer or as a stand alone sports garment, the LeMieux My Men&#39;s Base Layer is the perfect choice for active riders.",physical,visible,72,72,$72.00,2,0,2,false,true,false,false,DDIXKTDBILZCJ6PILBQT46WF|NFE6DGDPJOLTTKCG2Q2VFKL3|S6AY432LC5EP2XD76KL6EAS2,LeMieux|Riding Shirts|Men's Riding Shirts,https://131790741.cdn6.editmysite.com/uploads/1/3/1/7/131790741/U7S2IJBURJKNO2HRN7D64KBS.jpeg,https://www.mags-tack.com/product/lemieux-men-s-base-layer-3574-3573/3942,2024-02-02T01:58:41+00:00,2026-06-29T17:59:23+00:00,2026-07-07T19:33:31+00:00
T4R2I5QZ7X3D3QHTFEAKPR2E,T4R2I5QZ7X3D3QHTFEAKPR2E,4846,MLVTVMXRGXXP3,LeMieux Men's Monsieur Competition Shirt in White - IT018 Short Sleeve Tee with Laser Cut Vents - Comfortable Fit Equestrian T-Shirt,"The LeMieux Men&#39;s Monsieur Competition Shirt in White is a stylish and functional equestrian t-shirt. It features a comfortable fit and a short sleeve design. The shirt is made with laser cut vents, allowing for breathability and ventilation during competitions. With its white color and equestrian style, this shirt is perfect for any horse riding enthusiast. Available in size Large.",physical,visible,96,96,$96.00,1,0,1,false,true,false,false,2U4UOEOJ53CDF3YY6TGHCYPD|CVU3XYX4T7QJ435KSIRR66P6|DDIXKTDBILZCJ6PILBQT46WF|G3FY4ICWVCRIXW3RWPAO63BZ,Men’s Show Shirts|Show Essentials|LeMieux|Show Shirts,https://131790741.cdn6.editmysite.com/uploads/1/3/1/7/131790741/2QMJWPXNLIJBV3UQJFA3XO3K.jpeg,https://www.mags-tack.com/product/lemieux-men-s-monsieur-competition-shirt-in-white-it018-short-sleeve-tee-with-laser-cut-vents-comfortable-fit-equestrian-t-shirt/4846,2024-04-09T20:37:58+00:00,2026-06-29T17:59:05+00:00,2026-07-07T19:33:37+00:00
X5UET27NI5LSBM7O4NEMHDWO,X5UET27NI5LSBM7O4NEMHDWO,4087,MLVTVMXRGXXP3,LeMieux Men's Monsieur Crew 4659 4653 4654 Jumper,"The LeMieux Monsieur Mens Jumper is both practical and stylish, and perfect for those chillier days. It is made from a super soft blend of cotton and cashmere for true comfort, and the classic cut is styled with a contrasting subtle stitched logo and smart PU leather zip pull to complete the smart and sophisticated look. 95% cotton 5% cashmere Machine washable at 30 degrees",physical,visible,85,85,$85.00,3,0,3,false,true,false,false,DDIXKTDBILZCJ6PILBQT46WF|GEKPWLU3I6QLYMJHMNBYSHT2|UWVDR3DJQSDHVAXJZ2Q55KNX,LeMieux|Outerwear|Men's Sweaters,https://131790741.cdn6.editmysite.com/uploads/1/3/1/7/131790741/M37BUBA6IBUVB5RHYPJBWF2D.jpeg,https://www.mags-tack.com/product/lemieux-men-s-monsieur-crew-4659-4653-4654-jumper/4087,2024-02-02T01:58:41+00:00,2026-06-29T17:59:30+00:00,2026-07-07T19:33:41+00:00
CDOLG3U26GZMLX4LNDPSNKNP,CDOLG3U26GZMLX4LNDPSNKNP,4528,MLVTVMXRGXXP3,LeMieux Mens Crew Neck Jumper,"The LeMieux Men&#39;s Crew Neck Jumper is a stylish and comfortable addition to any wardrobe. This regular fit jumper features a crew neck and ribbed cuffs for a classic look. Made with 5% Cashmere, the fine gauge knit provides extra softness and a luxurious feel. Perfect for layering or wearing on its own, this jumper is versatile and can be dressed up or down. Stay warm and stylish with the LeMieux Men&#39;s Crew Neck Jumper.",physical,visible,110,110,$110.00,1,1,1,false,true,false,false,DDIXKTDBILZCJ6PILBQT46WF|GEKPWLU3I6QLYMJHMNBYSHT2|UWVDR3DJQSDHVAXJZ2Q55KNX,LeMieux|Outerwear|Men's Sweaters,https://131790741.cdn6.editmysite.com/uploads/1/3/1/7/131790741/5FMV5K2552GEOJPHWIN47E3T.jpeg,https://www.mags-tack.com/product/lemieux-mens-crew-neck-jumper/4528,2024-02-02T01:58:53+00:00,2026-06-29T17:58:52+00:00,2026-07-07T19:33:20+00:00
T3L3AWKG44Q57VIMLRMPLMSZ,T3L3AWKG44Q57VIMLRMPLMSZ,T3L3AWKG44Q57VIMLRMPLMSZ,MLVTVMXRGXXP3,LeMieux Mens Full Seat Sport Breeches,"The guys asked - and we listened! These must-have breeches are designed especially for men with the durability and fit you expect from LeMieux. With a slim fit silhouette in four-way stretch fabric for comfort and unrestricted movement, these breeches will support your every move. The tapered leg feels smooth under boots, while functional pockets are handy for your essentials. Grippy silicone tape on the inner waistband stops them from riding up or down during all your activities. Machine washable up to 30 degrees Please turn garment inside out before washing Wash with similar colours Only use non biological washing products Do not bleach Do not dry clean Allow to air dry, do not tumble dry or place on direct heat source Iron on low, avoiding logo areas",physical,visible,215,215,$215.00,9,1,9,false,true,false,false,DDIXKTDBILZCJ6PILBQT46WF|PV6RRR6AFXW42O76ARVGIYAM|T5CFMVOC4P7MART5E7FKQ6KH,LeMieux|Full Seat Breeches|Men's Full Seat Breeches,https://131790741.cdn6.editmysite.com/uploads/1/3/1/7/131790741/NR3RG6PN6EG6Q2RTWFJFZHIL.png,https://www.mags-tack.com/product/lemieux-mens-full-seat-sport-breeches/T3L3AWKG44Q57VIMLRMPLMSZ,2025-09-28T17:29:40+00:00,2026-06-29T17:59:23+00:00,2026-07-07T19:33:38+00:00
LPT7NVZ42ONCK27N4MCV33A3,LPT7NVZ42ONCK27N4MCV33A3,LPT7NVZ42ONCK27N4MCV33A3,MLVTVMXRGXXP3,LeMieux Mens Hoodie,"Fleece-lined for extra warmth, the Men&#39;s LeMieux Hoodie is a reliable layer of comfort on cool days.The brushed sweat fabric is soft and hardwearing with just the right amount of smart and sophisticated style.A drawstring hood, ribbed cuffs and hem, and an embroidered LeMieux logo on the chest complete the look and add the final touches of warmth. Non biological detergent only Do not iron over logo areas Keep away from fire",physical,visible,120,120,$120.00,10,1,10,false,true,false,false,DDIXKTDBILZCJ6PILBQT46WF|GEKPWLU3I6QLYMJHMNBYSHT2|UWVDR3DJQSDHVAXJZ2Q55KNX,LeMieux|Outerwear|Men's Sweaters,https://131790741.cdn6.editmysite.com/uploads/1/3/1/7/131790741/HOFFZMNTXE5WOGPVDLBFGZEH.jpeg,https://www.mags-tack.com/product/lemieux-mens-hoodie/LPT7NVZ42ONCK27N4MCV33A3,2025-09-21T18:28:11+00:00,2026-06-29T17:59:23+00:00,2026-07-07T19:33:27+00:00
23FVKDXVDISQ6HJKUSWYJCP4,23FVKDXVDISQ6HJKUSWYJCP4,3571,MLVTVMXRGXXP3,LeMieux Mens Knitted Crew Round Neck Jumper 13329 13331 13337,"The LeMieux Men&#39;s Crew Neck Jumper is a stylish and comfortable addition to any wardrobe. This regular fit jumper features a crew neck and ribbed cuffs for a classic look. Made with 5% Cashmere, the fine gauge knit provides extra softness and a luxurious feel. Perfect for layering or wearing on its own, this jumper is versatile and can be dressed up or down. Stay warm and stylish with the LeMieux Men&#39;s Crew Neck Jumper.",physical,visible,110,110,$110.00,9,1,9,false,true,false,false,DDIXKTDBILZCJ6PILBQT46WF|GEKPWLU3I6QLYMJHMNBYSHT2|UWVDR3DJQSDHVAXJZ2Q55KNX,LeMieux|Outerwear|Men's Sweaters,https://131790741.cdn6.editmysite.com/uploads/1/3/1/7/131790741/5FMV5K2552GEOJPHWIN47E3T.jpeg,https://www.mags-tack.com/product/lemieux-mens-knitted-crew-round-neck-jumper-13329-13331-13337/3571,2024-02-02T01:58:57+00:00,2026-06-29T17:59:43+00:00,2026-07-07T19:33:09+00:00
O3BQ7LHBVHBSBXNRVTRS2HMK,O3BQ7LHBVHBSBXNRVTRS2HMK,O3BQ7LHBVHBSBXNRVTRS2HMK,MLVTVMXRGXXP3,LeMieux Mens Performance Polo,"Perform at your best in this technical take on the traditional polo shirt. Designed for active wear, the sweat-wicking fabric has an anti-odour treatment, keeping you fresh all day. Prioritising airflow to the areas that work hard, a large mesh panel at the centre back wraps onto the side panels. Elevated touches like piped edgings, a zip neck and a curved hem take this piece from &#39;workout&#39; to &#39;wow&#39;. Machine washable up to 30 degrees Please turn garment inside out before washing Wash with similar colours Only use non biological washing products Do not bleach Do not dry clean Allow to air dry, do not tumble dry or place on direct heat source Iron on low, avoiding logo areas",physical,visible,89,89,$89.00,12,1,12,false,true,false,false,45AUNSVMFW2NDUGIFZMXNNSJ|DDIXKTDBILZCJ6PILBQT46WF|NFE6DGDPJOLTTKCG2Q2VFKL3,Men's Polo Shirts|LeMieux|Riding Shirts,https://131790741.cdn6.editmysite.com/uploads/1/3/1/7/131790741/4FPTJ6B4U23FTIXYPZA2WEUP.jpeg,https://www.mags-tack.com/product/lemieux-mens-performance-polo/O3BQ7LHBVHBSBXNRVTRS2HMK,2025-09-04T23:28:44+00:00,2026-06-29T17:58:52+00:00,2026-07-07T19:33:31+00:00
AW76KLJYCMOAWUTBL4I2KKY4,AW76KLJYCMOAWUTBL4I2KKY4,AW76KLJYCMOAWUTBL4I2KKY4,MLVTVMXRGXXP3,LeMieux Mens Quarter Neck Sweat,"Stay warm while looking good, whether you&#39;re riding, spectating or honorary groom for the day. This quarter-zip neck is crafted in soft and warm brushed-back sweatshirt fabric, with ribbed cuffs and hem to keep the cold wind at bay. The classic relaxed fit makes it the ideal midlayer, worn over t-shirts and shirts and fitting neatly under coats and jackets. An embroidered LeMieux logo on the back of the neck is a subtle mark of style. Machine wash up to 30 degrees Non-biological detergent only Do not bleach Do not dry clean Allow to air dry only Do not tumble dry Iron on low heat avoiding logo areas",physical,visible,109.95,109.95,$109.95,12,1,12,false,true,false,true,DDIXKTDBILZCJ6PILBQT46WF|GEKPWLU3I6QLYMJHMNBYSHT2|UWVDR3DJQSDHVAXJZ2Q55KNX,LeMieux|Outerwear|Men's Sweaters,https://131790741.cdn6.editmysite.com/uploads/1/3/1/7/131790741/C3JQ5ID3TRVMVW224H7TQLMP.png,https://www.mags-tack.com/product/lemieux-mens-quarter-neck-sweat/AW76KLJYCMOAWUTBL4I2KKY4,2025-09-21T18:16:53+00:00,2026-06-29T17:58:59+00:00,2026-07-07T19:33:20+00:00
MQIXILXV74UMSNT5YJYAQY7C,MQIXILXV74UMSNT5YJYAQY7C,MQIXILXV74UMSNT5YJYAQY7C,MLVTVMXRGXXP3,LeMieux Mens T-Shirt,"This graphic t-shirt is a wardrobe staple for all occasions and activities. The 100% cotton jersey fabric is brushed for softness, while the front and back graphics, branded collar tape detail and ribbed neck give it an authentic look for casual days. Non biological detergent only Do not iron over logo areas Keep away from fire",physical,visible,52,52,$52.00,18,1,18,false,true,false,false,DDIXKTDBILZCJ6PILBQT46WF|NFE6DGDPJOLTTKCG2Q2VFKL3|S6AY432LC5EP2XD76KL6EAS2,LeMieux|Riding Shirts|Men's Riding Shirts,https://131790741.cdn6.editmysite.com/uploads/1/3/1/7/131790741/EFLL5HJSL5XNGR2VXAYTYJQJ.jpeg,https://www.mags-tack.com/product/lemieux-mens-t-shirt/MQIXILXV74UMSNT5YJYAQY7C,2025-09-04T23:20:52+00:00,2026-06-29T17:59:36+00:00,2026-07-07T19:33:28+00:00
VXADC4LPYJDDRKMF2YGZ2YLN,VXADC4LPYJDDRKMF2YGZ2YLN,3931,MLVTVMXRGXXP3,LeMieux Men’s Elite Classic Pleated KP Breeches,"The LeMieux Men’s Elite Classic Pleated Jodhpurs are the perfect choice for men who are passionate about equestrian riding. These classic pleated jodhpurs are designed with comfort and style in mind, making them ideal for horseback riding. The full seat provides extra grip and stability, ensuring a secure ride. Made with high-quality materials, these breeches are durable and long-lasting. The flint color adds a touch of sophistication, while the 34-inch size ensures a perfect fit. Upgrade your horseback riding gear with the LeMieux Men’s Elite Classic Pleated Jodhpurs.",physical,visible,190,190,$190.00,1,1,1,false,true,false,false,3RP55W4MXL4EZKB3EKKRXSCX|53KF7RG54NRL6S7OM44AREFJ|DDIXKTDBILZCJ6PILBQT46WF,Knee Patch Breeches|Men's Knee Patch Breeches|LeMieux,https://131790741.cdn6.editmysite.com/uploads/1/3/1/7/131790741/JQFSKJKQE73TDT35WGBPZLTO.png,https://www.mags-tack.com/product/lemieux-men-s-elite-classic-pleated-kp-breeches/3931,2024-02-02T01:59:01+00:00,2026-06-29T17:59:56+00:00,2026-07-07T19:33:40+00:00
CFQJRHFKPY57D6PE2P35KPIL,CFQJRHFKPY57D6PE2P35KPIL,CFQJRHFKPY57D6PE2P35KPIL,MLVTVMXRGXXP3,LeMieux Merino+ Hunter Saddle Pad,"You can benefit from LeMieux&#39;s renowned saddle pad expertise with this Hunter-style pad. This stylish update features updated foam support for enhanced shock absorption. The discreet X-Grip silicone gripper provides comfort and saddle stability.The pad is edged with our Australian Merino+ blend (70% Merino 30% acrylic), which, combined with a flexible backing, washes better and dries faster for ultimate comfort and convenience. The dense and soft dynamic wool structure consistently shapes to your horse&#39;s back offering breathable styling. A clear spine, high wither shaping and anti-rub lumbar area offer optimal fit and comfort. The rolled edge prevents rubbing and ensures a secure fit while looking luxurious, too. The sporty girth protection area lends subtle luxury and practical durability to the pad. A luxurious new quilt pattern is designed to hug your horse&#39;s shape for a friction-free, non-slip fit. Remove hair, dirt and dried sweat with a stiff brush Machine wash at 30° on a cool/wool cycle or hand wash Use Lemieux Wool Wash (available from LeMieux) Straighten/flatten cotton fabric after washing Air dry near heat source Never tumble dry Avoid using strong fabric conditioners Please ensure all Hook &amp; Loop is closed firmly prior to washing Warning: In rare cases dye from black wool items may leach from wool items giving a slight blue tint. Staining of grey coats can occur.",physical,visible,195,195,$195.00,1,0,1,false,true,false,false,DDIXKTDBILZCJ6PILBQT46WF|EK637HZAHIV6AJB2MKDCMNY4|MOSA7PXNK5UFUF4HT5OP32FC,LeMieux|Jumper|Saddle Pads,https://131790741.cdn6.editmysite.com/uploads/1/3/1/7/131790741/4FFJFXZBPJH55ZNCIEZXUZG7.png,https://www.mags-tack.com/product/lemieux-merino-hunter-saddle-pad/CFQJRHFKPY57D6PE2P35KPIL,2025-10-08T23:24:06+00:00,2026-06-29T17:59:05+00:00,2026-07-07T19:33:20+00:00
5LKJVHBOM2N46U52BMPYLPUR,5LKJVHBOM2N46U52BMPYLPUR,4913,MLVTVMXRGXXP3,LeMieux Mia Mesh Short Sleeve Base Layer,"Made from our signature UV50+ sweat-wicking, smooth anti-microbial material, the Mia Mesh Base Layer has short sleeves, making it the perfect layer for spring and summer. 360° stretch allows you to move in complete comfort and freedom. We&#39;ve added mesh panels to the areas you sweat the most for extra breathability, keeping you cool and comfortable, whether riding, walking the dog or mucking out the stables. Plus, the ultra-soft seams with flat lock stitches reduce bulk and minimise chafing, allowing you to layer this top if you need to create warmth. Wash at 30 degrees Non biological detergent only Do not bleach Do not tumble dry Do not iron over logo areas Do not dry clean",physical,visible,70,85,$70.00,11,0,11,false,true,false,false,DCWEJP3A2QEQLOGT2AI5HX5F|DDIXKTDBILZCJ6PILBQT46WF|X6JVVXSLC6SH4FAULVWLNIIU,Riding Shirts|LeMieux|Women's Riding and Functional Shirts,https://131790741.cdn6.editmysite.com/uploads/1/3/1/7/131790741/UCRDTCE4GIKVZ4Q3WOL7OTG4.jpeg,https://www.mags-tack.com/product/lemieux-mia-mesh-short-sleeve-base-layer/4913,2024-05-03T01:01:57+00:00,2026-06-29T17:58:52+00:00,2026-07-07T19:33:15+00:00
RI35GQ7AGUMEKG4H7SRNI4WL,RI35GQ7AGUMEKG4H7SRNI4WL,RI35GQ7AGUMEKG4H7SRNI4WL,MLVTVMXRGXXP3,LeMieux Mini Alex T-Shirt,"Add this sweet look to your mini rider&#39;s wardrobe for casual days with the Mini Alex T-Shirt. Made from smooth, super soft fabric with 360° stretch, it provides unrestricted comfort while keeping active riders cool. The fun chest designs vary from colour to colour, with finishing touches that mini riders are sure to love. Machine wash with similar colours Non biological detergent only Do not iron over logo area Iron on reverse",physical,visible,45,45,$45.00,14,0,14,false,true,false,false,CKVTY2SRKUTGTS4JYLARIMX7|DDIXKTDBILZCJ6PILBQT46WF|ZSHJKFJ6VNVGDTEPTDFRRAFO,Kids T-Shirts|LeMieux|Riding Shirts,https://131790741.cdn6.editmysite.com/uploads/1/3/1/7/131790741/V2JDQMKC5H5EHZLYAMM7OG3R.jpeg,https://www.mags-tack.com/product/lemieux-mini-alex-t-shirt/RI35GQ7AGUMEKG4H7SRNI4WL,2025-12-23T20:44:02+00:00,2026-06-29T17:59:11+00:00,2026-07-07T19:33:36+00:00
Y5YYQJQFORJZFKWJWEX6FXGJ,Y5YYQJQFORJZFKWJWEX6FXGJ,Y5YYQJQFORJZFKWJWEX6FXGJ,MLVTVMXRGXXP3,LeMieux Mini Alex Tee - It0418,"The LeMieux Mini Alex Tee is a stylish and comfortable choice for kids aged 9-10 years. Available in Ecru or Pistachio, this tee offers a versatile and trendy look. Made by LeMieux, known for quality and style, this tee is a must-have for young fashion enthusiasts.",physical,visible,32,32,$32.00,3,0,3,false,true,false,false,4UA2FV6CTIYIIY4GVTIKH7JW|DDIXKTDBILZCJ6PILBQT46WF|ZSHJKFJ6VNVGDTEPTDFRRAFO,Kid's Riding shirts|LeMieux|Riding Shirts,https://131790741.cdn6.editmysite.com/uploads/1/3/1/7/131790741/H6CS7GQ3NJ7A7PIWKK26HOFO.jpeg,https://www.mags-tack.com/product/lemieux-mini-alex-tee-it0418/Y5YYQJQFORJZFKWJWEX6FXGJ,2024-07-17T22:47:31+00:00,2026-06-29T17:59:50+00:00,2026-07-07T19:33:42+00:00
6267BREXZXSMNUMZ7S5FENKY,6267BREXZXSMNUMZ7S5FENKY,6267BREXZXSMNUMZ7S5FENKY,MLVTVMXRGXXP3,LeMieux Mini Base Layer,"With 360° stretch for unrestricted comfort, this base layer is a mini must-have. Whether your mini rider&#39;s running around, getting in the saddle or simply out for a walk, the moisture-wicking fabric will help regulate their body temperature to keep them cool and dry.The silky-smooth fabric features UV50+ protection, ideal on sunny days. Ultra-soft seams and flat lock stitches increase the comfort factor and keep bulk to a minimum for layering under fleeces, jackets or gilets.With subtle design changes between the different colours in the range, it&#39;s an ideal way to add mini power to your little rider&#39;s horse riding wardrobe!Choose from a variety of eye-catching colours and coordinate the look with our matching Mini Hat Silks and other accessories. Wash at 30 degrees Non biological detergent only Do not bleach Do not tumble dry Do not iron over logo areas Do not dry clean",physical,visible,65,65,$65.00,24,1,24,false,true,false,false,4UA2FV6CTIYIIY4GVTIKH7JW|DDIXKTDBILZCJ6PILBQT46WF|ZSHJKFJ6VNVGDTEPTDFRRAFO,Kid's Riding shirts|LeMieux|Riding Shirts,https://131790741.cdn6.editmysite.com/uploads/1/3/1/7/131790741/3GOQ5DEWL27QJO3LLLNFHLJE.jpeg,https://www.mags-tack.com/product/lemieux-mini-base-layer/6267BREXZXSMNUMZ7S5FENKY,2025-09-05T00:16:40+00:00,2026-06-29T17:58:59+00:00,2026-07-07T19:33:19+00:00
TQUMRH7KQ6VBDDJ6QIV4HS5K,TQUMRH7KQ6VBDDJ6QIV4HS5K,TQUMRH7KQ6VBDDJ6QIV4HS5K,MLVTVMXRGXXP3,LeMieux Mini Bella Show Shirt,"With an all-over print with a glittery mane and tail, the Mini Bella Show Shirt is perfect competition wear for the mini rider. It&#39;s finished with a crystal popper at the collar and glitter tipping at the collar and cuffs for an extra special sparkly look. Wash at 30 degrees Non biological detergent only Do not bleach Do not tumble dry Do not iron over logo areas Do not dry clean",physical,visible,55,55,$55.00,3,0,3,false,true,false,false,C45LA4PJ3EWGDLRRPJOIK4IF|CVU3XYX4T7QJ435KSIRR66P6|DDIXKTDBILZCJ6PILBQT46WF|NORUZ43TJQRMPK3OWDTUSFF7,Kid's Show Shirts|Show Essentials|LeMieux|Show Shirts,https://131790741.cdn6.editmysite.com/uploads/1/3/1/7/131790741/Q32N7BXNP3R4MD47NSFNBF4J.jpeg,https://www.mags-tack.com/product/lemieux-mini-bella-show-shirt/TQUMRH7KQ6VBDDJ6QIV4HS5K,2024-06-19T23:37:09+00:00,2026-06-29T17:59:11+00:00,2026-07-07T19:33:38+00:00
5C6M2NJCPPIWB6VMZ2RLACI6,5C6M2NJCPPIWB6VMZ2RLACI6,5C6M2NJCPPIWB6VMZ2RLACI6,MLVTVMXRGXXP3,LeMieux Mini Charlie Childrens Zip Through Hoodie IT041,"The LeMieux Mini Charlie Children&#39;s Zip Through Hoodie in Fern is a cozy and stylish choice for young riders aged 3-4 years. This hoodie features dropped shoulders, a three-piece hood, and exceptionally soft fabric, providing warmth on chilly mornings and spring days. The silky branded zip pull and velvet small pony applique accents add a special touch, while the interactive string mane and tail make it fun for little ones. Perfect for layering over a long-sleeved top when the weather turns cold, this hoodie is a must-have for mini riders looking for both comfort and style.",physical,visible,58,58,$58.00,4,0,4,false,true,false,false,DDIXKTDBILZCJ6PILBQT46WF|M6JEKLGXHVK6HHACPY6NDFTM|YA5WBRFN6XT3SXTL7IW7EVLP,LeMieux|Outerwear|Kid's Outerwear and Vests,https://131790741.cdn6.editmysite.com/uploads/1/3/1/7/131790741/J2MCNXFYTQF5ANZW4YACGZ7S.jpeg,https://www.mags-tack.com/product/lemieux-mini-charlie-childrens-zip-through-hoodie-it041/5C6M2NJCPPIWB6VMZ2RLACI6,2024-07-17T22:44:55+00:00,2026-06-29T17:59:05+00:00,2026-07-07T19:33:14+00:00
OUZGLERDPCAF6P4X32A2YGZ5,OUZGLERDPCAF6P4X32A2YGZ5,OUZGLERDPCAF6P4X32A2YGZ5,MLVTVMXRGXXP3,LeMieux Mini George Gilet,"Wrap up warm for chilly outdoor playtimes in this practical sherpa fleece-lined gilet. With a sweet mini pocket on the front and zipped pockets on the sides, it&#39;s ideal for collecting little treasures on nature walks. Contrast colour binding adds a pop of personality. Machine wash up to 30 degrees, with similar colours Use only non-biological detergent Do not bleach Do not dry clean Allow to air dry only Do not tumble dry Do not iron",physical,visible,89,89,$89.00,9,2,9,false,true,false,false,2AW3CPER3S54YIHZPBS4AHAP|DDIXKTDBILZCJ6PILBQT46WF|YA5WBRFN6XT3SXTL7IW7EVLP,Outerwear|LeMieux|Kid's Outerwear and Vests,https://131790741.cdn6.editmysite.com/uploads/1/3/1/7/131790741/HSFNR3QPZFBSQKFDYLMV3KZC.png,https://www.mags-tack.com/product/lemieux-mini-george-gilet/OUZGLERDPCAF6P4X32A2YGZ5,2025-09-05T22:26:57+00:00,2026-06-29T17:59:05+00:00,2026-07-07T19:33:32+00:00
QUB6EPXTBPE43324F7ZJ4NDG,QUB6EPXTBPE43324F7ZJ4NDG,QUB6EPXTBPE43324F7ZJ4NDG,MLVTVMXRGXXP3,LeMieux Mini Jamie Chancer LS Top,"A wardrobe staple in the making, this classic relaxed-fit long-sleeved tee is bound to be popular.Natural super soft brushed cotton fabric gives it a soft, organic feel, while contrast colour sleeves add style points. LeMieux branding with playful pony appliqué details makes this a stand-out piece that kids will love. Machine washable at 30 degrees Wash separately, wash inside out Use gentle detergent only, no softener Do not bleach Do not tumble dry Do not iron Do not dry clean",physical,visible,40,40,$40.00,12,1,12,false,true,false,false,CKVTY2SRKUTGTS4JYLARIMX7|DDIXKTDBILZCJ6PILBQT46WF|ZSHJKFJ6VNVGDTEPTDFRRAFO,Kids T-Shirts|LeMieux|Riding Shirts,https://131790741.cdn6.editmysite.com/uploads/1/3/1/7/131790741/4X7IUDOXEOTI5OPZXRRK5KFR.png,https://www.mags-tack.com/product/lemieux-mini-jamie-chancer-ls-top/QUB6EPXTBPE43324F7ZJ4NDG,2025-09-05T22:31:55+00:00,2026-06-29T17:59:17+00:00,2026-07-07T19:33:36+00:00
HFG3LSFZAIFDOH4DUE4JXWQT,HFG3LSFZAIFDOH4DUE4JXWQT,5785,MLVTVMXRGXXP3,Lemieux Mini Legging 2 Pack,"Update your child&#39;s riding wear with this great-value two-pack of riding leggings. Premium quality legwear designed for little equestrians with technical features for comfort and support in the saddle to enhance their riding experience. The embroidered LeMieux logo on the waistband adds a touch of LeMieux quality. Available in two summery colour options: Lemon the World Horse Welfare Rescue Shetland patterned prints, or a pretty Peony colourway. Why not collect them all!",physical,visible,46,46,$46.00,9,1,9,false,true,false,false,QBPSMHCXSIWSW547TA52UHEN|YKO3KSRB6GOPCG6QKYGJG7SB,Tights|Kid's Riding Tights,https://131790741.cdn6.editmysite.com/uploads/1/3/1/7/131790741/JGOB3C57J6F2Q4SEJJLN7BFS.png,https://www.mags-tack.com/product/lemieux-mini-legging-2-pack/5785,2025-05-20T23:20:59+00:00,2026-06-29T17:59:43+00:00,2026-07-07T19:33:22+00:00
3LOSMDC3NTASDOV32NIVFQAV,3LOSMDC3NTASDOV32NIVFQAV,3LOSMDC3NTASDOV32NIVFQAV,MLVTVMXRGXXP3,LeMieux Mini Mae Popper Childrens Fleece,"The Mari Mini Micro Fleece is a soft and comfortable layering piece for riding, being in the yard and hanging out at home. It&#39;s made from incredibly soft microfleece with a relaxed fit that offers enough room to move, flex and play. The quarter neck style with poppers makes it easy for little ones to become independent dressers.The embroidered logo and branded binding add a pretty finishing touch to this cosy layer. 30 degree wash Do not bleach Do not tumble dry Cool iron Do not dry clean Non biological detergent only Do not iron",physical,visible,59,59,$59.00,10,1,10,false,true,false,false,DDIXKTDBILZCJ6PILBQT46WF|M6JEKLGXHVK6HHACPY6NDFTM|YA5WBRFN6XT3SXTL7IW7EVLP,LeMieux|Outerwear|Kid's Outerwear and Vests,https://131790741.cdn6.editmysite.com/uploads/1/3/1/7/131790741/6FH5ZRPITAFKTIHHZ4V55P5Y.jpeg,https://www.mags-tack.com/product/lemieux-mini-mae-popper-childrens-fleece/3LOSMDC3NTASDOV32NIVFQAV,2025-09-05T00:22:48+00:00,2026-06-29T17:59:17+00:00,2026-07-07T19:33:15+00:00
XNT4LGQTSR5NVA4P2PWBPMWI,XNT4LGQTSR5NVA4P2PWBPMWI,XNT4LGQTSR5NVA4P2PWBPMWI,MLVTVMXRGXXP3,Lemieux Mini Poppy Long Sleeve Top,"Ready to roll? This adorable top in pretty Lilac super soft brushed cotton has a splashing Puddle Pals pony chest graphic. Ribbed cuffs and a stitched hem give a relaxed look. Machine washable at 30 degrees Wash separately, wash inside out Use gentle detergent only, no softener Do not bleach Do not tumble dry Do not iron Do not dry clean",physical,visible,50,50,$50.00,10,0,10,false,true,false,false,CKVTY2SRKUTGTS4JYLARIMX7|DDIXKTDBILZCJ6PILBQT46WF|ZSHJKFJ6VNVGDTEPTDFRRAFO,Kids T-Shirts|LeMieux|Riding Shirts,https://131790741.cdn6.editmysite.com/uploads/1/3/1/7/131790741/FG4AAJKJKUWDYTIJZVGAXJMY.png,https://www.mags-tack.com/product/lemieux-mini-poppy-long-sleeve-top/XNT4LGQTSR5NVA4P2PWBPMWI,2025-09-05T00:27:47+00:00,2026-06-29T17:59:30+00:00,2026-07-07T19:33:42+00:00
46IQSNIT2GZD3JOVGWYROTSI,46IQSNIT2GZD3JOVGWYROTSI,46IQSNIT2GZD3JOVGWYROTSI,MLVTVMXRGXXP3,LeMieux Mini Pull On Childrens Breech IT04190,"Active little riders will stay comfortable in the saddle wearing these Mini Pull On Breeches. The lightweight, technical fabric harnesses moisture-wicking technology that pulls excess moisture away from the skin, keeping mini riders cool and dry while they work on their riding skills.The four-way stretch fabric and seamless design provide movement-enhancing freedom, while the updated elasticated waistband with jacquard branding ensures a secure and supportive fit.There are two elasticated pockets on either side to keep treasures and treats secure without getting in the way when riding, at the yard or just for general everyday wear.For enhanced security in the saddle, we&#39;ve added a full-seat silicone pattern that provides exceptional grip. Finally, a tapered lower leg design provides extra comfort, making these pull-ons a must-have for mini riders. Machine washable at 30 degrees Wash separately, wash inside out Use gentle detergent only, no softener Do not bleach Do not tumble dry Do not iron Do not dry clean",physical,visible,55,55,$55.00,19,0,19,false,true,false,false,CAUEHBSF3L33JHPQC5PHDTJZ|DDIXKTDBILZCJ6PILBQT46WF|XRMC6QV7NQP7PXCCDPADBTGM,Kid's Pull Ons|LeMieux|Breeches,https://131790741.cdn6.editmysite.com/uploads/1/3/1/7/131790741/WFZ7PSFK4GZS4BKYVEGKFEWD.jpeg,https://www.mags-tack.com/product/lemieux-mini-pull-on-childrens-breech-it04190/46IQSNIT2GZD3JOVGWYROTSI,2024-07-17T22:49:14+00:00,2026-06-29T17:59:30+00:00,2026-07-07T19:33:15+00:00
2526EKBCOFFIQN3MG3RJ6PA5,2526EKBCOFFIQN3MG3RJ6PA5,2526EKBCOFFIQN3MG3RJ6PA5,MLVTVMXRGXXP3,LeMieux Mini Suede Close Contact Square,"Designed for enthusiastic mini riders, the Mini Close Contact Square Saddle Pad combines quality, comfort and style to ensure the perfect fit on ponies from 11.2-13hh. The Mini CC Square has a soft yet durable suede outer fabric, breathable mesh lining that wicks sweat and moisture, and a strengthened girth protection area. The hidden girth strap loops keep the pad secure and stable while the signature branding gives this pad a beautifully fun finishing touch. Machine washable on normal 30-degree cycle Advised to wash in a wash bag Pull into correct shape whilst damp to maintain shape during drying Please ensure the washing machine drum is large enough to safely accommodate the pad size Please ensure all hook and loop is closed firmly prior to washing Air dry away from heat source (do not tumble dry)",physical,visible,105,105,$105.00,2,0,2,false,true,false,false,DDIXKTDBILZCJ6PILBQT46WF|MOSA7PXNK5UFUF4HT5OP32FC|NY37ZZ7FJKR4SFMLEFVCQCHK,LeMieux|Saddle Pads|Close Contact,https://131790741.cdn6.editmysite.com/uploads/1/3/1/7/131790741/KNBWOMEHRGB5IWAYLXPL36PI.jpeg,https://www.mags-tack.com/product/lemieux-mini-suede-close-contact-square/2526EKBCOFFIQN3MG3RJ6PA5,2025-12-23T20:43:53+00:00,2026-06-29T17:59:30+00:00,2026-07-07T19:33:10+00:00
IXJZJOFV5NKMWJTHQY2DEFZB,IXJZJOFV5NKMWJTHQY2DEFZB,IXJZJOFV5NKMWJTHQY2DEFZB,MLVTVMXRGXXP3,LeMieux Mini Teagen Dream Fleece,"The Mini Teagan Fleece is the ultimate winter companion for outdoor adventures. Crafted from luxurious teddy bear fleece and lined in fleece too, it&#39;s not only incredibly soft but also provides exceptional warmth to keep little adventurers cosy in cold weather.With practical features like a generous hood, deep welt pockets, and with a stylish embroidered LeMieux logo on the sleeve, this fleece isn&#39;t just functional but also a style statement. The cosy hood makes it perfect for staying snug on chilly days, ensuring little ones can brave the elements while looking effortlessly cool. Machine wash gentle at 30 degrees Wash garment inside out Do not bleach Do not tumble dry Iron on low heat, do not iron trim Do not dry clean",physical,visible,85,85,$85.00,14,1,14,false,true,false,false,2AW3CPER3S54YIHZPBS4AHAP|DDIXKTDBILZCJ6PILBQT46WF|YA5WBRFN6XT3SXTL7IW7EVLP,Outerwear|LeMieux|Kid's Outerwear and Vests,https://131790741.cdn6.editmysite.com/uploads/1/3/1/7/131790741/S3ALNOCUI7WAUK263ZJRY7NJ.png,https://www.mags-tack.com/product/lemieux-mini-teagen-dream-fleece/IXJZJOFV5NKMWJTHQY2DEFZB,2025-09-05T22:19:40+00:00,2026-06-29T17:59:05+00:00,2026-07-07T19:33:24+00:00
JPCM5TY372SGBXNB43DYLYE7,JPCM5TY372SGBXNB43DYLYE7,JPCM5TY372SGBXNB43DYLYE7,MLVTVMXRGXXP3,LeMieux Non-Slip Half Pad,"This thin layer of perforated neoprene is your secret weapon to help with grip under the saddle.Breathable thanks to the perforations, this half pad maximises horse comfort for an easy ride. A soft bound edge ensures the pad keeps its shape. Machine washable on normal 30 degree cycle Advised to wash in a wash bag Pull into correct shape whilst damp to maintain shape during drying Please ensure the washing machine drum is large enough to safely accommodate the pad size Please ensure all Hook &amp; Loop is closed firmly prior to washing Air dry away from heat source (do not tumble)",physical,visible,24,24,$24.00,2,0,2,false,true,false,false,DDIXKTDBILZCJ6PILBQT46WF|MOSA7PXNK5UFUF4HT5OP32FC|YX3SJ2XV6GSRYR7EBKW4Y33X,LeMieux|Saddle Pads|Half Pad,https://131790741.cdn6.editmysite.com/uploads/1/3/1/7/131790741/USQ7HK2H4WAC223K6W5HRUZD.jpeg,https://www.mags-tack.com/product/lemieux-non-slip-half-pad/JPCM5TY372SGBXNB43DYLYE7,2025-12-23T20:44:10+00:00,2026-06-29T17:59:50+00:00,2026-07-07T19:33:25+00:00
MZV3OMKWWOLA2RJF3N7KW3EU,MZV3OMKWWOLA2RJF3N7KW3EU,MZV3OMKWWOLA2RJF3N7KW3EU,MLVTVMXRGXXP3,LeMieux Pony Backpack Bag - Dream,"Bag this cute and cuddly backpack featuring Mini LeMieux Pony character Razzle, and take it with you wherever you go!The Toy Pony-sized head and legs on this bag mean you can dress it up in LeMieux Toy Pony accessories. A full, plaitable mane and tail make this backpack a fun companion. The generous zip opening and large internal lined compartment mean it&#39;s practical. too. With adjustable shoulder straps and a top grab handle, it&#39;s ready to accompany you on all your adventures. Surface Clean Only",physical,visible,60,60,$60.00,7,0,7,false,true,false,false,7XDM2EXLL4AVOZEVL57INQS3|D6RALXWO7LPHAKTUBHP3RGL4|DDIXKTDBILZCJ6PILBQT46WF,Backpacks|Pony Bags|LeMieux,https://131790741.cdn6.editmysite.com/uploads/1/3/1/7/131790741/5H7WJUVSQNL5LQRGFMQNDV4X.jpeg,https://www.mags-tack.com/product/lemieux-pony-backpack-bag-dream/MZV3OMKWWOLA2RJF3N7KW3EU,2025-09-16T23:49:32+00:00,2026-06-29T17:59:50+00:00,2026-07-10T12:50:42+00:00
R5CD456KKWUEMR52FZCGGAMK,R5CD456KKWUEMR52FZCGGAMK,5699,MLVTVMXRGXXP3,LeMieux Pro Sport Close Contact Saddle Pad,"Range of plain close contact squares that is anything but plain! Designed for the active horse, offering style, durability and maximum fabric performance. A number of innovative design features have been incorporated in this fantastic pad. The classic Close-Contact cut from LeMieux is designed to fit a wide range of more forward cut jumping saddles. Now one of the most iconic jumping pads with its high wither, elasticated D-Ring tabs, signature teardrop girth protection area and swept back profile. These saddle pads offer a very sleek and professional look to anyone&#39;s saddle. The premium cotton top side is complimented by new super soft Bamboo lining which absorbs &amp; controls sweat under the saddle and is beautifully comfortable and secure - minimising friction even on sensitive skinned horses. Girth keepers incorporate inner locking loops to offer more girthing options. There are several attractive colours with more new ones being added seasonally and a selection of new Small/Med pads to accommodate smaller saddles. These top end designed pads are ideal for everyday or competition use. They also looked great when combined with a LeMieux Half Pad creating a very smart look. Machine washable on normal 30 degree cycle Advised to wash in a wash bag Pull into correct shape whilst damp to maintain shape during drying Please ensure the washing machine drum is large enough to safely accommodate the pad size Please ensure all Hook &amp; Loop is closed firmly prior to washing Air dry away from heat source (do not tumble)",physical,visible,105,105,$105.00,1,0,1,false,true,false,false,DDIXKTDBILZCJ6PILBQT46WF|MOSA7PXNK5UFUF4HT5OP32FC|NY37ZZ7FJKR4SFMLEFVCQCHK,LeMieux|Saddle Pads|Close Contact,https://131790741.cdn6.editmysite.com/uploads/1/3/1/7/131790741/VT26P5RXKXORTMGYAQ6F3YXA.jpeg,https://www.mags-tack.com/product/lemieux-pro-sport-close-contact-saddle-pad/5699,2025-04-03T00:38:32+00:00,2026-06-29T17:59:43+00:00,2026-07-07T19:33:36+00:00
LSCNUKK7POJ6T7UPX3JR6RYE,LSCNUKK7POJ6T7UPX3JR6RYE,LSCNUKK7POJ6T7UPX3JR6RYE,MLVTVMXRGXXP3,LeMieux Puissance Suede Close Contact Square,"Now with a new sporty look and two layers of sophisticated cord edging, the Puissance Suede Close Contact Saddle Pad offers the very best of comfort and style. Available in two colours, this brick quilted suede pad is super soft and designed to fit a range of close contact saddles. Our game-changing bamboo lining regulates body temperature by wicking away sweat and moisture directly from your horse&#39;s skin. It also minimises friction, keeping even the most sensitively skinned horses comfortable. For a unique finish, we&#39;ve added a metallic badge to add some style to your horse riding wardrobe. Machine washable on normal 30 degree cycle Advised to wash in a wash bag Pull into correct shape whilst damp to maintain shape during drying Please ensure the washing machine drum is large enough to safely accommodate the pad size Please ensure all fastenings are closed firmly prior to washing Air dry away from heat source (do not tumble)",physical,visible,120,120,$120.00,2,2,2,false,true,false,false,DDIXKTDBILZCJ6PILBQT46WF|MOSA7PXNK5UFUF4HT5OP32FC|NY37ZZ7FJKR4SFMLEFVCQCHK,LeMieux|Saddle Pads|Close Contact,https://131790741.cdn6.editmysite.com/uploads/1/3/1/7/131790741/3CUQHHSDLEPCJG2DX46QAGDT.png,https://www.mags-tack.com/product/lemieux-puissance-suede-close-contact-square/LSCNUKK7POJ6T7UPX3JR6RYE,2025-09-21T14:32:02+00:00,2026-06-29T17:59:56+00:00,2026-07-07T19:33:27+00:00
S6X3MSG4P3SLMWSNKQ2O3OGC,S6X3MSG4P3SLMWSNKQ2O3OGC,S6X3MSG4P3SLMWSNKQ2O3OGC,MLVTVMXRGXXP3,LeMieux Puissance Suede Dressage Square,"Now with a new sporty look and two layers of sophisticated cord edging, the Puissance Suede Dressage Square offers the very best of comfort and style. Available in two colours, this brick quilted suede pad is super soft and designed to fit a range of dressage saddles. Our game-changing bamboo lining regulates body temperature by wicking away sweat and moisture directly from your horse&#39;s skin. It also minimises friction, keeping even the most sensitively skinned horses comfortable. For a unique finish, we&#39;ve added a metallic badge to add some style to your horse riding wardrobe. Machine washable on normal 30 degree cycle Advised to wash in a wash bag Pull into correct shape whilst damp to maintain shape during drying Please ensure the washing machine drum is large enough to safely accommodate the pad size Please ensure all fastenings are closed firmly prior to washing Air dry away from heat source (do not tumble)",physical,visible,105,105,$105.00,2,2,2,false,true,false,false,DDIXKTDBILZCJ6PILBQT46WF|EPZPDBQRGQA4CBYNWANJCCNH|MOSA7PXNK5UFUF4HT5OP32FC,LeMieux|Dressage|Saddle Pads,https://131790741.cdn6.editmysite.com/uploads/1/3/1/7/131790741/XLQIQG7L675PTRU3VXIU3BMQ.jpeg,https://www.mags-tack.com/product/lemieux-puissance-suede-dressage-square/S6X3MSG4P3SLMWSNKQ2O3OGC,2024-08-29T01:25:39+00:00,2026-06-29T17:59:50+00:00,2026-07-07T19:33:36+00:00
D2FUGMAXUFI2PXORQITHSW6L,D2FUGMAXUFI2PXORQITHSW6L,4889,MLVTVMXRGXXP3,LeMieux Reflective Suede Close Contact Square IT0387,"The LeMieux Reflective Suede Close Contact Square in Navy Blue is a stunning saddle pad designed for both style and safety. It features a luminous fabric panel in the corner and reflective piping around the outer edge, making you and your horse visible in the dark. The 7cm square quilt adds a sleek and stylish aesthetic, while the unique shape is suitable for a wide range of forward-cut jumping saddles. The bamboo waffle lining provides comfort and security by controlling heat and wicking away sweat, and it also reduces friction against the skin. The specifically designed PU leather girth protection section minimizes rubbing and chafing, and the ultra soft suede binding ensures that the pad retains its shape. Complete with subtle LeMieux branding, this saddle pad is a must-have for any rider.",physical,visible,105,105,$105.00,1,0,1,false,true,false,false,DDIXKTDBILZCJ6PILBQT46WF|MOSA7PXNK5UFUF4HT5OP32FC|NY37ZZ7FJKR4SFMLEFVCQCHK,LeMieux|Saddle Pads|Close Contact,https://131790741.cdn6.editmysite.com/uploads/1/3/1/7/131790741/TF73V2LWNLAMVPV5XUFA2BER.jpeg,https://www.mags-tack.com/product/lemieux-reflective-suede-close-contact-square-it0387/4889,2024-04-18T18:11:36+00:00,2026-06-29T17:59:50+00:00,2026-07-07T19:33:21+00:00
JOLKIACVLAFY46GBJJSN7FA7,JOLKIACVLAFY46GBJJSN7FA7,JOLKIACVLAFY46GBJJSN7FA7,MLVTVMXRGXXP3,Lemieux Saddle Mattress,"The best saddlery and tack deserves the best care. Ideal for travel and at home, this luxurious Saddle Mattress provides protective cushioned support for your saddle during storage. Keeping the saddle supported helps preventing damage, taking the best possible care of your kit. An embossed leather name holder will ensure easy identification of kit. A concealed slot secures over your hanging saddle rack with hook and loop fastenings. Crafted in quilted suede with contrast piping and the signature LeMieux tab, it complements the Bridle Mattress for a smart tack room set-up. 30 degrees cool wash Do not bleach Air dry only Do not tumble dry Do not iron",physical,visible,99,99,$99.00,2,2,2,false,true,false,false,7EXK66N6ENJVFZVEPERPZGLE|DDIXKTDBILZCJ6PILBQT46WF|MOSA7PXNK5UFUF4HT5OP32FC,Saddle Pads|LeMieux|Saddle Pads,https://131790741.cdn6.editmysite.com/uploads/1/3/1/7/131790741/MERTZQN2JHWD3PKEOXDNGRBO.png,https://www.mags-tack.com/product/lemieux-saddle-mattress/JOLKIACVLAFY46GBJJSN7FA7,2025-11-17T23:04:56+00:00,2026-06-29T17:59:43+00:00,2026-07-07T19:33:25+00:00
SIQKEIFD5DQHAIIL4RY23U3W,SIQKEIFD5DQHAIIL4RY23U3W,5669,MLVTVMXRGXXP3,Lemieux Sophia SS Pleated Show Shirt,"Achieve peak presentation for your best performance yet in this elegant show shirt. The technical performance fabric, with a breathable area under the sleeve, will keep you cool and comfortable as you ride. A textured bib front adds sophistication. The beautiful neck detailing stands out from the crowd, with a pretty pleated collar detailing, finished with an invisible magnet placket. There are loops on the side to secure your stock. Team with one of our LeMieux ready-tie stocks. Machine wash up to 30 degrees with similar colours only Use non-biological detergent only Do not bleach Do not dry clean Allow to air dry only Do not tumble dry Iron on low, avoiding logo areas",physical,visible,96,96,$96.00,3,0,3,false,true,false,false,BVIJQSCQR4F4LRMP3GBM22YS|CVU3XYX4T7QJ435KSIRR66P6|DDIXKTDBILZCJ6PILBQT46WF|NORUZ43TJQRMPK3OWDTUSFF7,Women's Show Shirts|Show Essentials|LeMieux|Show Shirts,https://131790741.cdn6.editmysite.com/uploads/1/3/1/7/131790741/HQLFH4PFLMTUEZAD6EJAXJ7G.png,https://www.mags-tack.com/product/lemieux-sophia-ss-pleated-show-shirt/5669,2025-03-27T00:00:28+00:00,2026-06-29T17:59:23+00:00,2026-07-07T19:33:36+00:00
J2CUIIQXVEKXNH2IBN27NSLP,J2CUIIQXVEKXNH2IBN27NSLP,J2CUIIQXVEKXNH2IBN27NSLP,MLVTVMXRGXXP3,LeMieux Sports T-Shirt,"This relaxed-fit Sports T-Shirt is beautifully crafted from a quick-drying, sweat-wicking fabric to keep you cool on warm summer days. With sporty neckline collar detailing and a small LeMieux branded graphic on the chest, it&#39;s a smart and stylish addition to your horse riding wardrobe. New panelling detail for SS26, plus a reflective LeMieux logo graphic on the back, updates the look. Machine wash up to 30 degrees Turn inside out before washing and wash with similar colours Wash with non biological detergent only Do not bleach Do not dry clean Allow to air dry Do not tumble dry Iron on low avoiding logo areas",physical,visible,60,60,$60.00,23,1,23,false,true,false,false,BQZEJQYAWSTYPZT35BGLRZ5Y|DDIXKTDBILZCJ6PILBQT46WF|NNQT5ASC7JBOY4TIUBSRIJL4,T-Shirts|LeMieux|Women's T-shirts,https://131790741.cdn6.editmysite.com/uploads/1/3/1/7/131790741/VYYSWOK3KR36UT3Y52B3T2OA.jpeg,https://www.mags-tack.com/product/lemieux-sports-t-shirt/J2CUIIQXVEKXNH2IBN27NSLP,2025-12-23T20:43:56+00:00,2026-06-29T17:59:05+00:00,2026-07-07T19:33:24+00:00
7TDH6C7XY7257CLLLVY4QPH2,7TDH6C7XY7257CLLLVY4QPH2,5700,MLVTVMXRGXXP3,LeMieux Sports Womens T-Shirt - Sports Vest,"This relaxed-fit Sports T-Shirt is beautifully crafted from a quick-drying, sweat-wicking fabric to keep you cool on warm summer days.With neckline collar detailing and a bold graphic on the chest, it&#39;s a smart and stylish addition to your horse riding wardrobe. Machine wash in cold water Inside out, gentle cycle Do not bleach Lay flat to dry Iron on low wash colours separately",physical,visible,50,50,$50.00,15,0,15,false,true,false,false,BQZEJQYAWSTYPZT35BGLRZ5Y|DDIXKTDBILZCJ6PILBQT46WF|NNQT5ASC7JBOY4TIUBSRIJL4,T-Shirts|LeMieux|Women's T-shirts,https://131790741.cdn6.editmysite.com/uploads/1/3/1/7/131790741/U53LW3ZTTVAPBQHP7LH7TOXM.jpeg,https://www.mags-tack.com/product/lemieux-sports-womens-t-shirt-sports-vest/5700,2025-04-03T21:34:53+00:00,2026-06-29T17:58:59+00:00,2026-07-07T19:33:19+00:00
6G2SHQIM26PIHXGBLYMZIW4E,6G2SHQIM26PIHXGBLYMZIW4E,6G2SHQIM26PIHXGBLYMZIW4E,MLVTVMXRGXXP3,LeMieux Suede Close Contact Square,"Our classic Close Contact Square is designed to fit forward-cut jumping saddles. An iconic jumping pad with its high wither cut and swept back profile, our suede saddle pads offer practicality and comfort under the saddle. The luxurious yet easy-care suede-effect upper is perfect for everyday occasions. It is finished with subtle LeMieux-branded spine tape, while soft, contoured, friction-free binding ensures the pad always lies flat. Our signature breathable natural bamboo blend lining absorbs and controls sweat under the saddle and is naturally anti-static, antimicrobial, and quick-drying. It&#39;s also beautifully comfortable and secure, minimising friction even on sensitive-skinned horses. A PU leather girth protection area exudes durable quality. Hidden girth keepers incorporate inner loops to offer more girthing options for an optimum fit. Elasticated shaped D-ring tabs allow for easy, non-slip attachment to the saddle while still leaving room for extra training aids to be clipped on. Match your Suede Close Contact Square with a Classic Fly Hood to complete the look. Machine washable on normal 30 degree cycle Advised to wash in a wash bag Pull into correct shape whilst damp to maintain shape during drying Please ensure the washing machine drum is large enough to safely accommodate the pad size Please ensure all Hook &amp; Loop is closed firmly prior to washing Air dry away from heat source (do not tumble)",physical,visible,105,105,$105.00,37,0,37,false,true,false,false,DDIXKTDBILZCJ6PILBQT46WF|MOSA7PXNK5UFUF4HT5OP32FC|NY37ZZ7FJKR4SFMLEFVCQCHK,LeMieux|Saddle Pads|Close Contact,https://131790741.cdn6.editmysite.com/uploads/1/3/1/7/131790741/J7VGEGE5ZDLC6SOVGRQ57XGF.jpeg,https://www.mags-tack.com/product/lemieux-suede-close-contact-square/6G2SHQIM26PIHXGBLYMZIW4E,2025-12-23T20:43:45+00:00,2026-06-29T17:59:05+00:00,2026-07-07T19:33:16+00:00
RD2YUCWT5L25ZORSN5FEF5EL,RD2YUCWT5L25ZORSN5FEF5EL,4753,MLVTVMXRGXXP3,LeMieux Suede Close Contact Square CC Square IT01 IT01156 It0408,"Our classic Close Contact Square is designed to fit forward-cut jumping saddles. An iconic jumping pad with its high wither cut and swept back profile, our suede saddle pads offer practicality and comfort under the saddle. The luxurious yet easy-care suede-effect upper is perfect for everyday occasions. It is finished with smart LeMieux-branded spine tape, while contoured friction-free binding prevents misshaping. Our signature breathable natural bamboo blend lining absorbs and controls sweat under the saddle and is naturally antistatic, antimicrobial, and quick-drying. It&#39;s also beautifully comfortable and secure, minimising friction even on sensitive-skinned horses. A durable girth protection area ensures lasting quality. Girth keepers incorporate inner looped channels to offer more girthing options for optimum fit. Elasticated shaped D-ring tabs allow easy, non-slip attachment to the saddle while still leaving room for extra training aids to be clipped on. Match your Suede Close Contact Square with a Classic Fly Hood to complete the look. Machine washable on normal 30 degree cycle Advised to wash in a wash bag Pull into correct shape whilst damp to maintain shape during drying Please ensure the washing machine drum is large enough to safely accommodate the pad size Please ensure all Hook &amp; Loop is closed firmly prior to washing Air dry away from heat source (do not tumble)",physical,visible,105,105,$105.00,43,0,43,false,true,false,false,DDIXKTDBILZCJ6PILBQT46WF|MOSA7PXNK5UFUF4HT5OP32FC|NY37ZZ7FJKR4SFMLEFVCQCHK,LeMieux|Saddle Pads|Close Contact,https://131790741.cdn6.editmysite.com/uploads/1/3/1/7/131790741/IFHXKXKMNP62HNBORGPDOLLP.png,https://www.mags-tack.com/product/lemieux-suede-close-contact-square-cc-square-it01-it01156-it0408/4753,2024-02-27T21:42:25+00:00,2026-06-29T17:59:17+00:00,2026-07-07T19:33:35+00:00
3724C5C6GFTC6RDJQE6GB5VE,3724C5C6GFTC6RDJQE6GB5VE,3724C5C6GFTC6RDJQE6GB5VE,MLVTVMXRGXXP3,LeMieux Suede Dressage Square,"Our classic Dressage Square features a quilting pattern with contrast piping for optimum streamlined cushioning. Our iconic dressage pad with its high wither cut, elasticated D-ring tabs and swept back profile, our suede saddle pads offer practicality and comfort under the saddle. The luxurious yet easy-care suede-effect upper is perfect for everyday occasions, while contoured suede-effect binding prevents mis-shaping. The natural bamboo blend lining absorbs and controls sweat under the saddle. It&#39;s also beautifully comfortable and secure, minimising friction even on sensitive-skinned horses. An updated matte durable girth protection area ensures lasting quality. Girth keepers incorporate inner looped channels to offer more girthing options. Match your Suede Dressage Square with a Classic Fly Hood in the same colour to complete the look. Machine washable on normal 30 degree cycle Advised to wash in a wash bag Pull into correct shape whilst damp to maintain shape during drying Please ensure the washing machine drum is large enough to safely accommodate the pad size Please ensure all Hook &amp; Loop is closed firmly prior to washing Air dry away from heat source (do not tumble)",physical,visible,110,110,$110.00,24,0,24,false,true,false,false,DDIXKTDBILZCJ6PILBQT46WF|EPZPDBQRGQA4CBYNWANJCCNH|MOSA7PXNK5UFUF4HT5OP32FC,LeMieux|Dressage|Saddle Pads,https://131790741.cdn6.editmysite.com/uploads/1/3/1/7/131790741/R5YEFE2KXV2AGCSKQNO7TIOT.png,https://www.mags-tack.com/product/lemieux-suede-dressage-square/3724C5C6GFTC6RDJQE6GB5VE,2025-12-23T20:44:03+00:00,2026-06-29T17:58:52+00:00,2026-07-07T19:33:13+00:00
JMVKMM5AHK4QQGZQ22NFDKWR,JMVKMM5AHK4QQGZQ22NFDKWR,4875,MLVTVMXRGXXP3,LeMieux Suede Dressage Square,"Now with our Super Soft Suede Binding &amp; New PU Leather girth protection area, this beautiful suede Dressage square sets new standards in style &amp; comfort. Now established as the iconic LeMieux look when combined with matching polo bandages and fly hoods there are colours to suit most horses and tastes. Designed to fit a wide range of dressage saddles with its high wither and elasticated D-Ring tabs. The luxurious suede top side with soft suede binding is complimented by a new super soft Bamboo lining to absorb &amp; control sweat under the saddle and are beautifully comfortable and secure - minimising friction. Machine washable on normal 30 degree cycle Advised to wash in a wash bag Pull into correct shape whilst damp to maintain shape during drying Please ensure the washing machine drum is large enough to safely accommodate the pad size Please ensure all Hook &amp; Loop is closed firmly prior to washing Air dry away from heat source (do not tumble)",physical,visible,110,110,$110.00,2,1,2,false,true,false,false,DDIXKTDBILZCJ6PILBQT46WF|EPZPDBQRGQA4CBYNWANJCCNH|MOSA7PXNK5UFUF4HT5OP32FC,LeMieux|Dressage|Saddle Pads,https://131790741.cdn6.editmysite.com/uploads/1/3/1/7/131790741/MSAWAN6A7VHBMA4IMPPTCJWT.jpeg,https://www.mags-tack.com/product/lemieux-suede-dressage-square/4875,2024-05-02T00:26:16+00:00,2026-06-29T17:59:43+00:00,2026-07-07T19:33:25+00:00
NFESWILN57XYBJOX2C2NAVUC,NFESWILN57XYBJOX2C2NAVUC,NFESWILN57XYBJOX2C2NAVUC,MLVTVMXRGXXP3,LeMieux Suede Dressage Square,"Now with our Super Soft Suede Binding &amp; New PU Leather girth protection area, this beautiful suede Dressage square sets new standards in style &amp; comfort. Now established as the iconic LeMieux look when combined with matching polo bandages and fly hoods there are colours to suit most horses and tastes. Designed to fit a wide range of dressage saddles with its high wither and elasticated D-Ring tabs. The luxurious suede top side with soft suede binding is complimented by a new super soft Bamboo lining to absorb &amp; control sweat under the saddle and are beautifully comfortable and secure - minimising friction. Machine washable on normal 30 degree cycle Advised to wash in a wash bag Pull into correct shape whilst damp to maintain shape during drying Please ensure the washing machine drum is large enough to safely accommodate the pad size Please ensure all Hook &amp; Loop is closed firmly prior to washing Air dry away from heat source (do not tumble)",physical,visible,110,110,$110.00,1,0,1,false,true,false,false,DDIXKTDBILZCJ6PILBQT46WF|EPZPDBQRGQA4CBYNWANJCCNH|MOSA7PXNK5UFUF4HT5OP32FC,LeMieux|Dressage|Saddle Pads,https://131790741.cdn6.editmysite.com/uploads/1/3/1/7/131790741/5A2CZLOERJWGGP5GDQNXGO24.jpeg,https://www.mags-tack.com/product/lemieux-suede-dressage-square/NFESWILN57XYBJOX2C2NAVUC,2024-02-27T21:49:52+00:00,2026-06-29T17:59:56+00:00,2026-07-07T19:33:29+00:00
567BVN6LDEZOG7TC72BPPAMT,567BVN6LDEZOG7TC72BPPAMT,4841,MLVTVMXRGXXP3,LeMieux Suede GP Square,"Now with the New Super Soft Suede Binding and New PU Leather Girth Protection area, this beautiful suede General Purpose square sets new standards in style &amp; comfort. Now established as the iconic LeMieux look when combined with matching polo bandages and fly hoods there are colours to suit most horses and tastes. Designed to fit a wide range of general purpose saddles with its high wither, standard long straps &amp; New PU Leather girth protection area. The luxurious suede top side and New Soft Suede Binding is complimented by a super soft Bamboo lining to absorb &amp; control sweat under the saddle and are beautifully comfortable and secure - minimising friction. Machine washable on normal 30 degree cycle Advised to wash in a wash bag Pull into correct shape whilst damp to maintain shape during drying Please ensure the washing machine drum is large enough to safely accommodate the pad size Please ensure all Hook &amp; Loop is closed firmly prior to washing Air dry away from heat source (do not tumble)",physical,visible,105,105,$105.00,26,0,26,false,true,false,false,DDIXKTDBILZCJ6PILBQT46WF|MOSA7PXNK5UFUF4HT5OP32FC|SVFYUCV2QBT6R7TUN6S26J7H,LeMieux|Saddle Pads|General Purpose,https://131790741.cdn6.editmysite.com/uploads/1/3/1/7/131790741/CBH2WVNMCV4R7VQJOMSB2DUV.jpeg,https://www.mags-tack.com/product/lemieux-suede-gp-square/4841,2024-04-08T23:04:55+00:00,2026-06-29T17:59:11+00:00,2026-07-07T19:33:16+00:00
YEHKHH47IQYLKCRCMRGYTGIX,YEHKHH47IQYLKCRCMRGYTGIX,YEHKHH47IQYLKCRCMRGYTGIX,MLVTVMXRGXXP3,LeMieux Suede GP Square,"Our classic General Purpose Square is designed to fit a range of GP saddles. New athletic block quilting pattern with contrast piping offers optimum streamlined cushioning. An iconic GP pad with its high wither cut, elasticated D-ring tabs and swept back profile, our suede saddle pads offer practicality and comfort under the saddle. The luxurious yet easy-care suede-effect upper is perfect for everyday occasions, while contoured suede-effect binding prevents mis-shaping. The breathable, anti-static, antimicrobial and quick drying bamboo blend lining absorbs and controls sweat under the saddle. It&#39;s also beautifully comfortable and secure, minimising friction even on sensitive-skinned horses. An updated durable girth protection area with a low-key matte finish ensures lasting quality. Girth keepers incorporate inner looped channels to offer more girthing options. Match your Suede GP Square with a Classic Fly Hood in the same colour - or go bold with a mixy matchy shade - to complete the look. Machine washable on normal 30 degree cycle Advised to wash in a wash bag Pull into correct shape whilst damp to maintain shape during drying Please ensure the washing machine drum is large enough to safely accommodate the pad size Please ensure all Hook &amp; Loop is closed firmly prior to washing Air dry away from heat source (do not tumble)",physical,visible,105,105,$105.00,35,0,35,false,true,false,false,DDIXKTDBILZCJ6PILBQT46WF|MOSA7PXNK5UFUF4HT5OP32FC|SVFYUCV2QBT6R7TUN6S26J7H,LeMieux|Saddle Pads|General Purpose,https://131790741.cdn6.editmysite.com/uploads/1/3/1/7/131790741/A43BMSUXN2AOCNVW2TN2QLYK.jpeg,https://www.mags-tack.com/product/lemieux-suede-gp-square/YEHKHH47IQYLKCRCMRGYTGIX,2025-12-23T20:43:48+00:00,2026-06-29T17:59:05+00:00,2026-07-07T19:33:42+00:00
WL62D7TNWB44VN6AKT6EH6LI,WL62D7TNWB44VN6AKT6EH6LI,4786,MLVTVMXRGXXP3,LeMieux Toy Pony,"Toy Pony Gracie is a freestanding clippable Toy Pony with a deep pile coat and cord mane and tail. Little equestrian can learn fundamental horse care skills like clipping, show grooming and plaiting safely with Gracie. The ‘clipped’ look is achieved through pile reversal in Gracie&#39;s coat, which mimics natural horsehair. Pile-reversing play clippers, grooming brush, stencils and genuine skills instructions for authentic clip, plait and quarter mark styles are included. Gracie fits all our collectable LeMieux Toy Pony accessories, like our colourful range of headcollars, rugs and other tack. Suitable for ages 3+ Surface Clean Only",physical,visible,95,115,$95.00,34,0,34,false,true,false,false,DDIXKTDBILZCJ6PILBQT46WF|VIXAM4U5URXTY2WSHLMIB4TE|W2DJCOYO2RVUV2QNTSWS3BZ6,LeMieux|Toy Pony|Toy Ponies & Figures,https://131790741.cdn6.editmysite.com/uploads/1/3/1/7/131790741/WKKDVSNGMO6SVM7KEVGKTKAK.png,https://www.mags-tack.com/product/lemieux-toy-pony/4786,2024-03-08T00:29:28+00:00,2026-06-29T17:59:23+00:00,2026-07-07T19:33:40+00:00
DNXLJTIZ5RPJYW6KKSVZ4ZVV,DNXLJTIZ5RPJYW6KKSVZ4ZVV,DNXLJTIZ5RPJYW6KKSVZ4ZVV,MLVTVMXRGXXP3,LeMieux Toy Pony,"Razzle is a gorgeous black and white piebald show cob, with fluffy feathers and a plaitable mane and tail. His coat is super soft – perfect for brushing and looking after. He stands securely on all four legs and is flexible, making him safe for children to play with. Of course, additional matching accessories are available for Razzle in your favourite colours, including Toy Pony Saddle Pads, Fly Hoods and Bandages, as well as fully working saddles and bridles in real leather, making these toys not only great fun to play with but educational too! Every pony is individually handmade, varying slightly in size and shape. Accessories are sold separately. Suitable for ages 3+ Wipe clean only Not suitable for children under 3 years Colour may vary to advertised photos",physical,visible,105,105,$105.00,3,0,3,false,true,false,false,DDIXKTDBILZCJ6PILBQT46WF|VIXAM4U5URXTY2WSHLMIB4TE|W2DJCOYO2RVUV2QNTSWS3BZ6,LeMieux|Toy Pony|Toy Ponies & Figures,https://131790741.cdn6.editmysite.com/uploads/1/3/1/7/131790741/4JYDX72V6XY7YESGFH5SAMCS.png,https://www.mags-tack.com/product/lemieux-toy-pony/DNXLJTIZ5RPJYW6KKSVZ4ZVV,2025-12-23T20:43:48+00:00,2026-06-29T17:59:11+00:00,2026-07-07T19:33:21+00:00
42MDJNWR4ZCXZPWAJ5ZR5EWE,42MDJNWR4ZCXZPWAJ5ZR5EWE,4760,MLVTVMXRGXXP3,LeMieux Toy Pony Bandages,"Luxury fleece polo bandages with simple hook &amp; loop fastening. The perfect way to learn how to bandage and ensure perfect matching with colour co-ordinated sets to match the Mini LeMieux Pony Saddle Pads and Fly Hoods. Suitable for ages 3 years + Machine washable on a normal 30 degree cycle Pull into correct shape whilst damp to maintain shape during drying Air dry, do not tumble dry Not suitable for children under 3 years Colour may vary to advertised photos",physical,visible,23,28,$23.00,41,0,41,false,true,false,false,DDIXKTDBILZCJ6PILBQT46WF|VIXAM4U5URXTY2WSHLMIB4TE|W2DJCOYO2RVUV2QNTSWS3BZ6,LeMieux|Toy Pony|Toy Ponies & Figures,https://131790741.cdn6.editmysite.com/uploads/1/3/1/7/131790741/7MRXOVMCAL4D5QDNKU64N3O5.png,https://www.mags-tack.com/product/lemieux-toy-pony-bandages/4760,2024-02-27T21:59:18+00:00,2026-06-29T17:59:17+00:00,2026-07-07T19:33:11+00:00
CNNODFYHT6BJC5DBDNYJPMPQ,CNNODFYHT6BJC5DBDNYJPMPQ,4834,MLVTVMXRGXXP3,LeMieux Toy Pony Bridle,"Practice tacking up with this &#39;real design&#39; bridle complete with metal bit and reins. Made from high quality leather with delicate stitching detail on the noseband and browband. A beautiful educational addition to the collection. Suitable for ages 8 years + Wipe clean only Not suitable for children under 8 years Please be mindful of metal fittings on product Due to the nature of being handmade, each toy pony BRIDLE may vary from the advertised photos Colour may vary to advertised photos",physical,visible,55,55,$55.00,11,5,11,false,false,false,false,DDIXKTDBILZCJ6PILBQT46WF|VIXAM4U5URXTY2WSHLMIB4TE|W2DJCOYO2RVUV2QNTSWS3BZ6,LeMieux|Toy Pony|Toy Ponies & Figures,https://131790741.cdn6.editmysite.com/uploads/1/3/1/7/131790741/YSJYNZPB5FYMJSLBQ6H3UKDF.png,https://www.mags-tack.com/product/lemieux-toy-pony-bridle/4834,2024-03-21T21:51:14+00:00,2026-06-29T17:59:43+00:00,2026-07-07T19:33:20+00:00
XWCENBUFSWYC3STQSPAPLRZ3,XWCENBUFSWYC3STQSPAPLRZ3,5730,MLVTVMXRGXXP3,LeMieux Toy Pony Capella Boots,"Toy Ponies will love schooling in these smart and traditional-looking boots, worn to protect their legs from brushing knocks and scrapes.These smart and functional boots are made just like the real thing with faux leather strike guards and perforated sections to promote airflow and prevent over heating.Elasticated hook and loop straps offer an easy fit, ideal for little equestrians to learn how to boot up.Suitable for ages 8+ Clean with a suitable leather cleaner &amp; apply a suitable leather balm only Store in a clean, dry place",physical,visible,45,45,$45.00,5,1,5,false,true,false,false,DDIXKTDBILZCJ6PILBQT46WF|VIXAM4U5URXTY2WSHLMIB4TE|W2DJCOYO2RVUV2QNTSWS3BZ6,LeMieux|Toy Pony|Toy Ponies & Figures,https://131790741.cdn6.editmysite.com/uploads/1/3/1/7/131790741/OUIFRTNSYZOYUQE5JDXYFJYA.jpeg,https://www.mags-tack.com/product/lemieux-toy-pony-capella-boots/5730,2025-04-16T23:54:21+00:00,2026-06-29T17:59:36+00:00,2026-07-07T19:33:42+00:00
AEYLGENZRTWLMEAGJOMLYITS,AEYLGENZRTWLMEAGJOMLYITS,AEYLGENZRTWLMEAGJOMLYITS,MLVTVMXRGXXP3,Lemieux Toy Pony Christmas Set Xmas set,"Get in the festive spirit with this Christmassy gift set for your Toy Pony. Its Santa-inspired red and white colourway will make your Toy Pony look just right under the tree. The complete set includes four red and white Toy Pony Grafter Boots, a festive red and white Fly Hood and a sensational red and white Toy Pony Saddle Pad.Please take care, colour may transfer onto lighter coloured fabrics. Machine wash up to 30 degrees Do not bleach Do not dry clean Allow to air dry only Do not tumble dry Do not iron",physical,visible,80,80,$80.00,12,12,12,false,false,false,false,DDIXKTDBILZCJ6PILBQT46WF|VIXAM4U5URXTY2WSHLMIB4TE|W2DJCOYO2RVUV2QNTSWS3BZ6,LeMieux|Toy Pony|Toy Ponies & Figures,https://131790741.cdn6.editmysite.com/uploads/1/3/1/7/131790741/K6YEW22UIGDTNT7PMJOJISPA.jpeg,https://www.mags-tack.com/product/lemieux-toy-pony-christmas-set-xmas-set/AEYLGENZRTWLMEAGJOMLYITS,2025-11-15T14:40:30+00:00,2026-06-29T17:59:56+00:00,2026-07-07T19:33:20+00:00
L574YHA3WRQUHZ57O7XAUAC5,L574YHA3WRQUHZ57O7XAUAC5,L574YHA3WRQUHZ57O7XAUAC5,MLVTVMXRGXXP3,LeMieux Toy Pony Dressage Pad,"Competitors, this miniature-scale professional LeMieux dressage pad for your LeMieux Toy Pony will set you up for an excellent dressage test score. Accurate to the smallest detail of authenticity, it has a quilted finish, rolled friction-free binding and removable interchangeable dressage competition numbers, just like the real thing. Perfect for little dressage competitors to hone their craft, team it with the LeMieux Toy Pony Dressage Saddle and Double Bridle for an elegant finish. Suitable for ages 3+ Hand wash only",physical,visible,35,35,$35.00,3,3,3,false,true,false,false,DDIXKTDBILZCJ6PILBQT46WF|VIXAM4U5URXTY2WSHLMIB4TE|W2DJCOYO2RVUV2QNTSWS3BZ6,LeMieux|Toy Pony|Toy Ponies & Figures,https://131790741.cdn6.editmysite.com/uploads/1/3/1/7/131790741/DQJHG7MZ7O2Z3VZWNCT4O7PE.jpeg,https://www.mags-tack.com/product/lemieux-toy-pony-dressage-pad/L574YHA3WRQUHZ57O7XAUAC5,2024-07-09T22:29:26+00:00,2026-06-29T17:59:56+00:00,2026-07-07T19:33:26+00:00
W62IWB7BU7SIGMTWRS2QDOYW,W62IWB7BU7SIGMTWRS2QDOYW,W62IWB7BU7SIGMTWRS2QDOYW,MLVTVMXRGXXP3,LeMieux Toy Pony Dressage Saddle,"Prepare for excellence in the dressage ring with this real leather dressage saddle in miniature.Made by the same artisan leather experts who craft all our LeMieux leatherwork, this saddle is authentic down to the last tiny detail. It&#39;s complete with knee rolls and an adjustable girth. It&#39;s perfect for little dressage riders to practice tacking up their LeMieux Toy Pony. Team with the Toy Pony Dressage Square in White and the Toy Pony Double Bridle for the full dressage look.Suitable for ages 3+ Clean with suitable leather cleaner",physical,visible,65,65,$65.00,1,1,1,false,true,false,false,DDIXKTDBILZCJ6PILBQT46WF|VIXAM4U5URXTY2WSHLMIB4TE|W2DJCOYO2RVUV2QNTSWS3BZ6,LeMieux|Toy Pony|Toy Ponies & Figures,https://131790741.cdn6.editmysite.com/uploads/1/3/1/7/131790741/ANAGKG3FVU6GDJ6SMJTGFULR.jpeg,https://www.mags-tack.com/product/lemieux-toy-pony-dressage-saddle/W62IWB7BU7SIGMTWRS2QDOYW,2024-08-22T23:30:22+00:00,2026-06-29T17:59:43+00:00,2026-07-07T19:33:41+00:00
37MZDPQVFQ5TL7PVELK2M2OE,37MZDPQVFQ5TL7PVELK2M2OE,4758,MLVTVMXRGXXP3,LeMieux Toy Pony Fly Hood,"An identical miniature version of the Classic Fly Hood with intricate handmade crochet. Super soft suede ears, beautiful braiding detail and LeMieux logo means your Mini LeMieux Pony can look just like the real thing in full matchy matchy outfit! Suitable for ages 3 years + Machine washable on a normal 30 degree cycle Pull into correct shape whilst damp to maintain shape during drying Air dry, do not tumble dry Not suitable for children under 3 years Colour may vary to advertised photos",physical,visible,33,33,$33.00,30,0,30,false,true,false,false,DDIXKTDBILZCJ6PILBQT46WF|VIXAM4U5URXTY2WSHLMIB4TE|W2DJCOYO2RVUV2QNTSWS3BZ6,LeMieux|Toy Pony|Toy Ponies & Figures,https://131790741.cdn6.editmysite.com/uploads/1/3/1/7/131790741/PIKCKJAD57MTDFW2MLJPB52Y.png,https://www.mags-tack.com/product/lemieux-toy-pony-fly-hood/4758,2024-02-27T21:56:57+00:00,2026-06-29T17:59:30+00:00,2026-07-07T19:33:14+00:00
YJLZIRPJI7ABCACDLZWG434K,YJLZIRPJI7ABCACDLZWG434K,5728,MLVTVMXRGXXP3,LeMieux Toy Pony Grackle Bridle- Brown,"Perfect for taking your Toy Pony cross country, this realistic grackle bridle is made just like the real thing in premium leather with a metal bit. Little equestrians can learn more about how bridles work and how to ensure the perfect fit with fully adjustable cheekpieces, crossed grackle noseband and throatlash.Suitable for ages 8+ Wipe clean only Not suitable for children under 3 years Please be mindful of metal fittings on product Due to the nature of being handmade, each toy pony bridle may vary from the advertised photos",physical,visible,45,45,$45.00,2,2,2,false,true,false,false,DDIXKTDBILZCJ6PILBQT46WF|VIXAM4U5URXTY2WSHLMIB4TE|W2DJCOYO2RVUV2QNTSWS3BZ6,LeMieux|Toy Pony|Toy Ponies & Figures,https://131790741.cdn6.editmysite.com/uploads/1/3/1/7/131790741/2AXXAEV5DIDYPUTJN3SSDDPL.jpeg,https://www.mags-tack.com/product/lemieux-toy-pony-grackle-bridle-brown/5728,2025-04-16T23:40:41+00:00,2026-06-29T17:59:50+00:00,2026-07-07T19:33:43+00:00
ILVVNLGDUMM7Z672B6AB64E3,ILVVNLGDUMM7Z672B6AB64E3,4822,MLVTVMXRGXXP3,LeMieux Toy Pony Grafter Boots,"Scaled-down miniature versions of the full-sized LeMieux Grafter Boots for your Toy Pony in marvellous mixy-matchy colours.With realistic PU leather strike guards and hook and loop straps, now your Toy Pony can look just like the real thing in a full mixy-matchy or matchy-matchy outfit!Sold in pairs. Suitable for ages 3+ Machine washable on a normal 30 degree cycle Pull into correct shape whilst damp to maintain shape during drying Air dry, do not tumble dry Not suitable for children under 3 years Colour may vary to advertised photos",physical,visible,22,24,$22.00,18,0,18,false,true,false,false,DDIXKTDBILZCJ6PILBQT46WF|VIXAM4U5URXTY2WSHLMIB4TE|W2DJCOYO2RVUV2QNTSWS3BZ6,LeMieux|Toy Pony|Toy Ponies & Figures,https://131790741.cdn6.editmysite.com/uploads/1/3/1/7/131790741/FUDWOJQOHUCH3QR5CQ4DHZEC.jpeg,https://www.mags-tack.com/product/lemieux-toy-pony-grafter-boots/4822,2024-03-29T15:35:48+00:00,2026-06-29T17:59:11+00:00,2026-07-07T19:33:23+00:00
57O63AS4A5XF4WGRLYWXVFS2,57O63AS4A5XF4WGRLYWXVFS2,5727,MLVTVMXRGXXP3,LeMieux Toy Pony Hunter Bridle-Brown,"Little equestrians can learn all about the Hunter style with this realistic, full adjustable Hunter bridle. Made from soft leather, it has a metal bit that fits perfectly into your Toy Pony&#39;s mouth. Just like the real thing, this Hunter bridle has smart stitching details and laced reins ready for the show ring. Suitable for ages 8+ Clean with a Suitable Leather Cleaner &amp; Apply a Suitable Leather Balm only. Store in a Clean, Dry Place",physical,visible,45,45,$45.00,1,1,1,false,true,false,false,DDIXKTDBILZCJ6PILBQT46WF|VIXAM4U5URXTY2WSHLMIB4TE|W2DJCOYO2RVUV2QNTSWS3BZ6,LeMieux|Toy Pony|Toy Ponies & Figures,https://131790741.cdn6.editmysite.com/uploads/1/3/1/7/131790741/42ZHCVL63O3CE7KEGGHEGR4L.jpeg,https://www.mags-tack.com/product/lemieux-toy-pony-hunter-bridle-brown/5727,2025-04-16T23:22:24+00:00,2026-06-29T17:59:56+00:00,2026-07-07T19:33:13+00:00
XVNQRNL3AYL6L3XALKHOL4NK,XVNQRNL3AYL6L3XALKHOL4NK,5729,MLVTVMXRGXXP3,LeMieux Toy Pony Hunter Saddle Pad & Girth,"Get ready for Hunter style! Look the part in this matching set, including a quilted suede saddle pad with white fleece trim, and a quality leather girth with fleece lining. These look just like the real thing. Fits Toy Pony saddles perfectly.Suitable for ages 8+ Clean with a Suitable Leather Cleaner &amp; Apply a Suitable Leather Balm only. Store in a Clean, Dry Place Clean Artificial Fur with a Damp Cloth.",physical,visible,60,60,$60.00,4,4,4,false,true,false,false,DDIXKTDBILZCJ6PILBQT46WF|VIXAM4U5URXTY2WSHLMIB4TE|W2DJCOYO2RVUV2QNTSWS3BZ6,LeMieux|Toy Pony|Toy Ponies & Figures,https://131790741.cdn6.editmysite.com/uploads/1/3/1/7/131790741/3RW7V7TY5X3PSPLK7E4QKOGW.jpeg,https://www.mags-tack.com/product/lemieux-toy-pony-hunter-saddle-pad-girth/5729,2025-04-16T23:50:58+00:00,2026-06-29T17:59:30+00:00,2026-07-07T19:33:42+00:00
FFHHWJHIXYZ7X3ZYQQ2IWJLS,FFHHWJHIXYZ7X3ZYQQ2IWJLS,5712,MLVTVMXRGXXP3,Lemieux Toy Pony Jump Saddle & Stud Girth-Black,"Get ready to jump a clear round with this Toy Pony Jump Saddle set! Just like the real thing, this high-quality forward-cut leather saddle with detailed white stitching and realistic stirrups is just right for showjumping. An anatomic leather stud girth, to protect your Toy Pony&#39;s belly from scrapes when jumping, has an integrated metal loop for attaching accessories, such as the Toy Pony Martingale. Suitable for ages 3+",physical,visible,55,55,$55.00,1,1,1,false,true,false,false,DDIXKTDBILZCJ6PILBQT46WF|VIXAM4U5URXTY2WSHLMIB4TE|W2DJCOYO2RVUV2QNTSWS3BZ6,LeMieux|Toy Pony|Toy Ponies & Figures,https://131790741.cdn6.editmysite.com/uploads/1/3/1/7/131790741/67YZB4FHO73HXQ2VU3EUQ5NB.png,https://www.mags-tack.com/product/lemieux-toy-pony-jump-saddle-stud-girth-black/5712,2025-04-10T22:59:01+00:00,2026-06-29T17:59:50+00:00,2026-07-07T19:33:21+00:00
JHR4CZ35AAQW7MIMKVUQI3IG,JHR4CZ35AAQW7MIMKVUQI3IG,4759,MLVTVMXRGXXP3,LeMieux Toy Pony Pad,"A replica LeMieux saddle pad in miniature, adding an extra element to your Toy Pony&#39;s tack. Little equestrians will love playing at tacking up their Toy Pony, learning along the way. Just like the real thing, this little saddle pad has a faux leather girth protection area and LeMieux branding. Matching accessories in all our seasonal colours are available, for little equestrians to create their very own mixy matchy colour combinations. Suitable for ages 3+ Machine washable on a normal 30 degree cycle Pull into correct shape whilst damp to maintain shape during drying Air dry, do not tumble dry Not suitable for children under 3 years Colour may vary to advertised photos",physical,visible,29,29,$29.00,23,0,23,false,true,false,false,DDIXKTDBILZCJ6PILBQT46WF|VIXAM4U5URXTY2WSHLMIB4TE|W2DJCOYO2RVUV2QNTSWS3BZ6,LeMieux|Toy Pony|Toy Ponies & Figures,https://131790741.cdn6.editmysite.com/uploads/1/3/1/7/131790741/7XSVYJHUQVJPQIIWZV75PXMJ.png,https://www.mags-tack.com/product/lemieux-toy-pony-pad/4759,2024-02-27T21:57:46+00:00,2026-06-29T17:59:36+00:00,2026-07-07T19:33:24+00:00
FEYHCXYWHN6MAX2MTBC4N7YM,FEYHCXYWHN6MAX2MTBC4N7YM,FEYHCXYWHN6MAX2MTBC4N7YM,MLVTVMXRGXXP3,LeMieux Toy Pony Pad,"A replica LeMieux saddle pad in miniature, adding an extra element to your Toy Pony&#39;s tack. Little equestrians will love playing at tacking up their Toy Pony, learning along the way. Just like the real thing, this little saddle pad has a faux leather girth protection area and LeMieux branding. Matching accessories in all our seasonal colours are available, for little equestrians to create their very own mixy matchy colour combinations. Suitable for ages 3+ Machine washable on a normal 30 degree cycle Pull into correct shape whilst damp to maintain shape during drying Air dry, do not tumble dry Not suitable for children under 3 years Colour may vary to advertised photos",physical,visible,30,30,$30.00,3,0,3,false,true,false,false,DDIXKTDBILZCJ6PILBQT46WF|VIXAM4U5URXTY2WSHLMIB4TE|W2DJCOYO2RVUV2QNTSWS3BZ6,LeMieux|Toy Pony|Toy Ponies & Figures,https://131790741.cdn6.editmysite.com/uploads/1/3/1/7/131790741/PFPGJQXD3NJGK3NE7KTR2A2I.jpeg,https://www.mags-tack.com/product/lemieux-toy-pony-pad/FEYHCXYWHN6MAX2MTBC4N7YM,2024-05-03T00:48:11+00:00,2026-06-29T17:59:36+00:00,2026-07-07T19:33:22+00:00
SFR3UP3U52VDLBZCI7UYIQOL,SFR3UP3U52VDLBZCI7UYIQOL,4810,MLVTVMXRGXXP3,LeMieux Toy Pony Rug,"Little Lemon, the pretty Shetland pony that the Lemieux family rehomed from partner charity World Horse Welfare, has been busy since she was rescued. Grazing with showjumpers, munching carrots (her fav treat) and meeting and greeting her fans is all in a day&#39;s work for her. But now she&#39;s turned her hoof to fashion design. This quality fleece Toy Pony rug is printed with a fun &#39;Lemon&#39; pattern. It boasts a bib-front detail and fillet string, just like the LeMieux Fleece Rug, with simple hook and loop attachments to secure it. An absolute must-have for the cutest Toy Ponies around! Suitable for ages 3+ Machine wash up to 30 degrees with similar colours using non-biological detergent only Do not bleach Do not dry clean Do not tumble dry Do not iron",physical,visible,42,52,$42.00,42,0,42,false,true,false,false,DDIXKTDBILZCJ6PILBQT46WF|VIXAM4U5URXTY2WSHLMIB4TE|W2DJCOYO2RVUV2QNTSWS3BZ6,LeMieux|Toy Pony|Toy Ponies & Figures,https://131790741.cdn6.editmysite.com/uploads/1/3/1/7/131790741/WFAREI3VINNVAWWXHDZG3HNQ.jpeg,https://www.mags-tack.com/product/lemieux-toy-pony-rug/4810,2024-03-21T21:57:19+00:00,2026-06-29T17:59:11+00:00,2026-07-07T19:33:37+00:00
YAMAA6H7LEEYI7NMICZ773Q6,YAMAA6H7LEEYI7NMICZ773Q6,4848,MLVTVMXRGXXP3,LeMieux Toy Pony Saddle,"Exquisitely crafted miniature saddle in beautiful fine grain leather. Real design features including a double flap with three girth straps and buckle guards. Comes complete with detachable girth and metal stirrups which make this ideal for learning about parts of the saddle, practicing tacking up and tack cleaning. Suitable for ages 8 years + Wipe clean only",physical,visible,66,66,$66.00,9,4,9,false,true,false,false,DDIXKTDBILZCJ6PILBQT46WF|VIXAM4U5URXTY2WSHLMIB4TE|W2DJCOYO2RVUV2QNTSWS3BZ6,LeMieux|Toy Pony|Toy Ponies & Figures,https://131790741.cdn6.editmysite.com/uploads/1/3/1/7/131790741/GCS6FQFQM2V7WN7BLJTF2SEL.png,https://www.mags-tack.com/product/lemieux-toy-pony-saddle/4848,2024-03-21T21:53:51+00:00,2026-06-29T17:59:17+00:00,2026-07-07T19:33:42+00:00
ZF6A7RHC5YAQJG4BSSQM6TO4,ZF6A7RHC5YAQJG4BSSQM6TO4,4911,MLVTVMXRGXXP3,LeMieux Toy Pony Vogue Halter & Leadrope,"A perfect toy version of the LeMieux Vogue Headcollar. Includes fleece padded noseband and headpiece with intricate LeMieux embroidered branding, adjustable strap and even a matching leadrope, just like the real thing! Now your Mini LeMieux Pony can look stunning in a full matchy matchy outfit! Machine washable on a normal 30 degree cycle Pull into correct shape whilst damp to maintain shape during drying Air dry, do not tumble dry Not suitable for children under 8 years Please be mindful of metal fittings on product Colour may vary to advertised photos",physical,visible,35,35,$35.00,21,0,21,false,true,false,false,DDIXKTDBILZCJ6PILBQT46WF|VIXAM4U5URXTY2WSHLMIB4TE|W2DJCOYO2RVUV2QNTSWS3BZ6,LeMieux|Toy Pony|Toy Ponies & Figures,https://131790741.cdn6.editmysite.com/uploads/1/3/1/7/131790741/DXOK76OQXX33YWKQDUCOQ2N4.jpeg,https://www.mags-tack.com/product/lemieux-toy-pony-vogue-halter-leadrope/4911,2024-05-03T00:45:17+00:00,2026-06-29T17:59:30+00:00,2026-07-07T19:33:43+00:00
R4YUFLMU3UG4FUAULVMIXUNY,R4YUFLMU3UG4FUAULVMIXUNY,R4YUFLMU3UG4FUAULVMIXUNY,MLVTVMXRGXXP3,LeMieux Toy Puppy Grooming Kit - Ice Blue - Educational Toy for Kids - Perfect Toy Puppies,"The LeMieux Toy Puppy Grooming Kit in Ice Blue is the perfect educational toy for kids who love toy puppies. This grooming kit includes essential tools like a brush, curry comb, sponge, pretend clippers, non-cutting scissors, and a play hair dryer, all packed in a convenient zipped grooming bag. Ideal for little pup owners aged 3 and above, this kit not only keeps toy puppies neat but also allows children to learn about dog care in a fun and safe way.",physical,visible,60,60,$60.00,2,2,2,false,true,false,false,ATL5ROFM5SJO3VWILO3XSNQE|COJSXXILFGMJONWFXPSAI574|DDIXKTDBILZCJ6PILBQT46WF,Stuffed Animals|Toy Puppy|LeMieux,https://131790741.cdn6.editmysite.com/uploads/1/3/1/7/131790741/B36VYMMK5L6SDEWU6VZ2RHH4.jpeg,https://www.mags-tack.com/product/lemieux-toy-puppy-grooming-kit-ice-blue-educational-toy-for-kids-perfect-toy-puppies/R4YUFLMU3UG4FUAULVMIXUNY,2025-11-28T21:10:02+00:00,2026-06-29T17:59:36+00:00,2026-07-07T19:33:35+00:00
QIUQBCW72MTCPMLXHFGNEYU2,QIUQBCW72MTCPMLXHFGNEYU2,QIUQBCW72MTCPMLXHFGNEYU2,MLVTVMXRGXXP3,Lemieux Toy Rider,"Graceful and determined Florence brings elegance to every ride. With her long dark hair and cute freckles she shines in her bright blue Azure outfit as she trains for dressage with poise and focus.One of several interactive, fully articulated, high-quality equestrian dolls with individual personalities and matching outfits in LeMieux core colours. Florence has luscious, real-feel, brushable long dark hair, green eyes and natural eyelashes. She comes wearing removable replica LeMieux riding wear in Azure, with a removable riding helmet and boots. Florence rides posture-correctly on an accessorised Toy Pony, holding the reins with her feet in the stirrups. She&#39;s self-supporting when standing and when correctly positioned on the Toy Pony Saddle. Children are captivated by the authentic equestrian play scenarios they can create, learning about equine care through educational, imaginative, and sensory role play. Toy Rider Florence is compatible with a collectable, colourful range of realistic and mixy-matchy Toy Rider outfits, LeMieux Toy Ponies and Toy Pony accessories, allowing pony-mad children to explore their creativity and develop their equestrian skills through play. Suitable for ages 3+ Please note: these posture-correct, fully articulated rider dolls&#39; joints are designed to flex through a natural range of movement only, not through 360°. Do not use force to adjust their limbs. Surface clean with a damp cloth",physical,visible,105,105,$105.00,7,7,7,false,false,false,false,DDIXKTDBILZCJ6PILBQT46WF|JE2TFYOFAQPNF3QZUSDI6OE2|ZY37QNO5ALB5BQZO56UVVTEN,LeMieux|Toy Riders|Toy Rider,https://131790741.cdn6.editmysite.com/uploads/1/3/1/7/131790741/MY654VOHVRCBWBV5GC7U4KU5.jpeg,https://www.mags-tack.com/product/lemieux-toy-rider/QIUQBCW72MTCPMLXHFGNEYU2,2025-11-24T17:59:19+00:00,2026-06-29T17:59:50+00:00,2026-07-07T19:33:35+00:00
WWJTALP7PPEZI7GSJPZVYULC,WWJTALP7PPEZI7GSJPZVYULC,WWJTALP7PPEZI7GSJPZVYULC,MLVTVMXRGXXP3,Lemieux Toy Rider,"Energetic and confident Chloe is a rider who loves to show off her jumping skills. With her bright blonde hair and bold Chilli Red outfit, she is always ready for the show ring. One of three interactive, fully articulated, high-quality equestrian dolls with individual personalities and matching outfits in LeMieux core colours, Chloe has luscious, real-feel, brushable long blonde hair and natural eyelashes. She comes wearing removable replica LeMieux riding wear in Chilli Red, with a removable riding helmet and boots. Chloe rides posture-correctly on an accessorised Toy Pony, holding the reins with her feet in the stirrups. She&#39;s self-supporting when standing and when correctly positioned on the Toy Pony Saddle. Children are captivated by the authentic equestrian play scenarios they can create, learning about equine care through educational, imaginative, and sensory role play. Toy Rider Chloe is compatible with a collectable, colourful range of realistic and mixy-matchy Toy Rider outfits, LeMieux Toy Ponies and Toy Pony accessories, allowing pony-mad children to explore their creativity and develop their equestrian skills through play. Suitable for ages 3+Please note: these posture-correct, fully articulated rider dolls&#39; joints are designed to flex through a natural range of movement only, not through 360°. Do not use force to adjust their limbs. Surface clean with a damp cloth",physical,visible,99,99,$99.00,14,4,14,false,true,false,false,DDIXKTDBILZCJ6PILBQT46WF|JE2TFYOFAQPNF3QZUSDI6OE2|ZY37QNO5ALB5BQZO56UVVTEN,LeMieux|Toy Riders|Toy Rider,https://131790741.cdn6.editmysite.com/uploads/1/3/1/7/131790741/MANKWL6QQMRZBCFJ4P5DUQ2G.png,https://www.mags-tack.com/product/lemieux-toy-rider/WWJTALP7PPEZI7GSJPZVYULC,2025-06-27T22:12:25+00:00,2026-06-29T17:59:30+00:00,2026-07-07T19:33:40+00:00
JHUBNUTMFRXVKJEAYJCZBXGH,JHUBNUTMFRXVKJEAYJCZBXGH,JHUBNUTMFRXVKJEAYJCZBXGH,MLVTVMXRGXXP3,Lemieux Toy Rider Body Protector and Number Bib,"Get ready for Eventing! Now your Toy Rider can take on the biggest and wildest XC courses in this realistic body protector and number bib set.The body protector features hook and loop closures, just like the real thing, while the number bib has interchangeable numbers for realistic play.LeMieux toys help little equestrians create authentic scenes for absorbing and imaginative play.Suitable for ages 3+ Wipe with damp. soft cloth",physical,visible,28,28,$28.00,5,5,5,false,false,false,false,CVU3XYX4T7QJ435KSIRR66P6|DDIXKTDBILZCJ6PILBQT46WF|JE2TFYOFAQPNF3QZUSDI6OE2|ZY37QNO5ALB5BQZO56UVVTEN,Show Essentials|LeMieux|Toy Riders|Toy Rider,https://131790741.cdn6.editmysite.com/uploads/1/3/1/7/131790741/POEOQJS4B2P2FFN47QUTU7D3.jpeg,https://www.mags-tack.com/product/lemieux-toy-rider-body-protector-and-number-bib/JHUBNUTMFRXVKJEAYJCZBXGH,2025-11-24T17:59:20+00:00,2026-06-29T17:59:43+00:00,2026-07-07T19:33:24+00:00
QJIB5NW4JS56CFPEO74VJN24,QJIB5NW4JS56CFPEO74VJN24,QJIB5NW4JS56CFPEO74VJN24,MLVTVMXRGXXP3,Lemieux Toy Rider Competition Outfit,"Dress your Toy Rider for success in this authentically detailed Competition Outfit. They&#39;ll be all set for the show ring in this set, which includes a navy Show Jacket, white Show Shirt, beige Breeches and a navy Hat Silk, all crafted with immaculate detail just like the real thing. The navy Show Jacket features a sparkle trim detail for a professional finish, and the beige Breeches have detailed style lines and a full seat silicone print so your Toy Rider can grip the saddle while riding.Toy Rider and other accessories are sold separately. Wipe clean with damp cloth",physical,visible,50,50,$50.00,2,2,2,false,true,false,false,DDIXKTDBILZCJ6PILBQT46WF|JE2TFYOFAQPNF3QZUSDI6OE2|ZY37QNO5ALB5BQZO56UVVTEN,LeMieux|Toy Riders|Toy Rider,https://131790741.cdn6.editmysite.com/uploads/1/3/1/7/131790741/XJ652MRMDNYCNWLGJGCJGB7W.jpeg,https://www.mags-tack.com/product/lemieux-toy-rider-competition-outfit/QJIB5NW4JS56CFPEO74VJN24,2025-12-23T20:44:18+00:00,2026-06-29T17:59:05+00:00,2026-07-07T19:33:35+00:00
LQNBBKQPVJ4S2T52STBRVP55,LQNBBKQPVJ4S2T52STBRVP55,LQNBBKQPVJ4S2T52STBRVP55,MLVTVMXRGXXP3,LeMieux Toy Rider Outfit,,physical,visible,45,45,$45.00,9,0,9,false,true,false,false,DDIXKTDBILZCJ6PILBQT46WF|JE2TFYOFAQPNF3QZUSDI6OE2|ZY37QNO5ALB5BQZO56UVVTEN,LeMieux|Toy Riders|Toy Rider,https://131790741.cdn6.editmysite.com/uploads/1/3/1/7/131790741/HPGAQMUFPCUFS4WG6MBI54BQ.jpeg,https://www.mags-tack.com/product/lemieux-toy-rider-outfit/LQNBBKQPVJ4S2T52STBRVP55,2025-12-23T20:44:26+00:00,2026-06-29T17:58:52+00:00,2026-07-07T19:33:27+00:00
V3W4GDXN2P2NEX6O5QO42Z2V,V3W4GDXN2P2NEX6O5QO42Z2V,V3W4GDXN2P2NEX6O5QO42Z2V,MLVTVMXRGXXP3,Lemieux Toy Rider Outfit,"Collect your own mixy matchy outfits in your favourite colours. These Toy Rider-sized replicas of authentic LeMieux clothing fit all the LeMieux Toy Rider dolls, so they can experiment with colour, just like a real LeMieux rider! Each set includes matching Breeches, a Base Layer and a Hat Silk, which are fully removable and adjustable with hook and loop tape tabs and elasticated fitting. Each outfit is designed in a real LeMieux colour, meaning these sets mix and match with other LeMieux Toy Pony Accessories in thousands of possible combinations. Ideal for extended creative playtimes! Suitable for ages 3+ Wipe clean with damp cloth",physical,visible,36,36,$36.00,29,3,29,false,true,false,false,DDIXKTDBILZCJ6PILBQT46WF|JE2TFYOFAQPNF3QZUSDI6OE2|ZY37QNO5ALB5BQZO56UVVTEN,LeMieux|Toy Riders|Toy Rider,https://131790741.cdn6.editmysite.com/uploads/1/3/1/7/131790741/EE4ZRNPZMNAII3GIKNFDGGAL.png,https://www.mags-tack.com/product/lemieux-toy-rider-outfit/V3W4GDXN2P2NEX6O5QO42Z2V,2025-06-27T22:16:16+00:00,2026-06-29T17:59:50+00:00,2026-07-07T19:33:39+00:00
DL36JLA6NR4OMX2FQGQIUU6G,DL36JLA6NR4OMX2FQGQIUU6G,4126,MLVTVMXRGXXP3,LeMieux Women’s Base Layer Top - Athletic Thermal Shirts,"The LeMieux Women&#39;s Base Layer Top is a must-have for any equestrian enthusiast. This athletic thermal shirt is designed to provide warmth and comfort during horseback riding. Made with high-quality materials, it offers excellent moisture-wicking properties to keep you dry and comfortable. The base layer top is perfect for layering under your riding gear and features a stylish design that is both functional and fashionable. Stay warm and stylish with the LeMieux Women&#39;s Base Layer Top.",physical,visible,64,64,$64.00,3,0,3,false,true,false,false,DCWEJP3A2QEQLOGT2AI5HX5F|DDIXKTDBILZCJ6PILBQT46WF|X6JVVXSLC6SH4FAULVWLNIIU,Riding Shirts|LeMieux|Women's Riding and Functional Shirts,https://131790741.cdn6.editmysite.com/uploads/1/3/1/7/131790741/H5REPLPTC5DXOPO6IJXG5ZJQ.jpeg,https://www.mags-tack.com/product/lemieux-women-s-base-layer-top-athletic-thermal-shirts/4126,2024-02-02T01:58:45+00:00,2026-06-29T17:59:36+00:00,2026-07-07T19:33:20+00:00
GKHQB3H3H3V77CATFVJ7JOV3,GKHQB3H3H3V77CATFVJ7JOV3,GKHQB3H3H3V77CATFVJ7JOV3,MLVTVMXRGXXP3,LeMieux Young Rider Arianna T-Shirt,"Young Riders - meet the t-shirt you&#39;ll never want to take off! Beautiful spring colours in soft feel fabrics, loose fit cotton, multimedia sparkle textured LeMieux branding and the latest new look to our logo - 3D pearl effect with glitter - it&#39;s all here. The only question remains: how many t-shirts does one Young Rider need? Machine wash with similar colours Non biological detergent only Do not iron over logo area Iron on reverse",physical,visible,45,45,$45.00,7,0,7,false,true,false,false,CKVTY2SRKUTGTS4JYLARIMX7|DDIXKTDBILZCJ6PILBQT46WF|ZSHJKFJ6VNVGDTEPTDFRRAFO,Kids T-Shirts|LeMieux|Riding Shirts,https://131790741.cdn6.editmysite.com/uploads/1/3/1/7/131790741/362NSTKXUSEDUCTDVXD7SIYW.jpeg,https://www.mags-tack.com/product/lemieux-young-rider-arianna-t-shirt/GKHQB3H3H3V77CATFVJ7JOV3,2025-12-23T20:44:34+00:00,2026-06-29T17:59:11+00:00,2026-07-07T19:33:22+00:00
JYJUR4IFCKAAHOOO7BGO4WLI,JYJUR4IFCKAAHOOO7BGO4WLI,5206,MLVTVMXRGXXP3,Lemieux Young Rider Base Layer,"Our performance base layer for active young riders, this technical UV50+ quarter zip base layer is designed to regulate body temperature. Ventilated underarms keep you cool and dry, and the unique technical fabric moves moisture away from the skin to ensure optimum comfort.Sweat-wicking, antimicrobial, and with 360° stretch for unrestricted comfort, there&#39;s nothing this base layer can&#39;t do. The silky-smooth fabric, ultra-soft seams, and flatlock stitches reduce chafing and keep bulk to a minimum - so it&#39;s versatile when worn under a fleece, jacket, or gilet. With a wide range of colours available, you can mix and match your LeMieux horse and rider wear to create your own unique look. Machine washable up to 30 degrees Please turn garment inside out before washing Wash with similar colours Only use non biological washing products Do not bleach Do not dry clean Allow to air dry, do not tumble dry or place on direct heat source Iron on low, avoiding logo areas",physical,visible,66,66,$66.00,4,0,4,false,true,false,false,4UA2FV6CTIYIIY4GVTIKH7JW|DDIXKTDBILZCJ6PILBQT46WF|ZSHJKFJ6VNVGDTEPTDFRRAFO,Kid's Riding shirts|LeMieux|Riding Shirts,https://131790741.cdn6.editmysite.com/uploads/1/3/1/7/131790741/SUQ4ARAWFS5IJZPGNIRRCRZC.png,https://www.mags-tack.com/product/lemieux-young-rider-base-layer/5206,2024-09-24T23:14:26+00:00,2026-06-29T17:58:52+00:00,2026-07-07T19:33:25+00:00
J6YP7MF3YM2UKUISWVDQ7H3Q,J6YP7MF3YM2UKUISWVDQ7H3Q,J6YP7MF3YM2UKUISWVDQ7H3Q,MLVTVMXRGXXP3,LeMieux Young Rider Boys Breech - White,"Complete with four-way stretch and front pleats for comfort, young riders will experience unrestricted movement in the saddle with these relaxed pleated breeches. The tapered fit reduces bulk and discomfort under riding boots, while fully functional pockets on the front and back make them versatile enough for everyday wear. And, of course, they wouldn&#39;t be LeMieux breeches without subtle branding completing the look. Machine wash at 30 degrees Machine wash warm with like colours Wash garment inside out Do not bleach Do not tumble dry Do not iron",physical,visible,120,120,$120.00,2,1,2,false,true,false,false,5NFTBVUD2I2YYLGX24PLRKWX|DDIXKTDBILZCJ6PILBQT46WF|XRMC6QV7NQP7PXCCDPADBTGM,LeMieux|Breeches,https://131790741.cdn6.editmysite.com/uploads/1/3/1/7/131790741/UTQF5IZIECERTJNMNV7ZPNS7.jpeg,https://www.mags-tack.com/product/lemieux-young-rider-boys-breech-white/J6YP7MF3YM2UKUISWVDQ7H3Q,2025-11-13T00:13:17+00:00,2026-06-29T17:59:50+00:00,2026-07-07T19:33:24+00:00
OTGZ6YPWQNWB5K6X2SYQMVOI,OTGZ6YPWQNWB5K6X2SYQMVOI,OTGZ6YPWQNWB5K6X2SYQMVOI,MLVTVMXRGXXP3,LeMieux Young Rider Boys Knee Patch Breeches,"Complete with four-way stretch and front pleats for comfort, young riders will experience unrestricted movement in the saddle with these relaxed pleated breeches. The tapered fit reduces bulk and discomfort under riding boots, while fully functional pockets on the front and back make them versatile enough for everyday wear. And, of course, they wouldn&#39;t be LeMieux breeches without subtle branding completing the look. Machine wash at 30 degrees Machine wash warm with like colours Wash garment inside out Do not bleach Do not tumble dry Do not iron",physical,visible,115,115,$115.00,3,1,3,false,true,false,false,5NFTBVUD2I2YYLGX24PLRKWX|6G3FPIZS7DALQKLMNU7LLLWV|DDIXKTDBILZCJ6PILBQT46WF,Knee Patch Breeches|LeMieux,https://131790741.cdn6.editmysite.com/uploads/1/3/1/7/131790741/KCKTB2T44WP44WQBRKDKUHD6.jpeg,https://www.mags-tack.com/product/lemieux-young-rider-boys-knee-patch-breeches/OTGZ6YPWQNWB5K6X2SYQMVOI,2025-09-21T18:50:06+00:00,2026-06-29T17:59:50+00:00,2026-07-07T19:33:33+00:00
XY53Y7SVXUMQCVNH7YV7UN2Q,XY53Y7SVXUMQCVNH7YV7UN2Q,XY53Y7SVXUMQCVNH7YV7UN2Q,MLVTVMXRGXXP3,LeMieux Young Rider Boys T-Shirt,"This wonderfully soft Young Rider Boys T-Shirt is made for casual days in and out of the yard. Loose cut in brushed cotton jersey for extra comfort, it&#39;s finished with eye-catching front and back graphics designed to enhance any riding wardrobe. Machine wash with similar colours Non biological detergent only Do not iron over logo areas Iron on reverse Keep away from fire",physical,visible,40,40,$40.00,8,1,8,false,true,false,false,CKVTY2SRKUTGTS4JYLARIMX7|DDIXKTDBILZCJ6PILBQT46WF|ZSHJKFJ6VNVGDTEPTDFRRAFO,Kids T-Shirts|LeMieux|Riding Shirts,https://131790741.cdn6.editmysite.com/uploads/1/3/1/7/131790741/OBOLGEJ3SEK42KTAV5E7H4FD.jpeg,https://www.mags-tack.com/product/lemieux-young-rider-boys-t-shirt/XY53Y7SVXUMQCVNH7YV7UN2Q,2025-09-04T23:08:09+00:00,2026-06-29T17:59:30+00:00,2026-07-07T19:33:42+00:00
6DIF6JDN3P4Y6J7766YSQOV4,6DIF6JDN3P4Y6J7766YSQOV4,3822,MLVTVMXRGXXP3,LeMieux Young Rider Children's Base Layer IT017 IT043 IT039 IT030,"The LeMieux Young Rider Children&#39;s Base Layer in Ice Blue is the perfect choice for active young riders. Designed to keep them warm and cosy, this base layer features sweat-wicking fabric with thermal properties to ensure comfort in any season. With 50+ UV protection, it also provides added sun protection. Available in a vibrant Ice Blue color and suitable for children aged 9-10 years, this base layer is a must-have for young equestrians.",physical,visible,65,65,$65.00,5,0,5,false,true,false,false,4UA2FV6CTIYIIY4GVTIKH7JW|DDIXKTDBILZCJ6PILBQT46WF|ZSHJKFJ6VNVGDTEPTDFRRAFO,Kid's Riding shirts|LeMieux|Riding Shirts,https://131790741.cdn6.editmysite.com/uploads/1/3/1/7/131790741/TSW52BNRUKAZIRWKKSN57BPP.jpeg,https://www.mags-tack.com/product/lemieux-young-rider-children-s-base-layer-it017-it043-it039-it030/3822,2024-02-02T01:58:57+00:00,2026-06-29T17:59:11+00:00,2026-07-07T19:33:16+00:00
TDF2VZS4HNHMDY7ZSXBEO2RE,TDF2VZS4HNHMDY7ZSXBEO2RE,5861,MLVTVMXRGXXP3,LeMieux Young Rider Classique Base Layer,"Do it all in this UV50+ quarter zip base layer. Its technical fabric regulates your body temperature, with vented underarms to keep you cool and dry. Contrast matte logo print is a subtle sign of the quality you expect from LeMieux. Sweat-wicking, with 360° stretch for unrestricted comfort, there&#39;s nothing this base layer can&#39;t do. The silky-smooth fabric, ultra-soft seams and flat lock stitches reduce chafing and keep bulk to a minimum when worn under a fleece, jacket or gilet. Designed to coordinate with the Classique Collection in the most popular LeMieux colours. Machine washable up to 30 degrees Please turn garment inside out before washing Wash with similar colours Only use non biological washing products Do not bleach Do not dry clean Allow to air dry, do not tumble dry or place on direct heat source Iron on low, avoiding logo areas",physical,visible,58,80,$58.00,16,0,16,false,true,false,false,4UA2FV6CTIYIIY4GVTIKH7JW|DDIXKTDBILZCJ6PILBQT46WF|ZSHJKFJ6VNVGDTEPTDFRRAFO,Kid's Riding shirts|LeMieux|Riding Shirts,https://131790741.cdn6.editmysite.com/uploads/1/3/1/7/131790741/YIIE7EMNJJTUPDGSWFAGD5ZZ.jpeg,https://www.mags-tack.com/product/lemieux-young-rider-classique-base-layer/5861,2025-06-25T22:26:59+00:00,2026-06-29T17:59:36+00:00,2026-07-07T19:33:38+00:00
HGXRD4C4VEQ2DWAL32SRB5UK,HGXRD4C4VEQ2DWAL32SRB5UK,HGXRD4C4VEQ2DWAL32SRB5UK,MLVTVMXRGXXP3,LeMieux Young Rider Ella Bregging,"These comfortable breech-look &#39;breggings&#39; make it easy to look good. Get the smart and structured breech look, with belt loops and faux fly zip, with all the comfort of pull-ons. The technical fabric is unlined for breathable comfort. A full silicone printed seat offers stability in the saddle. A scoop pocket on the leg is the ideal easy-access place for your phone, and a side zipped pocket is perfect for valuables. The lower leg is cleverly designed with no inside leg seam for maximum comfort and close contact. Tapered seams deliver a flattering fit, and a thin mesh sock makes for reduced bulk under thick socks and tall boots. Machine wash up to 30 degrees Wash separately Wash garment inside out Use a gentle detergent, no softener Do not bleach Do not dry clean Allow to air dry Do not tumble dry Do not iron",physical,visible,105,105,$105.00,3,0,3,false,true,false,false,CAUEHBSF3L33JHPQC5PHDTJZ|DDIXKTDBILZCJ6PILBQT46WF|XRMC6QV7NQP7PXCCDPADBTGM,Kid's Pull Ons|LeMieux|Breeches,https://131790741.cdn6.editmysite.com/uploads/1/3/1/7/131790741/OS4UEW43KYSIQOUKET5KGLEA.jpeg,https://www.mags-tack.com/product/lemieux-young-rider-ella-bregging/HGXRD4C4VEQ2DWAL32SRB5UK,2025-12-23T20:44:08+00:00,2026-06-29T17:59:23+00:00,2026-07-07T19:33:22+00:00
D6LPSH22VMGE5P6MN7XMPZLL,D6LPSH22VMGE5P6MN7XMPZLL,D6LPSH22VMGE5P6MN7XMPZLL,MLVTVMXRGXXP3,LeMieux Young Rider Izzy Full Seat Breeches,"Technically designed, these sleek breeches combine equestrian-led design with smart looks for an advanced ride, in a stylish cut for young riders. Smart square front pockets with tonal reflective details, a seamless-feel design, and a soft and flexible four-way adaptive stretch keep you moving in comfort. Belt loops, faux back pockets, and a fly front are classic breech styling details. Offered in full seat and knee grip styles, they deliver stability and security in the saddle, according to your preference. Anatomic leg panels reduce bulk under your boots for a close contact feel, while the seamfree inside leg means that nothing will get in the way between you and your best ride yet. Machine wash up to 30 degrees Wash separately Wash garment inside out Use a gentle detergent, no softener Do not bleach Do not dry clean Allow to air dry Do not tumble dry Do not iron",physical,visible,99,99,$99.00,9,0,9,false,true,false,false,DDIXKTDBILZCJ6PILBQT46WF|MBSU45X5PKVDMH2MK2ANUHAR|Y6YBTZXJL6M2LA7EWLA4U4A4,LeMieux|Full Seat Breeches|Kid's Full Seat Breeches,https://131790741.cdn6.editmysite.com/uploads/1/3/1/7/131790741/GJOWNBRBB5HKBXCDW2G7BLOG.png,https://www.mags-tack.com/product/lemieux-young-rider-izzy-full-seat-breeches/D6LPSH22VMGE5P6MN7XMPZLL,2025-09-05T00:33:35+00:00,2026-06-29T17:59:50+00:00,2026-07-07T19:33:20+00:00
FQKB7YYO7OXJNNTKB4DEKHND,FQKB7YYO7OXJNNTKB4DEKHND,FQKB7YYO7OXJNNTKB4DEKHND,MLVTVMXRGXXP3,LeMieux Young Rider Josephine Gilet,"Designed for layering under coats, this gilet style has super soft jersey side panels for a flattering fit, while lightweight woven baffle quilted insulation at the back and front keeps you cosy and warm. As a step toward sustainability, the non-slip fill is made with fully recycled materials. The discreet high-build LeMieux print logo on the chest and a metal badge LeMieux logo on the back of the neck indicate a mark of quality. Machine wash up to 30 degrees, with similar colours Use only Non-Biological detergent Do Not Bleach Do Not Dry clean Allow to air dry only Do Not Tumble dry Do not iron",physical,visible,95,95,$95.00,16,2,16,false,true,false,false,DDIXKTDBILZCJ6PILBQT46WF|M6JEKLGXHVK6HHACPY6NDFTM|YA5WBRFN6XT3SXTL7IW7EVLP,LeMieux|Outerwear|Kid's Outerwear and Vests,https://131790741.cdn6.editmysite.com/uploads/1/3/1/7/131790741/UW3ARPVRBS3BEA6352VPZSAL.jpeg,https://www.mags-tack.com/product/lemieux-young-rider-josephine-gilet/FQKB7YYO7OXJNNTKB4DEKHND,2025-12-23T20:44:10+00:00,2026-06-29T17:59:30+00:00,2026-07-07T19:33:21+00:00
LYJK3ZFDJRPQUZGW23IZSKJB,LYJK3ZFDJRPQUZGW23IZSKJB,LYJK3ZFDJRPQUZGW23IZSKJB,MLVTVMXRGXXP3,LeMieux Young Rider Kennedy Show Jacket,"A signature LeMieux premium show jacket, scaled to fit young riders perfectly. Sparkle-free lapels and back belt offer a refined and classic look.Perforated side vents lined with performance air mesh deliver comfort and breathability, helping you stay cool under pressure.A durable front zip and distinctive LeMieux branded poppers ensure a secure fit, while pocket flaps with concealed zips are the perfect place to stash treasures and treats.Subtle LeMieux branding on the hip and arm is the perfect finishing touch. Hand wash only using non biological detergents if needed Do not bleach Do not dry clean Allow to air dry Do not tumble dry Iron on low avoiding logo areas",physical,visible,285,285,$285.00,6,0,6,false,true,false,false,32BPCDGBD7SSUTJZ7XU5ZFQ5|CVU3XYX4T7QJ435KSIRR66P6|DDIXKTDBILZCJ6PILBQT46WF|JYNV5CDLESKHSBOQSUUPQKTS,Show Jackets|Show Essentials|LeMieux|Kid's Show Jackets,https://131790741.cdn6.editmysite.com/uploads/1/3/1/7/131790741/L7TYL4WN45THXKGIWWNI6P23.jpeg,https://www.mags-tack.com/product/lemieux-young-rider-kennedy-show-jacket/LYJK3ZFDJRPQUZGW23IZSKJB,2025-12-23T20:44:25+00:00,2026-07-03T12:47:44+00:00,2026-07-07T19:33:27+00:00
6OEHROMHCGUMAOCAIU3Y63K4,6OEHROMHCGUMAOCAIU3Y63K4,5678,MLVTVMXRGXXP3,Lemieux Young Rider Libby Fleece,Lemieux Young Rider Libby Fleece,physical,visible,72,72,$72.00,2,0,2,false,true,false,false,M6JEKLGXHVK6HHACPY6NDFTM|YA5WBRFN6XT3SXTL7IW7EVLP,Outerwear|Kid's Outerwear and Vests,https://131790741.cdn6.editmysite.com/uploads/1/3/1/7/131790741/H3O2MX2O2EYWJGPOCFVZY4X2.png,https://www.mags-tack.com/product/lemieux-young-rider-libby-fleece/5678,2025-03-28T19:51:04+00:00,2026-06-29T17:59:36+00:00,2026-07-07T19:33:17+00:00
XSG3H5FMULT4X4HPRBHZPZJL,XSG3H5FMULT4X4HPRBHZPZJL,XSG3H5FMULT4X4HPRBHZPZJL,MLVTVMXRGXXP3,LeMieux Young Rider Mia Mesh Base Layer,"A UV50+ quarter zip base layer for active young riders. Designed to keep them cool and comfortable, this base layer has ventilating mesh panels coupled with sweat-wicking thermal fabric for optimal temperature control.The unique sweat-wicking technical fabric is designed to regulate body temperature and ensure optimum comfort. Silky smooth, the material offers a stylish tailored fit and the mesh inserts increase airflow and ensure breathability.Ultra-soft seams with flat lock stitching reduce chafing and pressure points.The 360° stretch fabric delivers full freedom of movement, making it the perfect riding wear for young riders.Ideal as a base layer or stand-alone sports active wear. Machine washable up to 30 degrees Please turn garment inside out before washing Wash with similar colours Only use non biological washing products Do not bleach Do not dry clean Allow to air dry, do not tumble dry or place on direct heat source Iron on low, avoiding logo areas",physical,visible,80,80,$80.00,8,0,8,false,true,false,false,4UA2FV6CTIYIIY4GVTIKH7JW|DDIXKTDBILZCJ6PILBQT46WF|ZSHJKFJ6VNVGDTEPTDFRRAFO,Kid's Riding shirts|LeMieux|Riding Shirts,https://131790741.cdn6.editmysite.com/uploads/1/3/1/7/131790741/THNM4HLTNJJEOAMLRMYOJQER.png,https://www.mags-tack.com/product/lemieux-young-rider-mia-mesh-base-layer/XSG3H5FMULT4X4HPRBHZPZJL,2025-09-05T00:08:38+00:00,2026-06-29T17:59:17+00:00,2026-07-07T19:33:42+00:00
Y3SAMMODVR7QNCLDOTU76SUW,Y3SAMMODVR7QNCLDOTU76SUW,Y3SAMMODVR7QNCLDOTU76SUW,MLVTVMXRGXXP3,LeMieux Young Rider Orla Pull Ons,"Active riders will stay comfortable in the saddle wearing these best selling Pull Ons. The lightweight, technical fabric harnesses sweat-wicking technology that pulls excess moisture away from the skin, keeping young riders cool and dry while they work up a sweat. Convenient leg pockets are a good place to keep small items safe while you ride. The four-way stretch fabric and seamless design provide movement-friendly freedom, while the elasticated waistband ensures a secure, supportive and forgiving fit. Full seat grip offers security in the saddle, while the tapered lower leg design reduces bulk under boots for enhanced comfort. Machine wash up to 30 degrees. Wash Garment inside out with similar colours. Non Biological detergent only. Do Not Bleach. Do Not Dry Clean. Allow to air dry only, Do Not Tumble Dry. Iron on low avoiding logo areas.",physical,visible,85,85,$85.00,22,0,22,false,true,false,false,CAUEHBSF3L33JHPQC5PHDTJZ|DDIXKTDBILZCJ6PILBQT46WF|XRMC6QV7NQP7PXCCDPADBTGM,Kid's Pull Ons|LeMieux|Breeches,https://131790741.cdn6.editmysite.com/uploads/1/3/1/7/131790741/6AUNVDC6LWJRBDZWH4NDCEWO.jpeg,https://www.mags-tack.com/product/lemieux-young-rider-orla-pull-ons/Y3SAMMODVR7QNCLDOTU76SUW,2025-12-23T20:43:55+00:00,2026-06-29T17:59:05+00:00,2026-07-07T19:33:43+00:00
HWNAAJRP5WX6NBKKQUOCUEXZ,HWNAAJRP5WX6NBKKQUOCUEXZ,HWNAAJRP5WX6NBKKQUOCUEXZ,MLVTVMXRGXXP3,LeMieux Young Rider Pammy Childrens Training Gilet,"This lightweight training gilet is designed to fit over second layers (like a Felicity Fleece) or under coats for extra warmth. The flattering, close fit is ideal for active wear. Filled with sustainable Sorona® synthetic down, it&#39;s light, warm and will stay puffed even when wet.Zip pockets are the ideal place to store small essentials, while a subtle LeMieux logo is a sure sign of style. 30 degree wash Machine wash warm with like colours Wash garment inside out Do not bleach Do not tumble dry Do not iron",physical,visible,99,99,$99.00,15,1,15,false,true,false,false,DDIXKTDBILZCJ6PILBQT46WF|M6JEKLGXHVK6HHACPY6NDFTM|YA5WBRFN6XT3SXTL7IW7EVLP,LeMieux|Outerwear|Kid's Outerwear and Vests,https://131790741.cdn6.editmysite.com/uploads/1/3/1/7/131790741/EEUQLJEMYKGCONK57RW3FL2Y.jpeg,https://www.mags-tack.com/product/lemieux-young-rider-pammy-childrens-training-gilet/HWNAAJRP5WX6NBKKQUOCUEXZ,2025-09-05T01:22:20+00:00,2026-06-29T17:58:59+00:00,2026-07-07T19:33:23+00:00
YIOHADMT55WNUNSYT7OGI5WM,YIOHADMT55WNUNSYT7OGI5WM,YIOHADMT55WNUNSYT7OGI5WM,MLVTVMXRGXXP3,LeMieux Young Rider Pull On Breech,"Active riders will stay comfortable in the saddle wearing these Pull On Breeches. The lightweight, technical fabric harnesses sweat-wicking technology that pulls excess moisture away from skin, keeping young riders cool and dry while they work up a sweat. The four-way stretch fabric and seamless design provide movement-enhancing freedom, while the elasticated waistband ensures a secure, supportive and forgiving fit. There are two elasticated phone pockets on either side to keep valuables secure without getting in the way when riding, at the yard or just for general every day wear. For enhanced security in the saddle, we&#39;ve added a full seat silicone pattern that provides exceptional grip. Finally, a tapered lower leg design and seamless anatomic elastane inserts provide extra comfort, cementing these breeches as a must-have for young riders wanting to push their riding skills to the limits. Machine washable up to 30 degrees Please turn garment inside out before washing Wash with similar colours Only use non biological washing products Do not bleach Do not dry clean Allow to air dry, do not tumble dry or place on direct heat source Iron on low, avoiding logo areas",physical,visible,80,80,$80.00,4,0,4,false,true,false,false,CAUEHBSF3L33JHPQC5PHDTJZ|DDIXKTDBILZCJ6PILBQT46WF|XRMC6QV7NQP7PXCCDPADBTGM,Kid's Pull Ons|LeMieux|Breeches,https://131790741.cdn6.editmysite.com/uploads/1/3/1/7/131790741/Q7GL3SFJEBBS77AAM5F6IJRX.jpeg,https://www.mags-tack.com/product/lemieux-young-rider-pull-on-breech/YIOHADMT55WNUNSYT7OGI5WM,2024-02-27T22:01:17+00:00,2026-06-29T17:58:59+00:00,2026-07-07T19:33:43+00:00
7KVDKOLEUANVSD3YFTSPHQAU,7KVDKOLEUANVSD3YFTSPHQAU,7KVDKOLEUANVSD3YFTSPHQAU,MLVTVMXRGXXP3,Lemieux Young Rider Soft Shell Jacket,"This zip-through jacket allows young riders to experience the comfort and resilience of soft shell fabric. Its technical design, with clean lines and gunmetal finishings, gives young riders a neat and grown-up look, as well as warmth and weather protection. The fitted soft shell outer has a warm bonded fleece lining for a cosy feel. The adjustable hood has metal finishings, giving it a premium-quality look. Zipped pockets keep treats and essentials safe while riding. The two-way front zip is great for comfort in the saddle, and matte silicone high-build LeMieux branding lends a high-end finishing touch. Machine washable up to 30 degrees Non biological detergent only Do not bleach Do not tumble dry Do not iron over logo area Do not dry clean",physical,visible,119,119,$119.00,6,0,6,false,true,false,false,DDIXKTDBILZCJ6PILBQT46WF|M6JEKLGXHVK6HHACPY6NDFTM|YA5WBRFN6XT3SXTL7IW7EVLP,LeMieux|Outerwear|Kid's Outerwear and Vests,https://131790741.cdn6.editmysite.com/uploads/1/3/1/7/131790741/QF7Z2ZAZVOL5WWP3OZL66JJP.jpeg,https://www.mags-tack.com/product/lemieux-young-rider-soft-shell-jacket/7KVDKOLEUANVSD3YFTSPHQAU,2025-11-24T18:14:24+00:00,2026-06-29T17:59:36+00:00,2026-07-07T19:33:18+00:00
UJHKTCDTJHHAXOSYAN7P745W,UJHKTCDTJHHAXOSYAN7P745W,5679,MLVTVMXRGXXP3,LeMieux Young Rider Tia Teddy Fleece Jacket,"The Tia Teddy Fleece for young riders is the ultimate layer of cosy warmth. Crafted from super soft teddy fabric, it feels luxuriously comfortable against skin, whether worn as loungewear or an additional layer for winter riding. It features a ribbed hem to keep in the warmth, an embroidered logo at the sleeve and 3/4 zip neck that&#39;s both stylish and practical. Wash at 30 degrees Do not bleach Do not tumble dry Do not iron Do not dry clean",physical,visible,75,75,$75.00,1,1,1,false,true,false,false,DDIXKTDBILZCJ6PILBQT46WF|M6JEKLGXHVK6HHACPY6NDFTM|YA5WBRFN6XT3SXTL7IW7EVLP,LeMieux|Outerwear|Kid's Outerwear and Vests,https://131790741.cdn6.editmysite.com/uploads/1/3/1/7/131790741/KK76V7NSX5MZX7IHWZETQVSJ.jpeg,https://www.mags-tack.com/product/lemieux-young-rider-tia-teddy-fleece-jacket/5679,2025-03-28T19:58:36+00:00,2026-06-29T17:59:50+00:00,2026-07-07T19:33:38+00:00
MKEVE4DJVEET57OI3TJLXTI4,MKEVE4DJVEET57OI3TJLXTI4,5488,MLVTVMXRGXXP3,LM Britney Seamless LS Top,"Stay cool in this lightweight, UV30+ breathable training top with a cooling treatment in the fabric. A flattering, body contouring shape, antimicrobial sweat-wicking fabric and long sleeves with thumb holes make this the ideal top for active wear. Subtle rubberised LeMieux badge branding on the arm lends a touch of subtle sophistication. Machine wash up to 30 degrees Turn inside out before washing and wash with similar colours Wash with non biological detergent only Do not bleach Do not dry clean Allow to air dry Do not tumble dry Iron on low avoiding logo areas",physical,visible,50,50,$50.00,28,1,28,false,true,false,false,5IRDHLAPFD74WOX6W3BYWMZR|DCWEJP3A2QEQLOGT2AI5HX5F|DDIXKTDBILZCJ6PILBQT46WF|X6JVVXSLC6SH4FAULVWLNIIU,Women's Sunshirts|Riding Shirts|LeMieux|Women's Riding and Functional Shirts,https://131790741.cdn6.editmysite.com/uploads/1/3/1/7/131790741/7BW522NNEG5QGG4HYWZJ77ER.jpeg,https://www.mags-tack.com/product/lm-britney-seamless-ls-top/5488,2025-01-29T22:16:51+00:00,2026-06-29T17:59:17+00:00,2026-07-07T19:33:28+00:00
33RQXWD25IOW44F33BHOKNLE,33RQXWD25IOW44F33BHOKNLE,5489,MLVTVMXRGXXP3,LM Britney Seamless SS Top,"Stay cool in this lightweight, UV30+ breathable mesh base layer with a cooling treatment in the fabric. A flattering, body contouring shape, antimicrobial sweat-wicking fabric and short sleeves make this the ideal top for active wear. Subtle rubberised LeMieux badge branding on the arm lends a touch of subtle sophistication. Machine wash up to 30 degrees Turn inside out before washing and wash with similar colours Wash with non biological detergent only Do not bleach Do not dry clean Allow to air dry Do not tumble dry Iron on low avoiding logo areas",physical,visible,65,65,$65.00,7,0,7,false,true,false,false,5IRDHLAPFD74WOX6W3BYWMZR|DCWEJP3A2QEQLOGT2AI5HX5F|DDIXKTDBILZCJ6PILBQT46WF|X6JVVXSLC6SH4FAULVWLNIIU,Women's Sunshirts|Riding Shirts|LeMieux|Women's Riding and Functional Shirts,https://131790741.cdn6.editmysite.com/uploads/1/3/1/7/131790741/VWG4NRDY72SLDRP453U32EQR.jpeg,https://www.mags-tack.com/product/lm-britney-seamless-ss-top/5489,2025-01-29T22:23:10+00:00,2026-06-29T17:58:59+00:00,2026-07-07T19:33:13+00:00
EX2ARAOTVZ45ADN7SLANT5VF,EX2ARAOTVZ45ADN7SLANT5VF,5343,MLVTVMXRGXXP3,LM Faye Fleece Zip Through,"Effortlessly stylish, the best selling Faye Zip Through Fleece provides cosy warmth on cool days. Made from ultra-soft short-pile microfleece, you&#39;ll experience instant comfort the moment you pull it on and zip it up. The full-zip design and flattering seam lines are designed to make the Faye a layering hero. It&#39;s super comfortable when worn over a base layer or under a hoodie or jacket. The zip has a cute removable puller that doubles as a hair tie for added convenience. Pick your favourite colour and coordinate your cold weather wardrobe. Wash at 30 degrees Do not use bleach Do not tumble dry Cool iron Do not dry clean Non-biological detergent only Do not iron over logo areas",physical,visible,68,68,$68.00,22,0,22,false,true,false,false,2AW3CPER3S54YIHZPBS4AHAP|DDIXKTDBILZCJ6PILBQT46WF|LWDQCZ6IZ4V4AVSK7XRW5MPV,Outerwear|LeMieux|Women's Outerwear,https://131790741.cdn6.editmysite.com/uploads/1/3/1/7/131790741/I2DJKQ4HYLNYZK5C36K4PLP2.png,https://www.mags-tack.com/product/lm-faye-fleece-zip-through/5343,2024-11-21T23:32:53+00:00,2026-06-29T17:59:11+00:00,2026-07-07T19:33:21+00:00
B7LAI6N5CQDGBP6U77F675J6,B7LAI6N5CQDGBP6U77F675J6,5490,MLVTVMXRGXXP3,LM Halle Lightweight Base Layer,"The ideal base layer for hot sunny days and riding in hot climates.A featherlight UV30+ cooling under layer with antimicrobial properties, meet your new best friend for keeping cool when the heat is on. Mesh under sleeves offer extra ventilation.Crafted from ultra-lightweight and soft fabric with 360° stretch, there&#39;s discreet LeMieux logo branding to lend a subtle touch of sophistication. Machine wash up to 30 degrees with similar colours using Non-Biological detergent only. Do Not Bleach. Do Not Dry Clean. Do Not Tumble Dry, Iron on Low avoiding Logo Areas.",physical,visible,85,85,$85.00,29,0,29,false,true,false,false,DCWEJP3A2QEQLOGT2AI5HX5F|DDIXKTDBILZCJ6PILBQT46WF|X6JVVXSLC6SH4FAULVWLNIIU,Riding Shirts|LeMieux|Women's Riding and Functional Shirts,https://131790741.cdn6.editmysite.com/uploads/1/3/1/7/131790741/HW3X3MIRB2RS4K75VL6CEDNK.png,https://www.mags-tack.com/product/lm-halle-lightweight-base-layer/5490,2025-01-29T22:31:10+00:00,2026-06-29T17:58:52+00:00,2026-07-07T19:33:20+00:00
ZJFU7AKLKKJVR3P3YKHEXVXZ,ZJFU7AKLKKJVR3P3YKHEXVXZ,ZJFU7AKLKKJVR3P3YKHEXVXZ,MLVTVMXRGXXP3,LM Juliette Jacket,"Designed for layering under coats or ideal as an outer layer for warm climates, this handy jacket has super soft jersey sleeves and side panels for a flattering fit.There&#39;s lightweight woven baffle quilting with recycled fill to insulate the body. A discreet high-build LeMieux print logo on the chest and a metal badge on the back of the neck confirm the quality you expect. Machine wash up to 30 degrees, with similar colours Use only Non-Biological detergent Do Not Bleach Do Not Dry clean Allow to air dry only Do Not Tumble dry Iron on low heat avoiding logo areas",physical,visible,115,115,$115.00,22,0,22,false,true,false,false,2AW3CPER3S54YIHZPBS4AHAP|DDIXKTDBILZCJ6PILBQT46WF|LWDQCZ6IZ4V4AVSK7XRW5MPV,Outerwear|LeMieux|Women's Outerwear,https://131790741.cdn6.editmysite.com/uploads/1/3/1/7/131790741/PJLXVVKYX4EG5MYSKNX6GJF7.jpeg,https://www.mags-tack.com/product/lm-juliette-jacket/ZJFU7AKLKKJVR3P3YKHEXVXZ,2024-09-29T10:56:49+00:00,2026-06-29T17:58:59+00:00,2026-07-07T19:33:44+00:00
4ERJHCFO5ZX274BHDUZH5HGK,4ERJHCFO5ZX274BHDUZH5HGK,5205,MLVTVMXRGXXP3,LM Ladies Base Layer,"Whether you&#39;re running, riding or walking the dog, this UV50+ quarter zip base layer will help regulate your body temperature, with vented underarms to keep you cool and dry. Sweat-wicking, anti-microbial and with 360° stretch for unrestricted comfort, there&#39;s nothing this base layer can&#39;t do. The silky-smooth fabric, ultra-soft seams and flat lock stitches reduce chafing and keep bulk to a minimum when worn under a fleece, jacket or gilet. Designed to coordinate with the collection of hat silks, saddle pads, fly hoods and other accessories in the most popular LeMieux colours. Machine Washable up to 30 degrees. Please turn garment inside out before washing. Wash with similar colours. Only use non biological washing products. Do not Bleach. Do not Dry clean. Allow to air dry. Do not Tumble dry or place on a direct heat source. Iron on low, avoiding logo areas.",physical,visible,75,75,$75.00,27,0,27,false,true,false,false,DCWEJP3A2QEQLOGT2AI5HX5F|DDIXKTDBILZCJ6PILBQT46WF|X6JVVXSLC6SH4FAULVWLNIIU,Riding Shirts|LeMieux|Women's Riding and Functional Shirts,https://131790741.cdn6.editmysite.com/uploads/1/3/1/7/131790741/AWDFUYDE3UGZTAOUVH42DVP2.png,https://www.mags-tack.com/product/lm-ladies-base-layer/5205,2024-09-24T23:06:45+00:00,2026-06-29T17:58:52+00:00,2026-07-07T19:33:12+00:00
R355R6SWISAKAL3AAH52BPYQ,R355R6SWISAKAL3AAH52BPYQ,5441,MLVTVMXRGXXP3,Lm Loire classic Dressage Square,"Described as the most stylish saddle pad LeMieux has ever produced, the Loire Collection exudes sophistication and style, while delivering technical advancement. Woven Loire satin upper benefits from a wonderfully soft and breathable natural bamboo blend lining. The bamboo material controls heat and wicks efficiently to keep your horse cool under the saddle. The high wither shape reduces pressure and enhances the fit of your saddle. Elasticated saddle straps are slimmer at the point of connecting to the D-ring, leaving room for extra accessories. The whole pad benefits from an extensively-researched, soft, friction-free binding which is specially fabricated to smoothly contour the edges. This new technique helps retain the perfect saddle pad shape and binding profile. The textured faux leather girth protection area is complemented by an embossed logo and carries the usual signature LeMieux lower girth strap with its inner girth loops. A unique LeMieux logo metal badge on a leather mount in the lower back corner provides a luxurious finishing touch. Size &#39;L&#39; has a longer spine length. Machine washable on normal 30 degree cycle Advised to wash in a wash bag Pull into correct shape whilst damp to maintain shape during drying Please ensure the washing machine drum is large enough to safely accommodate the pad size Please ensure all Hook &amp; Loop is closed firmly prior to washing Air dry away from heat source (do not tumble)",physical,visible,105,105,$105.00,7,0,7,false,true,false,false,DDIXKTDBILZCJ6PILBQT46WF|EPZPDBQRGQA4CBYNWANJCCNH|MOSA7PXNK5UFUF4HT5OP32FC,LeMieux|Dressage|Saddle Pads,https://131790741.cdn6.editmysite.com/uploads/1/3/1/7/131790741/R2PTKWOTWUY53MU5H6VGC2HF.png,https://www.mags-tack.com/product/lm-loire-classic-dressage-square/5441,2024-12-15T11:48:50+00:00,2026-06-29T17:59:43+00:00,2026-07-07T19:33:35+00:00
R7E7ORV3UZKWPQVKNS6JEIB6,R7E7ORV3UZKWPQVKNS6JEIB6,R7E7ORV3UZKWPQVKNS6JEIB6,MLVTVMXRGXXP3,LM Loire Classic GP Square,"Described as the most stylish saddle pad LeMieux has ever produced, the Loire Collection exudes sophistication and style, while delivering technical advancement. Woven Loire satin upper benefits from a wonderfully soft and breathable natural bamboo blend lining. The bamboo material controls heat and wicks efficiently to keep your horse cool under the saddle. The high wither shape reduces pressure and enhances the fit of your saddle. Elasticated saddle straps are slimmer at the point of connecting to the D-ring, leaving room for extra accessories. The whole pad benefits from an extensively-researched, soft, friction-free binding which is specially fabricated to smoothly contour the edges. This new technique helps retain the perfect saddle pad shape and binding profile. The textured faux leather girth protection area is complemented by an embossed logo and carries the usual signature LeMieux lower girth strap with its inner girth loops. A unique LeMieux logo metal badge on a leather mount in the lower back corner provides a luxurious finishing touch. Machine washable on normal 30 degree cycle Advised to wash in a wash bag Pull into correct shape whilst damp to maintain shape during drying Please ensure the washing machine drum is large enough to safely accommodate the pad size Please ensure all Hook &amp; Loop is closed firmly prior to washing Air dry away from heat source (do not tumble)",physical,visible,105,105,$105.00,24,0,24,false,true,false,false,DDIXKTDBILZCJ6PILBQT46WF|MOSA7PXNK5UFUF4HT5OP32FC|SVFYUCV2QBT6R7TUN6S26J7H,LeMieux|Saddle Pads|General Purpose,https://131790741.cdn6.editmysite.com/uploads/1/3/1/7/131790741/X4F2LZCIULWFJPFHIM725LP6.jpeg,https://www.mags-tack.com/product/lm-loire-classic-gp-square/R7E7ORV3UZKWPQVKNS6JEIB6,2024-10-07T20:05:23+00:00,2026-06-29T17:59:23+00:00,2026-07-07T19:33:36+00:00
WWEZAIZU5VDVYCTDKI2GNDD4,WWEZAIZU5VDVYCTDKI2GNDD4,5302,MLVTVMXRGXXP3,LM Mini Base Layer,"With 360° stretch for unrestricted comfort, this base layer is a mini must-have. Whether your mini rider&#39;s running around, getting in the saddle or simply out for a walk, the moisture-wicking fabric will help regulate their body temperature to keep them cool and dry.The silky-smooth fabric features UV50+ protection, ideal on sunny days. Ultra-soft seams and flat lock stitches increase the comfort factor and keep bulk to a minimum for layering under fleeces, jackets or gilets.With subtle design changes between the different colours in the range, it&#39;s an ideal way to add mini power to your little rider&#39;s horse riding wardrobe!Choose from a variety of eye-catching colours and coordinate the look with our matching Mini Hat Silks and other accessories. Wash at 30 degrees Non biological detergent only Do not bleach Do not tumble dry Do not iron over logo areas Do not dry clean",physical,visible,60,60,$60.00,5,1,5,false,true,false,false,4UA2FV6CTIYIIY4GVTIKH7JW|DDIXKTDBILZCJ6PILBQT46WF|ZSHJKFJ6VNVGDTEPTDFRRAFO,Kid's Riding shirts|LeMieux|Riding Shirts,https://131790741.cdn6.editmysite.com/uploads/1/3/1/7/131790741/YQGJPTWSRWZRLGQOBHAEKUFE.jpeg,https://www.mags-tack.com/product/lm-mini-base-layer/5302,2024-10-31T23:04:10+00:00,2026-06-29T17:59:30+00:00,2026-07-07T19:33:42+00:00
52Y6VAXLAZSESXKVZBZYLBRD,52Y6VAXLAZSESXKVZBZYLBRD,5335,MLVTVMXRGXXP3,LM Mini Pony Sweatshirt,,physical,visible,65,65,$65.00,1,0,1,false,true,false,false,DDIXKTDBILZCJ6PILBQT46WF|M6JEKLGXHVK6HHACPY6NDFTM|YA5WBRFN6XT3SXTL7IW7EVLP,LeMieux|Outerwear|Kid's Outerwear and Vests,https://131790741.cdn6.editmysite.com/uploads/1/3/1/7/131790741/O3IJPFCHU3YPDCSZZQYGP536.jpeg,https://www.mags-tack.com/product/lm-mini-pony-sweatshirt/5335,2024-11-18T21:53:57+00:00,2026-06-29T17:59:11+00:00,2026-07-07T19:33:16+00:00
H7WIVYAR54XL6FD32JAVLNFU,H7WIVYAR54XL6FD32JAVLNFU,H7WIVYAR54XL6FD32JAVLNFU,MLVTVMXRGXXP3,LM Mini Pull Ons,"Active riders will stay comfortable in the saddle wearing these Mini Pull On Breeches. The lightweight, technical fabric harnesses sweat-wicking technology that pulls excess moisture away from skin, keeping mini riders cool and dry while they work up a sweat. The four-way stretch fabric and seamless design provide movement-enhancing freedom, while the elasticated waistband ensures a secure, supportive and forgiving fit. There are two elasticated pockets on either side to keep treasures secure without getting in the way when riding, in the yard or just for general everyday wear. For enhanced security in the saddle, we&#39;ve added a full seat silicone pattern that provides exceptional grip. Finally, a tapered lower leg design provides extra comfort, cementing these breeches as a must-have for mini riders wanting to improve their horse riding skills. Machine washable at 30 degrees Wash separately, wash inside out Use gentle detergent only, no softener Do not bleach Do not tumble dry Do not iron Do not dry clean",physical,visible,55,55,$55.00,7,0,7,false,true,false,false,DDIXKTDBILZCJ6PILBQT46WF|QBPSMHCXSIWSW547TA52UHEN|YKO3KSRB6GOPCG6QKYGJG7SB,LeMieux|Tights|Kid's Riding Tights,https://131790741.cdn6.editmysite.com/uploads/1/3/1/7/131790741/RHB7YYRC35BKIMT2ZTPZMLUN.png,https://www.mags-tack.com/product/lm-mini-pull-ons/H7WIVYAR54XL6FD32JAVLNFU,2024-09-26T01:07:18+00:00,2026-06-29T17:59:43+00:00,2026-07-07T19:33:22+00:00
VKL7H2DGJNAYCTVGWM7XRHIX,VKL7H2DGJNAYCTVGWM7XRHIX,4825,MLVTVMXRGXXP3,LM Olivia Short Sleeve Show Shirt,"The Olivia Show Shirt provides the perfect blend of elegance and performance with super soft stretch fabric. An invisible front zip closure keeps the shirt sleek and the intricate diamante detailing adds just the right amount of sparkle. Delicate, laser-cut lace sleeve and back detail provides subtle beauty while also allowing air flow through the shirt to regulate heat and moisture. Finished with a white show collar with LeMieux stud detail. Machine washable at 30 degrees Please turn garment inside out before washing Use non-biological washing products Wash with similar colours Allow to air dry naturally, do not tumble dry or place on heat source Do not bleach Do not dry clean Iron on low, avoiding logo areas",physical,visible,90,90,$90.00,2,0,2,false,true,false,false,BVIJQSCQR4F4LRMP3GBM22YS|CVU3XYX4T7QJ435KSIRR66P6|DDIXKTDBILZCJ6PILBQT46WF|NORUZ43TJQRMPK3OWDTUSFF7,Women's Show Shirts|Show Essentials|LeMieux|Show Shirts,https://131790741.cdn6.editmysite.com/uploads/1/3/1/7/131790741/HKMTRKJPMDI7CNBBNLK4PGOG.png,https://www.mags-tack.com/product/lm-olivia-short-sleeve-show-shirt/4825,2024-04-18T17:59:01+00:00,2026-06-29T17:59:23+00:00,2026-07-07T19:33:40+00:00
4YT6A2EH5NH6BSED33MGRCYI,4YT6A2EH5NH6BSED33MGRCYI,3314,MLVTVMXRGXXP3,LM Skyla Jacket IT03122 IT03123 Le Meiux,,physical,visible,90,90,$90.00,1,0,1,false,true,false,false,2AW3CPER3S54YIHZPBS4AHAP|DDIXKTDBILZCJ6PILBQT46WF|LWDQCZ6IZ4V4AVSK7XRW5MPV,Outerwear|LeMieux|Women's Outerwear,https://131790741.cdn6.editmysite.com/uploads/1/3/1/7/131790741/VOMQDJQPW5H2MGFWSFTCRHRZ.jpeg,https://www.mags-tack.com/product/lm-skyla-jacket-it03122-it03123-le-meiux/3314,2023-11-04T01:17:47+00:00,2026-06-29T17:59:43+00:00,2026-07-07T19:33:14+00:00
RZKTBT375F4KTOVEOEXVOLYH,RZKTBT375F4KTOVEOEXVOLYH,5425,MLVTVMXRGXXP3,LM Suede CC GP Square,"Our classic Close Contact Square is designed to fit forward-cut jumping saddles.An iconic jumping pad with its high wither cut and swept back profile, our suede saddle pads offer practicality and comfort under the saddle.The luxurious yet easy-care suede-effect upper is perfect for everyday occasions. It is finished with smart LeMieux-branded spine tape, while contoured friction-free binding prevents misshaping. Our signature breathable natural bamboo blend lining absorbs and controls sweat under the saddle and is naturally antistatic, antimicrobial, and quick-drying. It&#39;s also beautifully comfortable and secure, minimising friction even on sensitive-skinned horses.A durable girth protection area ensures lasting quality. Girth keepers incorporate inner looped channels to offer more girthing options for optimum fit. Elasticated shaped D-ring tabs allow easy, non-slip attachment to the saddle while still leaving room for extra training aids to be clipped on.Match your Suede Close Contact Square with a Classic Fly Hood to complete the look. Machine washable on normal 30 degree cycle Advised to wash in a wash bag Pull into correct shape whilst damp to maintain shape during drying Please ensure the washing machine drum is large enough to safely accommodate the pad size Please ensure all Hook &amp; Loop is closed firmly prior to washing Air dry away from heat source (do not tumble)",physical,visible,105,105,$105.00,2,2,2,false,true,false,false,DDIXKTDBILZCJ6PILBQT46WF|MOSA7PXNK5UFUF4HT5OP32FC|SVFYUCV2QBT6R7TUN6S26J7H,LeMieux|Saddle Pads|General Purpose,https://131790741.cdn6.editmysite.com/uploads/1/3/1/7/131790741/7TKXZIU3OL5S36BYABYCSBRD.png,https://www.mags-tack.com/product/lm-suede-cc-gp-square/5425,2024-12-12T00:39:18+00:00,2026-06-29T17:59:17+00:00,2026-07-07T19:33:37+00:00
C2NJ5HNGZW2M5HSXMHZK66U6,C2NJ5HNGZW2M5HSXMHZK66U6,5006,MLVTVMXRGXXP3,LM Suede CC Square LeMieux Close Contact Square IT0267,"Our classic Close Contact Square is designed to fit forward-cut jumping saddles.An iconic jumping pad with its high wither cut and swept back profile, our suede saddle pads offer practicality and comfort under the saddle.The luxurious yet easy-care suede-effect upper is perfect for everyday occasions. It is finished with smart LeMieux-branded spine tape, while contoured friction-free binding prevents misshaping. Our signature breathable natural bamboo blend lining absorbs and controls sweat under the saddle and is naturally antistatic, antimicrobial, and quick-drying. It&#39;s also beautifully comfortable and secure, minimising friction even on sensitive-skinned horses.A durable girth protection area ensures lasting quality. Girth keepers incorporate inner looped channels to offer more girthing options for optimum fit. Elasticated shaped D-ring tabs allow easy, non-slip attachment to the saddle while still leaving room for extra training aids to be clipped on.Match your Suede Close Contact Square with a Classic Fly Hood to complete the look. Machine washable on normal 30 degree cycle Advised to wash in a wash bag Pull into correct shape whilst damp to maintain shape during drying Please ensure the washing machine drum is large enough to safely accommodate the pad size Please ensure all Hook &amp; Loop is closed firmly prior to washing Air dry away from heat source (do not tumble)",physical,visible,105,105,$105.00,2,0,2,false,true,false,false,DDIXKTDBILZCJ6PILBQT46WF|MOSA7PXNK5UFUF4HT5OP32FC|NY37ZZ7FJKR4SFMLEFVCQCHK,LeMieux|Saddle Pads|Close Contact,https://131790741.cdn6.editmysite.com/uploads/1/3/1/7/131790741/F3UKM4ZZCFVM474PEUD4YTQA.jpeg,https://www.mags-tack.com/product/lm-suede-cc-square-lemieux-close-contact-square-it0267/5006,2024-06-26T20:43:59+00:00,2026-06-29T17:59:50+00:00,2026-07-07T19:33:20+00:00
F4CWQSIYQKL2C7NGOWFT6SND,F4CWQSIYQKL2C7NGOWFT6SND,5424,MLVTVMXRGXXP3,LM Suede Dressage Square,"Our classic Dressage Square is designed to fit dressage saddles. An iconic dressage pad with its high wither cut, elasticated D-ring tabs and swept back profile, our suede saddle pads offer practicality and comfort under the saddle. The luxurious yet easy-care suede-effect upper is perfect for everyday occasions, while contoured suede-effect binding prevents mis-shaping. The natural bamboo blend lining absorbs and controls sweat under the saddle. It&#39;s also beautifully comfortable and secure, minimising friction even on sensitive-skinned horses. A durable girth protection area ensures lasting quality. Girth keepers incorporate inner looped channels to offer more girthing options. Match your Suede Dressage Square with a Classic Fly Hood in the same colour to complete the look. Machine washable on normal 30 degree cycle Advised to wash in a wash bag Pull into correct shape whilst damp to maintain shape during drying Please ensure the washing machine drum is large enough to safely accommodate the pad size Please ensure all Hook &amp; Loop is closed firmly prior to washing Air dry away from heat source (do not tumble)",physical,visible,105,105,$105.00,12,0,12,false,true,false,false,DDIXKTDBILZCJ6PILBQT46WF|EPZPDBQRGQA4CBYNWANJCCNH|MOSA7PXNK5UFUF4HT5OP32FC,LeMieux|Dressage|Saddle Pads,https://131790741.cdn6.editmysite.com/uploads/1/3/1/7/131790741/TZGXDS3MEGOTIDPGMBHJTRQW.jpeg,https://www.mags-tack.com/product/lm-suede-dressage-square/5424,2024-12-12T00:36:01+00:00,2026-06-29T17:59:05+00:00,2026-07-07T19:33:21+00:00
UOZSDDHBOTDJROTMPVGMDDDR,UOZSDDHBOTDJROTMPVGMDDDR,5232,MLVTVMXRGXXP3,LM Tiny Pony,"All our super cute and lovable pony characters, in a small, pocket-friendly size!Each cute soft plush pony stands on all four legs and comes with a Tiny Pony-size LeMieux branded fleece rug to show off.Perfect to pop in your pocket to go to the yard, along to shows, or even on holiday, these little beauties are just made for having fun.Size L22cm x H19cm x D10.5cm - Toy Pony accessories do not fit. Surface Clean Only",physical,visible,35,35,$35.00,98,2,98,false,true,false,false,DDIXKTDBILZCJ6PILBQT46WF|NLJW6CS6J5FCDEMWNHJA3KIZ|W2DJCOYO2RVUV2QNTSWS3BZ6,LeMieux|Tiny Pony|Toy Ponies & Figures,https://131790741.cdn6.editmysite.com/uploads/1/3/1/7/131790741/7R5M4L6V2FDQPHIEVS3AR4QX.png,https://www.mags-tack.com/product/lm-tiny-pony/5232,2024-10-04T22:11:10+00:00,2026-06-29T17:59:36+00:00,2026-07-07T19:33:39+00:00
BNML3NEIVQNN7M4XV4PBZFUF,BNML3NEIVQNN7M4XV4PBZFUF,BNML3NEIVQNN7M4XV4PBZFUF,MLVTVMXRGXXP3,LM Toy Pony Quarter Sheet,"Exercise your Toy Pony like a pro rider with this Toy Pony Quarter Sheet, which fits behind the Toy Pony Saddle to keep them warm on chilly rides or while warming up in the collecting ring before shows. Hook and loop tape fastens through the stirrup leather keepers on the saddle, just like the real thing. A soft cord fillet string and embroidered logo make this rug look authentic, for realistic play scenarios. Suitable for ages 3+ Machine wash up to 30 degrees. Do Not Bleach. Do Not Dry clean. Allow to air dry only, Do Not Tumble dry. Do not Iron.",physical,visible,25,25,$25.00,1,1,1,false,true,false,false,DDIXKTDBILZCJ6PILBQT46WF|VIXAM4U5URXTY2WSHLMIB4TE|W2DJCOYO2RVUV2QNTSWS3BZ6,LeMieux|Toy Pony|Toy Ponies & Figures,https://131790741.cdn6.editmysite.com/uploads/1/3/1/7/131790741/ZTCFENRZYCWFL4LHWLJMSFRW.png,https://www.mags-tack.com/product/lm-toy-pony-quarter-sheet/BNML3NEIVQNN7M4XV4PBZFUF,2024-10-07T21:05:19+00:00,2026-06-29T17:59:50+00:00,2026-07-07T19:33:20+00:00
ZZT4OXGLIAS72LFQABPK7S64,ZZT4OXGLIAS72LFQABPK7S64,5440,MLVTVMXRGXXP3,LM toy Pony Stable Tek Rug,"With fully functional buckles and a detachable neck, this shower-resistant miniature turnout blanket is the perfect addition to get your LeMieux mini pony ready for winter weather.Featuring reflective panels to match our main range, this LeMieux turnout blanket is the ultimate matchy-matchy accessory.",physical,visible,52,52,$52.00,1,1,1,false,true,false,false,DDIXKTDBILZCJ6PILBQT46WF|VIXAM4U5URXTY2WSHLMIB4TE|W2DJCOYO2RVUV2QNTSWS3BZ6,LeMieux|Toy Pony|Toy Ponies & Figures,https://131790741.cdn6.editmysite.com/uploads/1/3/1/7/131790741/FIVKC7BG2BJOULFIZAPSLWUP.jpeg,https://www.mags-tack.com/product/lm-toy-pony-stable-tek-rug/5440,2024-12-14T18:02:09+00:00,2026-06-29T17:59:56+00:00,2026-07-07T19:33:44+00:00
DVW63FX3L7OBLF2IHOX2PRBT,DVW63FX3L7OBLF2IHOX2PRBT,5341,MLVTVMXRGXXP3,LM Toy Pony Stretch Hood-Black,"Keep your Toy Pony neat and clean before a show with this professional-looking stretch hood. Made of stretch fabric with ear and eye holes, it looks just like the real thing, perfect for travel or nights in the stable. Hook and loop fastening under the girth area keep it secure under additional rugs or a headcollar. Suitable for ages 3+",physical,visible,35,35,$35.00,1,1,1,false,true,false,false,VIXAM4U5URXTY2WSHLMIB4TE|W2DJCOYO2RVUV2QNTSWS3BZ6,Toy Pony|Toy Ponies & Figures,https://131790741.cdn6.editmysite.com/uploads/1/3/1/7/131790741/C54RWHCYYG7ML7W4POA7XLB6.jpeg,https://www.mags-tack.com/product/lm-toy-pony-stretch-hood-black/5341,2024-11-21T23:21:09+00:00,2026-06-29T17:59:56+00:00,2026-07-07T19:33:21+00:00
GVVISY2NZ2LUGUHZW5XLRPSV,GVVISY2NZ2LUGUHZW5XLRPSV,GVVISY2NZ2LUGUHZW5XLRPSV,MLVTVMXRGXXP3,LM Toy Puppy,"Introducing our NEW LeMieux Toy Puppies! This cute cream freestanding cockapoo with realistic fur is an easy, fun and hassle-free way to introduce a pet into the home. This cockapoo comes with its own reversible cardboard kennel that turns inside out to become a dog park! Additional matching accessories are available, including a harness, collar and lead. Each puppy is individually hand-made, varying slightly in size and shape, making your furry friend a truly unique addition to the family. Surface wash only",physical,visible,60,60,$60.00,12,0,12,false,true,false,false,ATL5ROFM5SJO3VWILO3XSNQE|COJSXXILFGMJONWFXPSAI574|DDIXKTDBILZCJ6PILBQT46WF,Stuffed Animals|Toy Puppy|LeMieux,https://131790741.cdn6.editmysite.com/uploads/1/3/1/7/131790741/PVQRTTSQPFBGO5YKQOMCFBQ5.png,https://www.mags-tack.com/product/lm-toy-puppy/GVVISY2NZ2LUGUHZW5XLRPSV,2024-10-07T20:38:47+00:00,2026-06-29T17:59:05+00:00,2026-07-07T19:33:22+00:00
HJM2TXEMTLGEQG5UDMOCNNQ7,HJM2TXEMTLGEQG5UDMOCNNQ7,5421,MLVTVMXRGXXP3,LM Young Rider Lottie Soft Shell Jacket,"This zip-through jacket allows young riders to experience the comfort and resilience of soft shell fabric. Its technical design, with clean lines and gunmetal finishings, gives young riders a neat and grown-up look, as well as warmth and weather protection. The fitted soft shell outer has a warm bonded fleece lining for a cosy feel. The adjustable hood has metal finishings, giving it a premium-quality look. Zipped pockets keep treats and essentials safe while riding. The two-way front zip is great for comfort in the saddle, and matte silicone high-build LeMieux branding lends a high-end finishing touch. Machine wash up to 30 degrees. Non biological detergent only. Do Not Bleach. Do not Tumble dry, air dry only. Do Not Dry clean. Cool Iron only, Do Not Iron over Logo Areas.",physical,visible,100,100,$100.00,1,0,1,false,true,false,false,DDIXKTDBILZCJ6PILBQT46WF|M6JEKLGXHVK6HHACPY6NDFTM|YA5WBRFN6XT3SXTL7IW7EVLP,LeMieux|Outerwear|Kid's Outerwear and Vests,https://131790741.cdn6.editmysite.com/uploads/1/3/1/7/131790741/7JYVU3GZKSET37GQZ423JP7U.jpeg,https://www.mags-tack.com/product/lm-young-rider-lottie-soft-shell-jacket/5421,2024-12-07T16:43:14+00:00,2026-06-29T17:59:50+00:00,2026-07-07T19:33:22+00:00
JE7GSPHGKXAS3PXOJI6ZKCOL,JE7GSPHGKXAS3PXOJI6ZKCOL,JE7GSPHGKXAS3PXOJI6ZKCOL,MLVTVMXRGXXP3,LM Young Rider Clea Crew,"Style it up in this crew-necked sweatshirt in super soft carbon sueded fabric. The brushed back is super cosy and warm. The slightly shorter length and sporty, flattering style lines give this sweatshirt a trendy design. It features a LeMieux saddle pad badge embroidered on the centre front - perfect for creating a subtle matchy look. Machine wash up to 30 degrees with similar colours. Do Not Bleach. Do not Tumble dry, air dry only. Do Not Dry clean. Cool Iron only, Do Not Iron over Logo Areas.",physical,visible,55,55,$55.00,12,0,12,false,true,false,false,DDIXKTDBILZCJ6PILBQT46WF|M6JEKLGXHVK6HHACPY6NDFTM|YA5WBRFN6XT3SXTL7IW7EVLP,LeMieux|Outerwear|Kid's Outerwear and Vests,https://131790741.cdn6.editmysite.com/uploads/1/3/1/7/131790741/5PMJ2HQL5FJ6TAP4MV5LUOI7.jpeg,https://www.mags-tack.com/product/lm-young-rider-clea-crew/JE7GSPHGKXAS3PXOJI6ZKCOL,2024-09-26T01:11:59+00:00,2026-06-29T17:59:36+00:00,2026-07-07T19:33:24+00:00
6EC3UG7Z5OG2XOEI3ZE7LHRM,6EC3UG7Z5OG2XOEI3ZE7LHRM,6EC3UG7Z5OG2XOEI3ZE7LHRM,MLVTVMXRGXXP3,LM Young Rider Josephine Jacket,"Designed for layering under coats, this style has super soft jersey sleeves and side panels for a flattering fit, while lightweight woven baffle quilted insulation at the back and front keeps you cosy and warm. As a step toward sustainability, the non-slip fill is made with fully recycled materials.The discreet high-build LeMieux print logo on the chest and a metal badge LeMieux logo on the back of the neck indicate a mark of quality. Machine wash up to 30 degrees, with similar colours Use only Non-Biological detergent Do Not Bleach Do Not Dry clean Allow to air dry only Do Not Tumble dry Iron on low heat avoiding logo areas",physical,visible,90,90,$90.00,8,0,8,false,true,false,false,DDIXKTDBILZCJ6PILBQT46WF|M6JEKLGXHVK6HHACPY6NDFTM|YA5WBRFN6XT3SXTL7IW7EVLP,LeMieux|Outerwear|Kid's Outerwear and Vests,https://131790741.cdn6.editmysite.com/uploads/1/3/1/7/131790741/PO6IPVD23TVP64XAJGTEFYV5.jpeg,https://www.mags-tack.com/product/lm-young-rider-josephine-jacket/6EC3UG7Z5OG2XOEI3ZE7LHRM,2024-09-29T10:52:21+00:00,2026-06-29T17:59:05+00:00,2026-07-07T19:33:19+00:00
OHVKFLOO7KBZLE6C6MYLHH32,OHVKFLOO7KBZLE6C6MYLHH32,OHVKFLOO7KBZLE6C6MYLHH32,MLVTVMXRGXXP3,Mens Classique Polo Shirt,"Our supreme quality Classique Polo Shirt for men is crafted in a soft and comfortable cotton pique. It&#39;s an easy, wearable classic wardrobe staple, crafted in the best materials.Smart details include anevent ventem hem, iconic embroidered LeMieux chest logo, rib collar and sleeve cuff detailing. Non biological detergent only Do not tumble dry Do not iron over logo areas Wash with Similar colors Keep away from fire",physical,visible,72,72,$72.00,4,0,4,false,true,false,false,45AUNSVMFW2NDUGIFZMXNNSJ|DDIXKTDBILZCJ6PILBQT46WF|NFE6DGDPJOLTTKCG2Q2VFKL3,Men's Polo Shirts|LeMieux|Riding Shirts,https://131790741.cdn6.editmysite.com/uploads/1/3/1/7/131790741/ZXR7F2VW3KKACOOGUZJ4UG5J.jpeg,https://www.mags-tack.com/product/mens-classique-polo-shirt/OHVKFLOO7KBZLE6C6MYLHH32,2025-12-23T20:44:03+00:00,2026-06-29T17:59:11+00:00,2026-07-07T19:33:32+00:00
NYC6HCWOJAARUAMPTFHO4CDC,NYC6HCWOJAARUAMPTFHO4CDC,NYC6HCWOJAARUAMPTFHO4CDC,MLVTVMXRGXXP3,Merino+ Essence Close Contact Square,"Style and technical design meet in the Merino+ Essence Close Contact Square. Offering the performance of the Essence collection, with the comfort and pressure relief of our technical Merino+ blend, designed to fit forward-cut jumping saddles. The contour quilted soft shell upper, meticulously designed to hug your horse&#39;s curves without wrinkling, is teamed with a soft, breathable self-cool lining. The cooling material is woven with cooling fibres, controlling heat by transferring heat away from the skin and wicking sweat efficiently to cool your horse. Our Merino+ rolls are for more than just show. They deliver the look and security of a half pad without adding bulk under the saddle. Our unique Merino+ blend, which combines natural Merino with technical fibres for style and performance, keeps the saddle stable in style while reducing pressure on your horse&#39;s back. The durable, matte PU leather girth protection area protects the pad from the rider’s boot, and our signature LeMieux inner girth strap channels ensure a precision fit. Remove hair, dirt and dried sweat with a stiff brush Machine wash at 30° on a cool/wool cycle or hand wash Advised to wash in a wash bag Use Lemieux Wool Wash (available from LeMieux) Straighten/flatten cotton fabric after washing Air dry only away from any heat source. Never tumble dry Avoid using strong fabric conditioners Please ensure all hook and loop is closed firmly prior to washing",physical,visible,180,180,$180.00,6,2,6,false,true,false,false,DDIXKTDBILZCJ6PILBQT46WF|MOSA7PXNK5UFUF4HT5OP32FC|NY37ZZ7FJKR4SFMLEFVCQCHK,LeMieux|Saddle Pads|Close Contact,https://131790741.cdn6.editmysite.com/uploads/1/3/1/7/131790741/K5IEVZYP2WXWJOWNBZF3D2AK.jpeg,https://www.mags-tack.com/product/merino-essence-close-contact-square/NYC6HCWOJAARUAMPTFHO4CDC,2025-12-23T20:44:34+00:00,2026-06-29T17:59:50+00:00,2026-07-07T19:33:30+00:00
EWR7NDMKLK7FARP5RG2NVFYM,EWR7NDMKLK7FARP5RG2NVFYM,EWR7NDMKLK7FARP5RG2NVFYM,MLVTVMXRGXXP3,Merino+ Suede Close Contact Square,"Combining style and function, the Merino+ Suede Close Contact Square offers the excellence expected from the Suede collection, with the comfort and pressure relief of our technical Merino+ blend, designed to fit forward-cut jumping saddles. Our Close Contact pads are not just any pads. They are expertly designed for jumping, with a high wither cut, elasticated D-ring tabs and a swept-back profile, providing the perfect fit for your jumping needs. Our Merino+ rolls are for more than just show. They deliver the look and security of a half pad without adding bulk under the saddle. Our unique Merino+ blend, which combines natural Merino with technical fibres for style and performance, keeps the saddle stable in style while reducing pressure on your horse&#39;s back. A durable suede-effect fabric upper pairs with our signature soft, breathable, friction-free bamboo lining. The natural bamboo blend lining material controls heat and efficiently wicks sweat to keep your horse cool. The whole pad benefits from extensively researched friction-free suede-effect binding, which is specially fabricated to contour the edges smoothly. This new technique helps retain the perfect saddle pad shape and binding profile. The durable, textured PU leather girth protection area protects the pad from the rider’s boot, and our signature LeMieux inner girth strap channels ensure a precision fit. Remove hair, dirt and dried sweat with a stiff brush Machine wash at 30° on a cool/wool cycle or hand wash Advised to wash in a wash bag Use Lemieux Wool Wash (available from LeMieux) Straighten/flatten cotton fabric after washing Air dry only away from any heat source. Never tumble dry Avoid using strong fabric conditioners Please ensure all hook and loop is closed firmly prior to washing",physical,visible,160,160,$160.00,3,0,3,false,true,false,false,DDIXKTDBILZCJ6PILBQT46WF|MOSA7PXNK5UFUF4HT5OP32FC|NY37ZZ7FJKR4SFMLEFVCQCHK,LeMieux|Saddle Pads|Close Contact,https://131790741.cdn6.editmysite.com/uploads/1/3/1/7/131790741/7MCZSHHDW2VEQVVSJXGCCIKV.jpeg,https://www.mags-tack.com/product/merino-suede-close-contact-square/EWR7NDMKLK7FARP5RG2NVFYM,2025-12-23T20:44:26+00:00,2026-06-29T17:59:43+00:00,2026-07-07T19:33:21+00:00
Z645EKOXZYJSE4FKBIYCFCIA,Z645EKOXZYJSE4FKBIYCFCIA,5339,MLVTVMXRGXXP3,OV Replacement Flash Strap 464984,,physical,visible,29,29,$29.00,1,1,1,false,true,false,true,7RMNGTBVAPEKS2WFH4RAF3ZV|ZP3L4A3RJ6MA422J2M56UBXJ,Bridles|Bridle Accessories,,https://www.mags-tack.com/product/ov-replacement-flash-strap-464984/5339,2024-11-20T21:15:48+00:00,2026-06-29T17:59:56+00:00,2026-07-07T19:33:44+00:00
GQ3L57PEPRJ2V6GNHSLSXBQQ,GQ3L57PEPRJ2V6GNHSLSXBQQ,4369,MLVTVMXRGXXP3,Ovation Child Ellie QTR SS Shirt,"The Ovation Child Ellie QTR SS Shirt OMG Ponies is a stylish and comfortable T-shirt for children. It features a quarter sleeve design. The shirt is adorned with a fun and eye-catching OMG Ponies design, making it perfect for young horse enthusiasts. Made by Ovation, a trusted brand in equestrian apparel, this shirt is sure to be a hit with kids who love horses.",physical,visible,58,58,$58.00,11,0,11,false,true,false,false,AIXPB3HQ7FR57A5FZ2MS5VSZ|C45LA4PJ3EWGDLRRPJOIK4IF|CVU3XYX4T7QJ435KSIRR66P6,Show Shirts|Kid's Show Shirts|Show Essentials,https://131790741.cdn6.editmysite.com/uploads/1/3/1/7/131790741/KPRX2XMSPXGHQNGUMY343WTM.png,https://www.mags-tack.com/product/ovation-child-ellie-qtr-ss-shirt/4369,2024-02-02T01:58:49+00:00,2026-06-29T17:58:59+00:00,2026-07-07T19:33:23+00:00
MAUZTUYDUJX5EB26PXQOWZJY,MAUZTUYDUJX5EB26PXQOWZJY,5764,MLVTVMXRGXXP3,Ovation Europa Sheepskin Hunter Show Pad,Ovation Europa Sheepskin Hunter Show Pad,physical,visible,190,190,$190.00,1,0,1,false,true,false,false,EK637HZAHIV6AJB2MKDCMNY4|MOSA7PXNK5UFUF4HT5OP32FC,Jumper|Saddle Pads,https://131790741.cdn6.editmysite.com/uploads/1/3/1/7/131790741/DXPP23QFCV6UAMCNKNTFN37X.jpeg,https://www.mags-tack.com/product/ovation-europa-sheepskin-hunter-show-pad/5764,2025-05-08T23:09:31+00:00,2026-06-29T17:59:43+00:00,2026-07-07T19:33:28+00:00
2ZMRAWIDA2MTUH5PTWBYQCXQ,2ZMRAWIDA2MTUH5PTWBYQCXQ,4163,MLVTVMXRGXXP3,Ovation Kids Bellissima Knee Patch Breech 470494,"The Ovation Child Bellissima KP Grip Breech in Beige is a high-quality equestrian breech that offers great grip and comfort. Made with ERO-TEX woven light-weight nylon spandex material, these breeches have a classic average shape and a mid-rise waistband. They feature a wide waistband, two front pockets, and V-Stretch spandex ankles. The knee patch is made with Grip-Tec silicone and has a Euro Seat design. The breeches also have several features such as SilkTouch inner skin, Dualastique woven 2-way stretch, RepelTech, FreshLock odor resistance, and UltaUV Maximum UPF 50+ protection. Perfect for young riders, the Ovation Child Bellissima KP Grip Breech provides both style and functionality in the saddle.",physical,visible,120,120,$120.00,9,0,9,false,true,false,false,5X5JZVDXTG5JKQYC2IIDNAT7|6G3FPIZS7DALQKLMNU7LLLWV,Kid's Knee Patch Breeches|Knee Patch Breeches,https://131790741.cdn6.editmysite.com/uploads/1/3/1/7/131790741/BD4W7SUB4W6BXBO3PUQTF57C.jpeg,https://www.mags-tack.com/product/ovation-kids-bellissima-knee-patch-breech-470494/4163,2024-02-02T01:58:45+00:00,2026-06-29T17:59:23+00:00,2026-07-07T19:33:14+00:00
543G2DCH6XLSZD65BKBXWJOW,543G2DCH6XLSZD65BKBXWJOW,4061,MLVTVMXRGXXP3,Ovation Mens Euroweave DX 4-Pocket Front Zip FS Breeches 468476,"Ovation® Men&#39;s EuroWEAVE™ Four-Pocket Breeches are made with stretch microfiber woven fabric that draws moisture away from the skin for all-day comfort. The fabric resists shrinking and fading for long-lasting wear. Synthetic suede knee patches provide grip. Styled with YKK® front zipper, two front and two rear pockets and hook-and-loop ankle closures. Imported. Machine wash. 63% polyester/32% viscose/5% Lycra®.",physical,visible,95,95,$95.00,4,1,4,false,true,false,false,PV6RRR6AFXW42O76ARVGIYAM|T5CFMVOC4P7MART5E7FKQ6KH,Full Seat Breeches|Men's Full Seat Breeches,https://131790741.cdn6.editmysite.com/uploads/1/3/1/7/131790741/55FIY55I4IDRIKPSWSMDT22G.jpeg,https://www.mags-tack.com/product/ovation-mens-euroweave-dx-4-pocket-front-zip-fs-breeches-468476/4061,2024-02-02T01:58:41+00:00,2026-06-29T17:59:23+00:00,2026-07-07T19:33:14+00:00
2HXXSEAH5EW5JM3X3LXO63GF,2HXXSEAH5EW5JM3X3LXO63GF,4540,MLVTVMXRGXXP3,Ovation Mens Euroweave KP Breech 464416,"The Ovation Mens Euroweave Knee Patch Breech 30R Class is a stylish and comfortable choice for men who ride. Made with a woven fabric, these breeches are not clingy or revealing like knit breeches. They feature a knee patch design and have a hook and loop closure at the ankle for a secure fit. With four pockets, these breeches offer plenty of storage space for small essentials. The medium lite-weight fabric ensures a comfortable fit without sacrificing durability. Perfect for equestrians of all levels, the Ovation Mens Euroweave Knee Patch Breech 30R Class is a must-have addition to any rider&#39;s wardrobe.",physical,visible,90,90,$90.00,3,3,3,false,true,false,false,3RP55W4MXL4EZKB3EKKRXSCX|53KF7RG54NRL6S7OM44AREFJ,Knee Patch Breeches|Men's Knee Patch Breeches,https://131790741.cdn6.editmysite.com/uploads/1/3/1/7/131790741/B7W374V3S4RNEQWLFJICVOPO.jpeg,https://www.mags-tack.com/product/ovation-mens-euroweave-kp-breech-464416/4540,2024-02-02T01:58:53+00:00,2026-06-29T17:59:50+00:00,2026-07-07T19:33:12+00:00
FTSMKEOTEXSTQFPL632LOFU5,FTSMKEOTEXSTQFPL632LOFU5,4702,MLVTVMXRGXXP3,PRI Dressage Pad D55009,PRI Dressage Pad in Gray with Black Line and Gray border. Cotton Mix.,physical,visible,75,75,$75.00,1,1,1,false,true,false,false,EPZPDBQRGQA4CBYNWANJCCNH|MOSA7PXNK5UFUF4HT5OP32FC,Dressage|Saddle Pads,https://131790741.cdn6.editmysite.com/uploads/1/3/1/7/131790741/4NBBTU4WQHQP3UQZTAAFWALG.jpeg,https://www.mags-tack.com/product/pri-dressage-pad-d55009/4702,2024-02-11T22:22:56+00:00,2026-06-29T17:59:43+00:00,2026-07-07T19:33:22+00:00
I4YCZEQ6V7ZDFXNPBJWRSELW,I4YCZEQ6V7ZDFXNPBJWRSELW,3996,MLVTVMXRGXXP3,PRI Dressage Pad-Pumpkin,PRI Dressage Pad in Pumpkin/Orange. Cotton Mix.,physical,visible,55,55,$55.00,1,1,1,false,true,false,false,EPZPDBQRGQA4CBYNWANJCCNH|MOSA7PXNK5UFUF4HT5OP32FC,Dressage|Saddle Pads,https://131790741.cdn6.editmysite.com/uploads/1/3/1/7/131790741/F3F7NRTTGDIDM5C52PIT4A5L.jpeg,https://www.mags-tack.com/product/pri-dressage-pad-pumpkin/3996,2024-02-02T01:59:01+00:00,2026-06-29T17:59:56+00:00,2026-07-07T19:33:23+00:00
XN2E7XZFV4FLPPOZVD6E5WVE,XN2E7XZFV4FLPPOZVD6E5WVE,4211,MLVTVMXRGXXP3,PRI GP Saddle Pad A55006,,physical,visible,55,55,$55.00,13,0,13,false,true,false,false,MOSA7PXNK5UFUF4HT5OP32FC|SVFYUCV2QBT6R7TUN6S26J7H,Saddle Pads|General Purpose,https://131790741.cdn6.editmysite.com/uploads/1/3/1/7/131790741/53IKRFUAAHU6UPXSP4T27OPN.jpeg,https://www.mags-tack.com/product/pri-gp-saddle-pad-a55006/4211,2024-02-02T01:58:45+00:00,2026-07-07T01:13:46+00:00,2026-07-07T19:33:41+00:00
QVXZCS2B2DFQPBLUTMYZQP7Q,QVXZCS2B2DFQPBLUTMYZQP7Q,QVXZCS2B2DFQPBLUTMYZQP7Q,MLVTVMXRGXXP3,Pro Sport Close Contact Square IT012,"The Pro Sport Close Contact Square D-Ring Saddle is designed for both comfort and performance. This unisex saddle features a square D-ring design, making it suitable for various riding disciplines. The navy blue color adds a touch of style, while the large size ensures a comfortable fit for most riders. Whether you&#39;re training or competing, this saddle is a versatile choice for equestrians looking for quality and functionality.",physical,visible,100,100,$100.00,1,1,1,false,true,false,false,DDIXKTDBILZCJ6PILBQT46WF|MOSA7PXNK5UFUF4HT5OP32FC|NY37ZZ7FJKR4SFMLEFVCQCHK,LeMieux|Saddle Pads|Close Contact,https://131790741.cdn6.editmysite.com/uploads/1/3/1/7/131790741/QGCU5WK4KW2XSOAUFIV3B2OL.jpeg,https://www.mags-tack.com/product/pro-sport-close-contact-square-it012/QVXZCS2B2DFQPBLUTMYZQP7Q,2024-06-19T23:32:23+00:00,2026-06-29T17:59:11+00:00,2026-07-07T19:33:34+00:00
BLR66QHM4J5X2UVDSB3GXQ6A,BLR66QHM4J5X2UVDSB3GXQ6A,BLR66QHM4J5X2UVDSB3GXQ6A,MLVTVMXRGXXP3,ProForm Moulded Close Contact Pad,"LeMieux&#39;s ProForm Saddle Pad combines advanced manufacturing technologies and performance materials to elevate the standard of saddle pads. Designed for ultimate comfort and performance, it features no exposed stitching, a chamfered edge profile and a smooth underside to reduce rubbing.Secure silicone gripper print maintains stability between the saddle and saddle pad, removing the need for D-ring attachments. A cushioning foam core delivers even pressure distribution. The pad has an antibacterial, antimicrobial 100% bio-bamboo lining for natural sweat-wicking and temperature control. A unique, TPU-injected, highly abrasion-resistant girth protection area, with low-profile integrated girth loops offers multi-functional girthing options. This innovative product provides superior comfort for horses of all shapes and sizes.Store flat, not folded in half. Wash 30 degree with a gentle cycle in a washing machine Do not bleach or fabric softener Wash with a non-biological detergent Do not tumble dry Remove the saddle pad from the washing machine immediately after the cycle to prevent creasing. Reshape the pad whilst wet and avoid hanging it inside out. Allow the pad to air dry on a flat surface, away from direct sunlight and heat.",physical,visible,209,209,$209.00,3,0,3,false,true,false,false,DDIXKTDBILZCJ6PILBQT46WF|MOSA7PXNK5UFUF4HT5OP32FC|NY37ZZ7FJKR4SFMLEFVCQCHK,LeMieux|Saddle Pads|Close Contact,https://131790741.cdn6.editmysite.com/uploads/1/3/1/7/131790741/UIE4EBNU5ASMOI7AAWGOLY3U.png,https://www.mags-tack.com/product/proform-moulded-close-contact-pad/BLR66QHM4J5X2UVDSB3GXQ6A,2025-12-23T20:44:34+00:00,2026-06-29T17:59:17+00:00,2026-07-07T19:33:20+00:00
MFXU3F45KP73XDONZ6GHEQPZ,MFXU3F45KP73XDONZ6GHEQPZ,5110,MLVTVMXRGXXP3,R.J. Classics Collette Women's Front Zip Jodhpurs C07851 Hayden,"The R.J. Classics Collette Women&#39;s Front Zip Jodhpurs in Sand size 6 Regular are a stylish and comfortable choice for equestrian activities. These jodhpurs feature a convenient front zip design and are tailored specifically for women. The sand color adds a classic touch to your riding attire, while the regular size ensures a perfect fit for your comfort and performance in the saddle.",physical,visible,160,160,$160.00,10,0,10,false,true,false,false,5AHNRVLCRE3I2WFPRBG3TLND|EDA43UIAQTT3XDGNFFY67H54|G7VFBHT53S6VWY6C2VKJBGW2,RJ Classics|Kid's Jodhpurs|Jods,https://131790741.cdn6.editmysite.com/uploads/1/3/1/7/131790741/5UIPORJ6QDREF55PDKIMXRUR.png,https://www.mags-tack.com/product/r-j-classics-collette-women-s-front-zip-jodhpurs-c07851-hayden/5110,2024-08-29T01:05:41+00:00,2026-06-29T17:59:23+00:00,2026-07-07T19:33:28+00:00
M5PKZ4SHQNAJ4N7NWWSVQR74,M5PKZ4SHQNAJ4N7NWWSVQR74,M5PKZ4SHQNAJ4N7NWWSVQR74,MLVTVMXRGXXP3,R.J. Classics Ladies' Harmony Mesh Coat HR2018 HR2012 HR2010,"The Harmony 3-button mesh show coat, with its unique styling, offers the rider an elevated, athletic garment while maintaining the tradition of the sport. The lightweight mesh body fabric provides extreme comfort and breathability, while the Italian Jersey front panel offers a conservative contrast. Unique back seams provide a subtle twist, and vertical zipper pockets with locking pulls and matte logo buttons complete the ensemble. With traditional R.J. sizing options, you can expect the consistent R.J. fit!",physical,visible,305,305,$305.00,23,0,23,false,true,false,false,32BPCDGBD7SSUTJZ7XU5ZFQ5|5AHNRVLCRE3I2WFPRBG3TLND|CVU3XYX4T7QJ435KSIRR66P6|Z4L2KRSG4DOE5TIRBZ7ZFDKO,Show Jackets|RJ Classics|Show Essentials|Women's Show Jackets,https://131790741.cdn6.editmysite.com/uploads/1/3/1/7/131790741/WFJXWBXLAEODUOUSP6O7URZL.jpeg,https://www.mags-tack.com/product/r-j-classics-ladies-harmony-mesh-coat-hr2018-hr2012-hr2010/M5PKZ4SHQNAJ4N7NWWSVQR74,2024-08-29T01:00:02+00:00,2026-06-29T17:59:11+00:00,2026-07-07T19:33:28+00:00
L4PRGAFWLORY66KW2ESBFS5B,L4PRGAFWLORY66KW2ESBFS5B,5508,MLVTVMXRGXXP3,R.J. Classics Men's Hudson Show Jacket Hud2010,"The Hudson mesh show coat combines classic styling with ultimate comfort. The stretch mesh fabric provides exceptional breathability and comfort, even on the hottest days. Traditional seam lines paired with modern details ensure this coat will appeal to every rider. Our numeric sizing options guarantee a consistently perfect fit. As part of our Men’s line , the Hudson delivers high-quality craftsmanship at an accessible price point. With a blend of modern and timeless designs, our Men’s apparel is built to stand the test of time, offering durability and cutting-edge technology to help every rider look and feel their best, both on and off the horse.",physical,visible,300,300,$300.00,7,1,7,false,true,false,false,5AHNRVLCRE3I2WFPRBG3TLND|CVU3XYX4T7QJ435KSIRR66P6|FW7X7GL6Q345S2SRZEIZWBHD|JP4XIXQNCW4325J3F5K62KZQ,RJ Classics|Show Essentials|Show Jackets|Men's Show Jackets,https://131790741.cdn6.editmysite.com/uploads/1/3/1/7/131790741/53DPQV3OF7BTP6C3BLVHIOVX.jpeg,https://www.mags-tack.com/product/r-j-classics-men-s-hudson-show-jacket-hud2010/5508,2025-02-02T19:12:56+00:00,2026-06-29T17:59:17+00:00,2026-07-07T19:33:26+00:00
VGH4JAVSRN3SE7UJDPXGFXCD,VGH4JAVSRN3SE7UJDPXGFXCD,5507,MLVTVMXRGXXP3,R.J. Classics Men's Show Shirts Tyler TY102,"The Men&#39;s Tyler Short Sleeve Show Shirt from RJ Classics delivers all the outstanding fit and quality features needed for competition. The Blue Label collection men&#39;s competition shirt is a classic key piece for your horse show clothing wardrobe. RJ Classics TY102 Blue Label UPF30+ Crisp Collar and Tie Loop Wash Cold | Dry Flat 95% Polyester/5% Spandex White RJ Classics Tyler Show Shirt has a crisp tailored look with classic seam lines and simple details. The stretch fabric is lightweight, wicking, and provides UPF30 sun protection. A snap down collar and tie loop ensures a polished, professional look in the arena. RJ Classics Tyler Short Sleeve Show Shirt for men works well for competitors at any level, ensuring a traditional look with modern technology for performance.",physical,visible,80,80,$80.00,5,1,5,false,true,false,false,2U4UOEOJ53CDF3YY6TGHCYPD|5AHNRVLCRE3I2WFPRBG3TLND|CVU3XYX4T7QJ435KSIRR66P6|G3FY4ICWVCRIXW3RWPAO63BZ,Men’s Show Shirts|RJ Classics|Show Essentials|Show Shirts,https://131790741.cdn6.editmysite.com/uploads/1/3/1/7/131790741/XOI22DJZDURNEBNCC3EJC2X4.jpeg,https://www.mags-tack.com/product/r-j-classics-men-s-show-shirts-tyler-ty102/5507,2025-02-02T18:50:13+00:00,2026-06-29T17:59:05+00:00,2026-07-07T19:33:39+00:00
4NBBFNNBZKJKO7WY25F4M6ZM,4NBBFNNBZKJKO7WY25F4M6ZM,5470,MLVTVMXRGXXP3,R.J. Classics Tessa Show Shirt RJ Classics,"Designed to bring extra style and versatility into the show ring, the Tessa is the perfect addition to every rider’s wardrobe. Its modern seam lines and silky, cooling fabric ensures that rider’s stay comfortable and confident. The unique prints, paired with a white collar and front bib, elevate its style without compromising the classic look under a show coat.",physical,visible,105,105,$105.00,23,0,23,false,true,false,false,5AHNRVLCRE3I2WFPRBG3TLND|BVIJQSCQR4F4LRMP3GBM22YS|CVU3XYX4T7QJ435KSIRR66P6|NORUZ43TJQRMPK3OWDTUSFF7,RJ Classics|Women's Show Shirts|Show Essentials|Show Shirts,https://131790741.cdn6.editmysite.com/uploads/1/3/1/7/131790741/HMVIG35ZDYQQHTUTRYY2HTZR.png,https://www.mags-tack.com/product/r-j-classics-tessa-show-shirt-rj-classics/5470,2025-01-26T23:05:53+00:00,2026-06-29T17:59:17+00:00,2026-07-07T19:33:12+00:00
WVDVQOTMRR2XVPANNJSNMNQP,WVDVQOTMRR2XVPANNJSNMNQP,5469,MLVTVMXRGXXP3,R.J. Classics Tori Show Shirts RJ Classics 168259 171814,"The Tori is a classic long sleeve show shirt designed to elevate both your style and performance in the show ring. Made with R.J. Classics silky, cooling fabric, the Tori features sporty seam lines, perforated detailing, and subtle logo details that create the perfect blend of traditional and modern styling. Its athletic fit, sitting close to the body, offers a clean-cut look that will leave you feeling comfortable and confident every time you enter the show ring.",physical,visible,110,110,$110.00,37,0,37,false,true,false,false,5AHNRVLCRE3I2WFPRBG3TLND|BVIJQSCQR4F4LRMP3GBM22YS|CVU3XYX4T7QJ435KSIRR66P6|NORUZ43TJQRMPK3OWDTUSFF7,RJ Classics|Women's Show Shirts|Show Essentials|Show Shirts,https://131790741.cdn6.editmysite.com/uploads/1/3/1/7/131790741/73CUAKZRHKBG5VMJ33CI7R3L.png,https://www.mags-tack.com/product/r-j-classics-tori-show-shirts-rj-classics-168259-171814/5469,2025-01-26T23:02:27+00:00,2026-06-29T17:59:23+00:00,2026-07-07T19:33:40+00:00
WZDQKWB5TY64FDHIPOJSCP3F,WZDQKWB5TY64FDHIPOJSCP3F,WZDQKWB5TY64FDHIPOJSCP3F,MLVTVMXRGXXP3,RJ Classics Gulf Low Rise Front Zip KP Breeches,"The natural-rise, front-zip Gulf model euro-seat breech is the pinnacle of fit and comfort. They are featuring a premium quick-dry and stretch fabric, which provides amazing hand-feel, sculpt and coverage. The fabric-covered interior waistband and mesh lower leg panels provide ideal comfort. Premium Clarino™ knee patches are naturally supple and breathable while presenting the elegant look of real suede, yet can withstand intense abrasion. R.J. details on the front closures and pocket complete the design. FEATURES • Natural-rise, front-zip styling • Quick-dry, stretch fabric • Fabric-covered interior waistband for ideal comfort • Clarino™ knee patches • Mesh lower leg panel CARE INSTRUCTIONS • Machine wash warm separately, inside-out, on a gentle cycle • Do not use bleach or fabric softener • Lay flat to dry • Do not tumble dry • Do not dry clean • Do not iron FABRIC CONTENT • 92% Nylon / 8% Elastane",physical,visible,205,205,$205.00,6,1,6,false,true,false,false,5AHNRVLCRE3I2WFPRBG3TLND|LRZCICSALM2Q2PWQHAUFSMTJ|W7MAKDLNGT62IYQMX3VNYDIL,RJ Classics|Knee Patch Breeches|Women's Knee Patch Breeches,https://131790741.cdn6.editmysite.com/uploads/1/3/1/7/131790741/TFHIUQCEUWSPZH4BKO7ZDW7V.jpeg,https://www.mags-tack.com/product/rj-classics-gulf-low-rise-front-zip-kp-breeches/WZDQKWB5TY64FDHIPOJSCP3F,2026-05-07T21:53:08+00:00,2026-06-29T17:59:23+00:00,2026-07-07T19:33:41+00:00
4E6SPLUMMDYA7TGGBLSCGOHY,4E6SPLUMMDYA7TGGBLSCGOHY,4E6SPLUMMDYA7TGGBLSCGOHY,MLVTVMXRGXXP3,RJ Classics Hayden Silicone Breech,"The Hayden breech offers sporty styling with silicone knee patches and subtle, updated details to keep your riding wardrobe looking modern. It features &#34;The Perfect Rise,&#34; a mid-rise fit designed to keep you feeling and performing your best. The premium quick-dry and stretch fabric offers the perfect balance of comfort and structure. Care Instructions: Machine wash warm separately, inside-out, on a gentle cycle Do not use bleach or fabric softener Lay flat to dry Do not tumble dry Do not dry clean Do not iron",physical,visible,229,229,$229.00,5,0,5,false,true,false,false,5AHNRVLCRE3I2WFPRBG3TLND|5X5JZVDXTG5JKQYC2IIDNAT7|QILGPGVSHPFUITVCYZBA53SV,RJ Classics|Kid's Knee Patch Breeches|Breeches,https://131790741.cdn6.editmysite.com/uploads/1/3/1/7/131790741/BIJHTUSJQWLI4VURP6BZMLM2.png,https://www.mags-tack.com/product/rj-classics-hayden-silicone-breech/4E6SPLUMMDYA7TGGBLSCGOHY,2025-08-21T22:54:13+00:00,2026-06-29T17:59:36+00:00,2026-07-07T19:33:15+00:00
AZ4RB7MTFISPFB6IIDHLJWB2,AZ4RB7MTFISPFB6IIDHLJWB2,AZ4RB7MTFISPFB6IIDHLJWB2,MLVTVMXRGXXP3,RJ Classics Jemma Mock Neck Shirt,"The new Jemma Mock Neck is the perfect choice to stay on trend this upcoming season. With its silky, cooling fabric, perforated detailing and subtle branding, this style is a versatile addition to your schooling wardrobe that provides optimal UPF 50+ sun protection coverage.",physical,visible,85,85,$85.00,25,0,25,false,true,false,false,5AHNRVLCRE3I2WFPRBG3TLND|5IRDHLAPFD74WOX6W3BYWMZR|DCWEJP3A2QEQLOGT2AI5HX5F,RJ Classics|Women's Sunshirts|Riding Shirts,https://131790741.cdn6.editmysite.com/uploads/1/3/1/7/131790741/N3IYPF7O4YSKLZBVTT7RQG42.png,https://www.mags-tack.com/product/rj-classics-jemma-mock-neck-shirt/AZ4RB7MTFISPFB6IIDHLJWB2,2025-08-21T22:23:43+00:00,2026-06-29T17:59:05+00:00,2026-07-07T19:33:20+00:00
3D4XSKZVJLLV7X7KLJZ7D4D5,3D4XSKZVJLLV7X7KLJZ7D4D5,3D4XSKZVJLLV7X7KLJZ7D4D5,MLVTVMXRGXXP3,RJ Classics Joelle Ladies Mock Neck Shirt,"The Joelle Mock Neck is the perfect choice to stay on trend this season. Made with our luxurious ribbed fabric, this style features perforated sleeves and collar for enhanced ventilation, subtle branding, and UPF 30+ sun protection—making it a sophisticated and versatile addition to your schooling wardrobe.",physical,visible,90,90,$90.00,13,0,13,false,true,false,false,5AHNRVLCRE3I2WFPRBG3TLND|DCWEJP3A2QEQLOGT2AI5HX5F|X6JVVXSLC6SH4FAULVWLNIIU,RJ Classics|Riding Shirts|Women's Riding and Functional Shirts,https://131790741.cdn6.editmysite.com/uploads/1/3/1/7/131790741/4XZXGEOEKDOY54QKA273AIWR.jpeg,https://www.mags-tack.com/product/rj-classics-joelle-ladies-mock-neck-shirt/3D4XSKZVJLLV7X7KLJZ7D4D5,2025-09-28T15:54:19+00:00,2026-06-29T17:58:52+00:00,2026-07-07T19:33:14+00:00
ERZ6KLXWI3CJJ5EN3RHVGEDO,ERZ6KLXWI3CJJ5EN3RHVGEDO,ERZ6KLXWI3CJJ5EN3RHVGEDO,MLVTVMXRGXXP3,RJ Classics Laddies Liv SHow Shirt LIV868 LIV867,"The Liv show shirt is designed to bring additional style and versatility to the show ring. Modern seam lines and silky, cooling fabric ensures that rider’s stay comfortable and confident. The unique prints, paired with a white collar and front bib, elevate its style without compromising the classic look under a show coat.",physical,visible,125,125,$125.00,9,0,9,false,true,false,false,5AHNRVLCRE3I2WFPRBG3TLND|CVU3XYX4T7QJ435KSIRR66P6|DCWEJP3A2QEQLOGT2AI5HX5F|X6JVVXSLC6SH4FAULVWLNIIU,RJ Classics|Show Essentials|Riding Shirts|Women's Riding and Functional Shirts,https://131790741.cdn6.editmysite.com/uploads/1/3/1/7/131790741/FP6T6WKCFVCHBD34UE4L2DZO.png,https://www.mags-tack.com/product/rj-classics-laddies-liv-show-shirt-liv868-liv867/ERZ6KLXWI3CJJ5EN3RHVGEDO,2025-09-28T16:06:35+00:00,2026-06-29T17:59:30+00:00,2026-07-07T19:33:21+00:00
BUVK7NVFMHIPMFI33AFLVT2P,BUVK7NVFMHIPMFI33AFLVT2P,BUVK7NVFMHIPMFI33AFLVT2P,MLVTVMXRGXXP3,RJ Classics Ladies Harlie Vest HRLV13 HRLV11,"The Harlie 2.0 Wind Defense Vest is your go-to layering piece for crisp fall rides. Now updated with a soft-touch micro-check fabric, this chic, wind-resistant style features modern quilting, lightweight fill, and stretch knit side panels for a flattering, comfortable fit. Thoughtful details like a faux fur-lined collar, interior hidden pocket, and 2-way zipper elevate both function and style.",physical,visible,160,160,$160.00,12,0,12,false,true,false,false,2AW3CPER3S54YIHZPBS4AHAP|LWDQCZ6IZ4V4AVSK7XRW5MPV|T72GFAVONR3B5SDDUP4WOPE4,Outerwear|Women's Outerwear|Acavallo,https://131790741.cdn6.editmysite.com/uploads/1/3/1/7/131790741/QUCED5RKUFFYTOARW53Q2BAO.png,https://www.mags-tack.com/product/rj-classics-ladies-harlie-vest-hrlv13-hrlv11/BUVK7NVFMHIPMFI33AFLVT2P,2025-09-28T15:23:17+00:00,2026-06-29T17:59:30+00:00,2026-07-07T19:33:20+00:00
AEYM6F5L32DINCAIG3M7XGI5,AEYM6F5L32DINCAIG3M7XGI5,AEYM6F5L32DINCAIG3M7XGI5,MLVTVMXRGXXP3,RJ Classics Lucy Jr,"The Lucy Jr. schooling shirt is a short sleeve, ¼ zip style featuring R.J. Classics silky, cooling fabric. Classic seam lines and a subtle microprint add dimension and color to your schooling outfits without compromising sun protection.",physical,visible,75,75,$75.00,36,0,36,false,true,false,false,4UA2FV6CTIYIIY4GVTIKH7JW|5AHNRVLCRE3I2WFPRBG3TLND|ZSHJKFJ6VNVGDTEPTDFRRAFO,Kid's Riding shirts|RJ Classics|Riding Shirts,https://131790741.cdn6.editmysite.com/uploads/1/3/1/7/131790741/SNMPE4J4OHZDTNJNUSVJHZ5B.png,https://www.mags-tack.com/product/rj-classics-lucy-jr/AEYM6F5L32DINCAIG3M7XGI5,2025-08-21T22:39:47+00:00,2026-06-29T17:59:36+00:00,2026-07-07T19:33:19+00:00
ZJZPP5THHZZT7HVNOBLMNMUI,ZJZPP5THHZZT7HVNOBLMNMUI,5506,MLVTVMXRGXXP3,RJ Classics Men's Mason Breeches MS7851,"The Mason men’s breech combines classic styling with modern details and an exceptional fit. The premium quick-dry and stretch fabric offers the perfect balance of comfort and structure for every rider. Our Men’s line delivers high quality product at an accessible price point. With modern and timeless designs, it’s made to stand the test of time with durability and technology that is sure to impress, helping every rider look and feel their best both on and off the horse.",physical,visible,225,225,$225.00,4,0,4,false,true,false,false,53KF7RG54NRL6S7OM44AREFJ|5AHNRVLCRE3I2WFPRBG3TLND|ISDJ26ILQILKJUYEG4B6JY22,Men's Knee Patch Breeches|RJ Classics|Breeches,https://131790741.cdn6.editmysite.com/uploads/1/3/1/7/131790741/Z77EIGNESYGOLYPF6SPAOKJC.jpeg,https://www.mags-tack.com/product/rj-classics-men-s-mason-breeches-ms7851/5506,2025-02-02T18:33:47+00:00,2026-06-29T17:59:50+00:00,2026-07-07T19:33:44+00:00
5WGWIVJM76SMO4H2PAYO4OQC,5WGWIVJM76SMO4H2PAYO4OQC,5WGWIVJM76SMO4H2PAYO4OQC,MLVTVMXRGXXP3,RJ Classics Monterey Show Jacket,"The coat you know and love is now new and improved with highly requested features: removable white sleeve cuffs and back number holes! This NEW Monterey offers traditional 3-button styling with flap pockets, and its hidden interior zipper provides proper presentation with a perfect fit. The Orange Label collection highlights a completely unconstructed design, eliminating lining and shoulder pads, which allows for maximum freedom of movement. The fabrics used in this collection are premium imported Italian Jersey that promote airflow between fibers for cooling, are quick-drying, offer UPF 50 sun protection, resist pilling, and are wrinkle-free for easy travel. Eco-friendly fabric construction ensures a high-quality product with minimal materials or energy wasted during the production process.",physical,visible,599,599,$599.00,9,0,9,false,true,false,false,32BPCDGBD7SSUTJZ7XU5ZFQ5|5AHNRVLCRE3I2WFPRBG3TLND|CVU3XYX4T7QJ435KSIRR66P6|Z4L2KRSG4DOE5TIRBZ7ZFDKO,Show Jackets|RJ Classics|Show Essentials|Women's Show Jackets,https://131790741.cdn6.editmysite.com/uploads/1/3/1/7/131790741/3JSHNCN3KQCGF6TYFSTCPNHE.png,https://www.mags-tack.com/product/rj-classics-monterey-show-jacket/5WGWIVJM76SMO4H2PAYO4OQC,2025-08-23T21:14:00+00:00,2026-07-08T00:01:25+00:00,2026-07-08T00:02:28+00:00
X44TUMULQS2X2TSGUWZOWRVB,X44TUMULQS2X2TSGUWZOWRVB,5717,MLVTVMXRGXXP3,RJ Classics Show Coat by Sloane,"The Show Coat by Sloane combines timeless tradition with modern comfort, offering an affordable option for equestrian enthusiasts. This unconstructed show coat is designed to provide freedom of movement, while the comfort stretch fabric ensures confidence in the show ring. With features like a hidden interior zipper and back number holes for convenience, this coat pays attention to every detail to elevate your show attire.",physical,visible,195,195,$195.00,10,1,10,false,true,false,false,32BPCDGBD7SSUTJZ7XU5ZFQ5|5AHNRVLCRE3I2WFPRBG3TLND|CVU3XYX4T7QJ435KSIRR66P6|Z4L2KRSG4DOE5TIRBZ7ZFDKO,Show Jackets|RJ Classics|Show Essentials|Women's Show Jackets,https://131790741.cdn6.editmysite.com/uploads/1/3/1/7/131790741/BYAM6XZXWUNW62TNLE52NII2.jpeg,https://www.mags-tack.com/product/rj-classics-show-coat-by-sloane/5717,2025-04-11T21:32:05+00:00,2026-06-29T17:59:30+00:00,2026-07-07T19:33:41+00:00
3C5L5MTST4ELX5SPOI6C53BS,3C5L5MTST4ELX5SPOI6C53BS,4431,MLVTVMXRGXXP3,Romfh Ladies Lindsay LS Show Shirt 470151,"The Romfh Ladies Lindsay LS Show Shirt is a stylish and functional choice for equestrians. Designed specifically for women, this show shirt features a flattering fit and a classic design. The Lindsay LS style offers long sleeves for added coverage and protection. Made with high-quality materials, this show shirt is comfortable and breathable, making it perfect for long days in the saddle. Whether you&#39;re competing in a show or practicing at home, the Romfh Ladies Lindsay LS Show Shirt is a must-have for any equestrian.",physical,visible,95,95,$95.00,14,0,14,false,true,false,false,BVIJQSCQR4F4LRMP3GBM22YS|CVU3XYX4T7QJ435KSIRR66P6|NORUZ43TJQRMPK3OWDTUSFF7,Women's Show Shirts|Show Essentials|Show Shirts,https://131790741.cdn6.editmysite.com/uploads/1/3/1/7/131790741/M6LSCXTIF65YVN27WFUFM3IC.png,https://www.mags-tack.com/product/romfh-ladies-lindsay-ls-show-shirt-470151/4431,2024-02-02T01:58:53+00:00,2026-06-29T17:59:17+00:00,2026-07-07T19:33:14+00:00
E3RECGHQWKM62LCAHHZKXSNB,E3RECGHQWKM62LCAHHZKXSNB,4078,MLVTVMXRGXXP3,Romfh Mens Long Sleeve Competition Shirt 468451,"The Romfh Men&#39;s Long Sleeve Competition Shirt in white is a stylish and functional choice for equestrian competitions. Made by the trusted brand Romfh, this shirt is designed specifically for men and features a long sleeve design for added coverage. The shirt is made from high-quality materials that are both comfortable and breathable, ensuring that you stay cool and dry during your rides. The white color adds a classic and professional touch, while the size S ensures a perfect fit. Whether you&#39;re competing in dressage, show jumping, or eventing, the Romfh Men&#39;s Long Sleeve Competition Shirt is a must-have addition to your equestrian wardrobe.",physical,visible,95,95,$95.00,4,1,4,false,true,false,false,2U4UOEOJ53CDF3YY6TGHCYPD|CVU3XYX4T7QJ435KSIRR66P6|G3FY4ICWVCRIXW3RWPAO63BZ,Men’s Show Shirts|Show Essentials|Show Shirts,https://131790741.cdn6.editmysite.com/uploads/1/3/1/7/131790741/V3W6BZNRYAJTR3F5TMTWF5L2.jpeg,https://www.mags-tack.com/product/romfh-mens-long-sleeve-competition-shirt-468451/4078,2024-02-02T01:58:41+00:00,2026-06-29T17:59:05+00:00,2026-07-07T19:33:21+00:00
NH55ND3AVYC7AA6JUNDZ2COT,NH55ND3AVYC7AA6JUNDZ2COT,4198,MLVTVMXRGXXP3,SH Childs Short Sleeve Show Shirt 87936,Shires Equestrian short sleeve show shirt.,physical,visible,55,55,$55.00,8,0,8,false,true,false,false,6JWC6URPBJ63AXQT72YPJMNL|AIXPB3HQ7FR57A5FZ2MS5VSZ|C45LA4PJ3EWGDLRRPJOIK4IF|CVU3XYX4T7QJ435KSIRR66P6,Shires|Show Shirts|Kid's Show Shirts|Show Essentials,https://131790741.cdn6.editmysite.com/uploads/1/3/1/7/131790741/ZUMBZQUNVGCE37EG524ARHEQ.jpeg,https://www.mags-tack.com/product/sh-childs-short-sleeve-show-shirt-87936/4198,2024-02-02T01:58:45+00:00,2026-06-29T17:59:30+00:00,2026-07-07T19:33:30+00:00
HHYMDEQK7YTOXNXXNJEOC2FC,HHYMDEQK7YTOXNXXNJEOC2FC,3729,MLVTVMXRGXXP3,SH Kids Equestrian Style LS Shirt 87932,Shires Equestrian Long Sleeve Show Shirt.,physical,visible,55,55,$55.00,21,0,21,false,true,false,false,6JWC6URPBJ63AXQT72YPJMNL|AIXPB3HQ7FR57A5FZ2MS5VSZ|C45LA4PJ3EWGDLRRPJOIK4IF|CVU3XYX4T7QJ435KSIRR66P6,Shires|Show Shirts|Kid's Show Shirts|Show Essentials,https://131790741.cdn6.editmysite.com/uploads/1/3/1/7/131790741/JBLTPRIUJ3LEAQ24L6MHU3LP.jpeg,https://www.mags-tack.com/product/sh-kids-equestrian-style-ls-shirt-87932/3729,2024-02-02T01:58:35+00:00,2026-06-29T17:58:52+00:00,2026-07-07T19:33:22+00:00
SCDG75HYIHSYBRM4FNWG7AW6,SCDG75HYIHSYBRM4FNWG7AW6,4894,MLVTVMXRGXXP3,Shires 10030 Aubrion Poise Tech Polo,"The Aubrion Shires Poise Tech Polo - Young Rider is a stylish and functional sleeveless polo designed for young riders. Made from ultra-light and breathable tech fabric, this polo offers excellent moisture management, keeping you comfortable in the saddle or during leisure activities. The 1/4 zip neck provides extra ventilation, while the soft feel arm hole binding and inner neck trim ensure a comfortable fit. With its moisture tech fabric, stretch arm holes, contour fit, split side hem, and Aubrion prints, this polo combines style and performance for young equestrians.",physical,visible,40,40,$40.00,11,1,11,false,true,false,false,3NW24H75EJAAJ5GLN566CAEZ|6JWC6URPBJ63AXQT72YPJMNL|7LXQTON7KP66XF4QK4YUHFMD,Polos|Shires|Women's Polos,https://131790741.cdn6.editmysite.com/uploads/1/3/1/7/131790741/MOVPZJIGSCT7ARNHTZJ4574X.jpeg,https://www.mags-tack.com/product/shires-10030-aubrion-poise-tech-polo/4894,2024-05-21T20:24:31+00:00,2026-06-29T17:59:50+00:00,2026-07-07T19:33:36+00:00
J7KF3CU3SR74VGTMITBJ3TZM,J7KF3CU3SR74VGTMITBJ3TZM,4943,MLVTVMXRGXXP3,Shires 10012 Revive Long Sleeve Sun Shirt,"The Shires Ladies Revive Long Sleeve Sun Shirt is the perfect base layer for active riders. Designed for ultimate athletic performance, this shirt offers support and moisture management technology to keep you comfortable during your rides. The UPF 50+ sun protection and highline neck provide added protection from the sun&#39;s harmful rays. The shirt features a body skimming fit and ventilated side panels for a lightweight and breathable feel. With its long sleeves, raglan sleeve construction, and 1/4 zip neck, this shirt offers increased range of motion and ventilation options. The side zip pocket allows you to safely store your essentials, and the comfort seams ensure a comfortable fit. The shirt also features Aubrion prints for added style.",physical,visible,55,55,$55.00,36,0,36,false,true,false,false,5IRDHLAPFD74WOX6W3BYWMZR|6JWC6URPBJ63AXQT72YPJMNL|DCWEJP3A2QEQLOGT2AI5HX5F,Women's Sunshirts|Shires|Riding Shirts,https://131790741.cdn6.editmysite.com/uploads/1/3/1/7/131790741/UYDTAP3YVPBIBK3JNKGFKDGB.jpeg,https://www.mags-tack.com/product/shires-10012-revive-long-sleeve-sun-shirt/4943,2024-05-21T20:47:13+00:00,2026-06-29T17:59:11+00:00,2026-07-07T19:33:24+00:00
PWCOQGPM666LS3F6GLLEOGHS,PWCOQGPM666LS3F6GLLEOGHS,4937,MLVTVMXRGXXP3,Shires 10032 Aubrion Revive Sleeveless Sun Shirt,"The Aubrion Shires Revive Sleeveless Sun Shirt is the perfect choice for active young riders who want to perform at their best. This sleeveless base layer offers comfort and support, with a body skimming fit that feels like a lightweight second skin. The moisture management technology and ventilated side panels keep the body comfortable and cool, while the UPF 50+ protection shields the skin from the sun&#39;s harmful rays. The shirt features a panel construction for increased range of motion, a 1/4 zip neck for added ventilation, and a side zip pocket for safekeeping of essentials. With its comfortable seams and stylish Aubrion prints, this shirt combines functionality and fashion for the ultimate athletic performance.",physical,visible,33,33,$33.00,6,1,6,false,true,false,false,6JWC6URPBJ63AXQT72YPJMNL|DCWEJP3A2QEQLOGT2AI5HX5F|JCAEDBVBGOALFYSOVI2UJKOF,Shires|Riding Shirts|Kid's Sun Shirts,https://131790741.cdn6.editmysite.com/uploads/1/3/1/7/131790741/37SZEXYKYQU6MSVZ5GAKBHNR.jpeg,https://www.mags-tack.com/product/shires-10032-aubrion-revive-sleeveless-sun-shirt/4937,2024-05-21T20:20:45+00:00,2026-06-29T17:59:43+00:00,2026-07-07T19:33:34+00:00
NNTFSBR6SLKN76EROE2AABHA,NNTFSBR6SLKN76EROE2AABHA,4935,MLVTVMXRGXXP3,Shires 10034 Revive Long Sleeve Sun Shirt,"The Shires Revive Long Sleeve Sun Shirt - Young Rider is the perfect base layer for active young riders. Designed for athletic performance, this shirt offers support and comfort with its body skimming fit and moisture management technology. The UPF 50+ sun protection and ventilated side panels keep the body cool and protected from the sun&#39;s harmful rays. The shirt features long sleeves, a highline neck, and a 1/4 zip neck for adjustable ventilation. It also has a side zip pocket for safekeeping of essentials. With its raglan sleeve construction, comfort seams, and Aubrion prints, this shirt provides increased range of motion and a stylish look.",physical,visible,45,45,$45.00,12,0,12,false,true,false,false,6JWC6URPBJ63AXQT72YPJMNL|DCWEJP3A2QEQLOGT2AI5HX5F|JCAEDBVBGOALFYSOVI2UJKOF,Shires|Riding Shirts|Kid's Sun Shirts,https://131790741.cdn6.editmysite.com/uploads/1/3/1/7/131790741/5J5VCU7OBQ642VURCJZPAUYG.jpeg,https://www.mags-tack.com/product/shires-10034-revive-long-sleeve-sun-shirt/4935,2024-05-21T20:03:18+00:00,2026-06-29T17:59:36+00:00,2026-07-07T19:33:31+00:00
O7FF2UDFGPFQLQWABIZBYQAW,O7FF2UDFGPFQLQWABIZBYQAW,O7FF2UDFGPFQLQWABIZBYQAW,MLVTVMXRGXXP3,Shires 8964 - Aubrion Revive Sleeveless Sun Shirt -Young Rider,"The Shires Aubrion Revive Sleeveless Sun Shirt is the perfect choice for young riders who want to perform at their best. This athletic performance shirt is designed to provide support and comfort during active riding sessions. The sleeveless design and body skimming fit give it a second skin feel, while the lightweight moisture management technology and ventilated side panels keep the body cool and comfortable. With UPF 50+ protection, this shirt also helps to shield the skin from the sun&#39;s harmful rays. The panel construction and 1/4 zip neck provide increased range of motion and ventilation, and the side zip pocket is perfect for keeping essentials safe. The shirt features comfort seams and Aubrion prints for added style.",physical,visible,38,50,$38.00,31,0,31,false,true,false,true,6JWC6URPBJ63AXQT72YPJMNL|DCWEJP3A2QEQLOGT2AI5HX5F|JCAEDBVBGOALFYSOVI2UJKOF,Shires|Riding Shirts|Kid's Sun Shirts,https://131790741.cdn6.editmysite.com/uploads/1/3/1/7/131790741/S6ELJJPSGIK7MCXSCLSE4ZHX.png,https://www.mags-tack.com/product/shires-8964-aubrion-revive-sleeveless-sun-shirt-young-rider/O7FF2UDFGPFQLQWABIZBYQAW,2024-03-28T21:08:12+00:00,2026-06-29T17:58:52+00:00,2026-07-07T19:33:30+00:00
CDBQT5OOP3NBMJUJESXTQBDN,CDBQT5OOP3NBMJUJESXTQBDN,4817,MLVTVMXRGXXP3,Shires 8967 Kids Sleeveless Tech Polo,,physical,visible,49,49,$49.00,13,0,13,false,true,false,false,6JWC6URPBJ63AXQT72YPJMNL|MD5QJPHWF2MBW6QKK4JKAAJL|ZSHJKFJ6VNVGDTEPTDFRRAFO,Shires|Kid's Polo Shirts|Riding Shirts,https://131790741.cdn6.editmysite.com/uploads/1/3/1/7/131790741/IVL6HVYGRGU2TJB2M5SDSAYR.png,https://www.mags-tack.com/product/shires-8967-kids-sleeveless-tech-polo/4817,2024-03-28T20:53:43+00:00,2026-06-29T17:59:11+00:00,2026-07-07T19:33:20+00:00
FVB7OIK45G4UJMBEUXZXDFTM,FVB7OIK45G4UJMBEUXZXDFTM,5754,MLVTVMXRGXXP3,Shires Arma Satin AP Saddle Pad,Shires Arma Satin AP Saddle Pad,physical,visible,60,60,$60.00,2,0,2,false,true,false,false,6JWC6URPBJ63AXQT72YPJMNL|MOSA7PXNK5UFUF4HT5OP32FC|SVFYUCV2QBT6R7TUN6S26J7H,Shires|Saddle Pads|General Purpose,https://131790741.cdn6.editmysite.com/uploads/1/3/1/7/131790741/D4AYN4LSSUQAVAQF3JVSVUYV.png,https://www.mags-tack.com/product/shires-arma-satin-ap-saddle-pad/5754,2025-05-03T18:05:08+00:00,2026-06-29T17:58:59+00:00,2026-07-07T19:33:22+00:00
RKG7JJSABDCJUYBCFIYXZ4AB,RKG7JJSABDCJUYBCFIYXZ4AB,4573,MLVTVMXRGXXP3,Shires Aubrion Patterson Winter Gloves 8117,"The Shires Aubrion Patterson Winter Gloves in Black are a must-have for the colder months. These gloves are designed to keep your hands warm and protected from the elements. With their sleek black color and size L, they are both stylish and practical. Made with high-quality materials, these winter gloves are durable and built to last. Whether you&#39;re riding horses or simply going for a walk, the Shires Aubrion Patterson Winter Gloves will keep your hands cozy and comfortable.",physical,visible,22,221,$22.00,12,0,12,false,true,false,false,6JWC6URPBJ63AXQT72YPJMNL|HS3JWIJNRWXGAXRO2DUO3F25|JJUQT7FQSMFJKZYT2UT6BMY3,Shires|Gloves|Gloves,https://131790741.cdn6.editmysite.com/uploads/1/3/1/7/131790741/NRJI64U4VPFUJ4EKMHXA2BJW.jpeg,https://www.mags-tack.com/product/shires-aubrion-patterson-winter-gloves-8117/4573,2024-02-03T17:48:30+00:00,2026-06-29T17:59:50+00:00,2026-07-07T19:33:36+00:00
OKPJBRFCTRUJFFLT33DGI3BH,OKPJBRFCTRUJFFLT33DGI3BH,4896,MLVTVMXRGXXP3,Shires Aubrion Poise Tech Polo 10007,"The Shires Poise Tech Polo is a must-have for any equestrian enthusiast. Made from ultra-light and extremely breathable tech fabric, this polo offers excellent moisture management, keeping you cool and comfortable in the saddle or during leisure activities. The sleeveless design provides an airy feel, while the smart polo style collar with a 1/4 zip neck allows for extra ventilation. The soft feel arm hole binding and stretch arm holes ensure a comfortable fit, and the contour fit and split side hem add a stylish touch. Complete with Aubrion prints, this polo combines functionality with fashion.",physical,visible,50,50,$50.00,14,0,14,false,true,false,false,3NW24H75EJAAJ5GLN566CAEZ|6JWC6URPBJ63AXQT72YPJMNL|7LXQTON7KP66XF4QK4YUHFMD,Polos|Shires|Women's Polos,https://131790741.cdn6.editmysite.com/uploads/1/3/1/7/131790741/4R2BCBNSLFQY2GQBYGJE6C2G.jpeg,https://www.mags-tack.com/product/shires-aubrion-poise-tech-polo-10007/4896,2024-05-21T20:30:13+00:00,2026-06-29T17:59:05+00:00,2026-07-07T19:33:31+00:00
WTCSRVQKJY3BYCXECZ4IRX7I,WTCSRVQKJY3BYCXECZ4IRX7I,5622,MLVTVMXRGXXP3,Shires Aubrion React Young Rider Short Sleeve Base Layer 10531,"The Shires Aubrion React Young Rider Children&#39;s Short Sleeve Base Layer in Shadow is designed to provide young riders with comfort and performance support in warm conditions. This base layer features a climate control system, moisture management technology, and ventilated heat release panels to keep the rider cool and comfortable. With a UPF50+ rating, four-way stretch fabric, and a body-skimming fit, this base layer offers a lightweight and flexible feel with unrestricted movement. The design includes a chin guard, ¼ zip, zip side pocket, and comfort seams for added convenience and functionality. Perfect for young riders aged 7-8 years, this base layer also features Aubrion React logo printing for a stylish touch.",physical,visible,40,40,$40.00,10,0,10,false,true,false,false,4UA2FV6CTIYIIY4GVTIKH7JW|6JWC6URPBJ63AXQT72YPJMNL|ZSHJKFJ6VNVGDTEPTDFRRAFO,Kid's Riding shirts|Shires|Riding Shirts,https://131790741.cdn6.editmysite.com/uploads/1/3/1/7/131790741/QNCPAAPFOJS4HWJOMZAG2F3R.jpeg,https://www.mags-tack.com/product/shires-aubrion-react-young-rider-short-sleeve-base-layer-10531/5622,2025-03-13T22:00:20+00:00,2026-06-29T17:59:36+00:00,2026-07-07T19:33:42+00:00
JZBOSH7LDTIAAZMQEPSWGT2A,JZBOSH7LDTIAAZMQEPSWGT2A,5624,MLVTVMXRGXXP3,Shires Aubrion React Young Riders Tech T-Shirt 10346,"The Shires Aubrion React Young Riders Children&#39;s Tech T-Shirt in Shadow is designed for young riders who seek comfort and unrestricted movement during their activities. This tech t-shirt features free-flow technology for optimal air circulation, rapid-dry moisture management, and comfort seams for a pleasant experience. With a loose and airy shape, dipped hem, and trademark binding detail, this t-shirt ensures a stylish and functional addition to your child&#39;s wardrobe. Let your child enjoy their summer activities to the fullest with this high-quality and breathable garment.",physical,visible,27,27,$27.00,3,0,3,false,true,false,false,4UA2FV6CTIYIIY4GVTIKH7JW|6JWC6URPBJ63AXQT72YPJMNL|ZSHJKFJ6VNVGDTEPTDFRRAFO,Kid's Riding shirts|Shires|Riding Shirts,https://131790741.cdn6.editmysite.com/uploads/1/3/1/7/131790741/XUU2IN5PJ5K4B4OOGUHMMTLI.jpeg,https://www.mags-tack.com/product/shires-aubrion-react-young-riders-tech-t-shirt-10346/5624,2025-03-13T22:07:07+00:00,2026-06-29T17:59:36+00:00,2026-07-07T19:33:26+00:00
BP4OAFZ5S747B5K5BBAPSF5O,BP4OAFZ5S747B5K5BBAPSF5O,4002,MLVTVMXRGXXP3,Shires Tikaboo Saddle Pad 8608,"The Shires Tikaboo Saddle Pad is a stylish and functional accessory for your horse riding needs. It features character quilting and an embroidered design that adds a touch of personality to your riding gear. The saddle pad is designed to coordinate with the Tikaboo clothing range, allowing you to create a cohesive and fashionable look. It also has touch close retaining straps and a contoured shape for a secure and comfortable fit. Whether you&#39;re riding for pleasure or competing in shows, the Shires Tikaboo Saddle Pad is a must-have for any equestrian enthusiast.",physical,visible,40,40,$40.00,1,1,1,false,true,false,false,6JWC6URPBJ63AXQT72YPJMNL|7EXK66N6ENJVFZVEPERPZGLE|MOSA7PXNK5UFUF4HT5OP32FC,Shires|Saddle Pads|Saddle Pads,https://131790741.cdn6.editmysite.com/uploads/1/3/1/7/131790741/HNGMMLLDAJRH5BJTRMMIRPYW.jpeg,https://www.mags-tack.com/product/shires-tikaboo-saddle-pad-8608/4002,2024-02-02T01:59:01+00:00,2026-07-07T00:27:44+00:00,2026-07-07T19:33:20+00:00
VKJP2F3RK4QA7WAWWP2ZT4PV,VKJP2F3RK4QA7WAWWP2ZT4PV,5545,MLVTVMXRGXXP3,Spiced Equestrian Course Walk Tee,The basic hunter course that we know all too well. Available in a fun retro typeface and an inspired colour selection. 100% Modal - Mashine Wash. Use cold water wash for best longevity. Dry on low or medium setting.,physical,visible,25,25,$25.00,10,0,10,false,true,false,false,BQZEJQYAWSTYPZT35BGLRZ5Y|NNQT5ASC7JBOY4TIUBSRIJL4,T-Shirts|Women's T-shirts,https://131790741.cdn6.editmysite.com/uploads/1/3/1/7/131790741/L6OSRMZGYKKBLP34FYF2GG4F.jpeg,https://www.mags-tack.com/product/spiced-equestrian-course-walk-tee/5545,2025-02-12T23:44:38+00:00,2026-06-29T17:58:52+00:00,2026-07-07T19:33:39+00:00
X4WWLROCHXDBQ23EZIYG7SIL,X4WWLROCHXDBQ23EZIYG7SIL,5544,MLVTVMXRGXXP3,Spiced Equestrian King Edward Active Sweatshirts,Spiced Equestrian King Edward Active Sweatshirts,physical,visible,50,50,$50.00,3,0,3,false,true,false,false,2AW3CPER3S54YIHZPBS4AHAP|LWDQCZ6IZ4V4AVSK7XRW5MPV,Outerwear|Women's Outerwear,https://131790741.cdn6.editmysite.com/uploads/1/3/1/7/131790741/FIZAEZLJV32UVZTKU7PB73XX.jpeg,https://www.mags-tack.com/product/spiced-equestrian-king-edward-active-sweatshirts/5544,2025-02-12T23:36:14+00:00,2026-06-29T17:59:23+00:00,2026-07-07T19:33:41+00:00
HSSXZ3TVUQPHBYIE5YR2SK6I,HSSXZ3TVUQPHBYIE5YR2SK6I,5075,MLVTVMXRGXXP3,The Tack Hack leather halter Stewart halter tackhack,,physical,visible,132,132,$132.00,1,0,1,false,true,false,false,CKSUDY3FY7VJWTVXUNOYTFQX|XB5CQIN4PYU6YLCXCISAGGT6,Halters|Halters & Leads,,https://www.mags-tack.com/product/the-tack-hack-leather-halter-stewart-halter-tackhack/5075,2024-08-24T12:28:14+00:00,2026-06-29T17:59:11+00:00,2026-07-07T19:33:23+00:00
PEOLWF5FX5X4GHDR6O7YB7PN,PEOLWF5FX5X4GHDR6O7YB7PN,5073,MLVTVMXRGXXP3,The Tack Hack Short Sleeve Seamless Shirt tackhack,The Tack Hack Short Sleeve Seamless Shirt tackhack,physical,visible,45,45,$45.00,46,46,46,false,false,false,false,DCWEJP3A2QEQLOGT2AI5HX5F|X6JVVXSLC6SH4FAULVWLNIIU,Riding Shirts|Women's Riding and Functional Shirts,https://131790741.cdn6.editmysite.com/uploads/1/3/1/7/131790741/U6BN5CUJ4SS5PTZPUMHJKQFN.png,https://www.mags-tack.com/product/the-tack-hack-short-sleeve-seamless-shirt-tackhack/5073,2024-08-24T00:40:29+00:00,2026-06-29T17:59:56+00:00,2026-07-07T19:33:33+00:00
XYSQUKYAPHKF3DCGKSJ36LB4,XYSQUKYAPHKF3DCGKSJ36LB4,XYSQUKYAPHKF3DCGKSJ36LB4,MLVTVMXRGXXP3,Toy Pony Bandages,,physical,visible,29,29,$29.00,10,0,10,false,true,false,false,DDIXKTDBILZCJ6PILBQT46WF|VIXAM4U5URXTY2WSHLMIB4TE|W2DJCOYO2RVUV2QNTSWS3BZ6,LeMieux|Toy Pony|Toy Ponies & Figures,https://131790741.cdn6.editmysite.com/uploads/1/3/1/7/131790741/WBNK7YDBOMRI7ZGBFVS3JTGW.jpeg,https://www.mags-tack.com/product/toy-pony-bandages/XYSQUKYAPHKF3DCGKSJ36LB4,2025-12-23T20:44:33+00:00,2026-06-29T17:59:30+00:00,2026-07-07T19:33:40+00:00
AQHMK6G2XYHFCXDA5I2BXKMZ,AQHMK6G2XYHFCXDA5I2BXKMZ,AQHMK6G2XYHFCXDA5I2BXKMZ,MLVTVMXRGXXP3,Toy Pony Fly Hood,"An identical miniature version of the Classic Fly Hood with intricate handmade crochet, our Toy Pony Fly Hood is the perfect addition to your Toy Pony setup.Super soft suede ears, beautiful braiding detail and LeMieux logo means your Mini LeMieux Pony can look just like the real thing in a full matchy matchy outfit!Suitable for ages 3+ Machine washable on a normal 30 degree cycle Pull into correct shape whilst damp to maintain shape during drying Air dry, do not tumble dry Not suitable for children under 3 years Colour may vary to advertised photos",physical,visible,33,33,$33.00,10,0,10,false,true,false,false,DDIXKTDBILZCJ6PILBQT46WF|VIXAM4U5URXTY2WSHLMIB4TE|W2DJCOYO2RVUV2QNTSWS3BZ6,LeMieux|Toy Pony|Toy Ponies & Figures,https://131790741.cdn6.editmysite.com/uploads/1/3/1/7/131790741/7ZZF34TK7PXHR5323DHK2ZDF.jpeg,https://www.mags-tack.com/product/toy-pony-fly-hood/AQHMK6G2XYHFCXDA5I2BXKMZ,2025-12-23T20:44:28+00:00,2026-06-29T17:59:36+00:00,2026-07-07T19:33:20+00:00
SMCQX3DVGDZEQ3EZEM3M5KWG,SMCQX3DVGDZEQ3EZEM3M5KWG,SMCQX3DVGDZEQ3EZEM3M5KWG,MLVTVMXRGXXP3,Toy Pony Leather Headcollar & Leadrope,"This elegant leather headcollar with matching leadrope is ideal for taking your Toy Pony to elevated events! Clean with a suitable leather cleaner &amp; apply suitable leather balm Store in a clean, dry place For rope part clean with damp cloth",physical,visible,50,50,$50.00,5,5,5,false,false,false,false,DDIXKTDBILZCJ6PILBQT46WF|VIXAM4U5URXTY2WSHLMIB4TE|W2DJCOYO2RVUV2QNTSWS3BZ6,LeMieux|Toy Pony|Toy Ponies & Figures,https://131790741.cdn6.editmysite.com/uploads/1/3/1/7/131790741/IDZ53UGBD2FWURH2NGVSCJHJ.jpeg,https://www.mags-tack.com/product/toy-pony-leather-headcollar-leadrope/SMCQX3DVGDZEQ3EZEM3M5KWG,2025-12-23T20:44:34+00:00,2026-06-29T17:59:36+00:00,2026-07-07T19:33:36+00:00
LFTDOSLGHI4U4QAZXO5TDLNN,LFTDOSLGHI4U4QAZXO5TDLNN,LFTDOSLGHI4U4QAZXO5TDLNN,MLVTVMXRGXXP3,Toy Pony Mesh Brushing Boots,Colour match like a pro with these breathable mesh brushing boots for your Toy Pony. Wash at 30 degrees Do not tumble dry Line dry,physical,visible,28,28,$28.00,10,0,10,false,true,false,false,DDIXKTDBILZCJ6PILBQT46WF|VIXAM4U5URXTY2WSHLMIB4TE|W2DJCOYO2RVUV2QNTSWS3BZ6,LeMieux|Toy Pony|Toy Ponies & Figures,https://131790741.cdn6.editmysite.com/uploads/1/3/1/7/131790741/AYVITMZBOTQE4PXSR66SASEN.jpeg,https://www.mags-tack.com/product/toy-pony-mesh-brushing-boots/LFTDOSLGHI4U4QAZXO5TDLNN,2025-12-23T20:44:08+00:00,2026-06-29T17:58:52+00:00,2026-07-07T19:33:27+00:00
6W7J5BCETYW4Q2FE7T6YOLU2,6W7J5BCETYW4Q2FE7T6YOLU2,6W7J5BCETYW4Q2FE7T6YOLU2,MLVTVMXRGXXP3,Toy Pony Over Reach Boots,"Treat your LeMieux Toy Pony to the miniature yet mighty Toy Pony Over Reach Boots. Made from fabric that looks like neoprene, these boots have a hook and loop closure so small horse lovers can learn how to put them on and take them off, teaching them about pony care. Coordinate with matching Toy Pony accessories and your horse will look just like the real thing! Suitable for ages 3+ Machine wash at 30 degrees",physical,visible,28,28,$28.00,3,0,3,false,true,false,false,DDIXKTDBILZCJ6PILBQT46WF|VIXAM4U5URXTY2WSHLMIB4TE|W2DJCOYO2RVUV2QNTSWS3BZ6,LeMieux|Toy Pony|Toy Ponies & Figures,https://131790741.cdn6.editmysite.com/uploads/1/3/1/7/131790741/BO3KVONCGAONH4CMCGCTKQOH.jpeg,https://www.mags-tack.com/product/toy-pony-over-reach-boots/6W7J5BCETYW4Q2FE7T6YOLU2,2025-12-23T20:44:33+00:00,2026-06-29T17:59:11+00:00,2026-07-07T19:33:18+00:00
FFUOCMSWYNRDZVK5CD56V5ZY,FFUOCMSWYNRDZVK5CD56V5ZY,FFUOCMSWYNRDZVK5CD56V5ZY,MLVTVMXRGXXP3,Toy Pony Pad,"A replica LeMieux saddle pad in miniature, adding an extra element to your Toy Pony&#39;s tack. Little equestrians will love playing at tacking up their Toy Pony, learning along the way.Just like the real thing, this little saddle pad has a faux leather girth protection area and LeMieux branding.Matching accessories in all our seasonal colours are available, for little equestrians to create their very own mixy matchy colour combinations.Suitable for ages 3+ Machine washable on a normal 30 degree cycle Pull into correct shape whilst damp to maintain shape during drying Air dry, do not tumble dry Not suitable for children under 3 years Colour may vary to advertised photos",physical,visible,30,30,$30.00,10,0,10,false,true,false,false,DDIXKTDBILZCJ6PILBQT46WF|VIXAM4U5URXTY2WSHLMIB4TE|W2DJCOYO2RVUV2QNTSWS3BZ6,LeMieux|Toy Pony|Toy Ponies & Figures,https://131790741.cdn6.editmysite.com/uploads/1/3/1/7/131790741/HB27FK6MA3ECKTUE555WSKBQ.jpeg,https://www.mags-tack.com/product/toy-pony-pad/FFUOCMSWYNRDZVK5CD56V5ZY,2025-12-23T20:44:18+00:00,2026-06-29T17:59:23+00:00,2026-07-07T19:33:22+00:00
LQXMZB2QYTYY6BYYPJGARYJS,LQXMZB2QYTYY6BYYPJGARYJS,LQXMZB2QYTYY6BYYPJGARYJS,MLVTVMXRGXXP3,Toy Pony Printed Rug,"Your Toy Pony will love to chill out in this super soft cooler fleece rug with a fun, seasonal print.The winner&#39;s rug style bib front adds a cute design feature. Machine wash up to 30 degrees with similar colours using non-biological detergent only Do not bleach Do not dry clean Do not tumble dry Do not iron",physical,visible,50,50,$50.00,4,2,4,false,true,false,false,DDIXKTDBILZCJ6PILBQT46WF|VIXAM4U5URXTY2WSHLMIB4TE|W2DJCOYO2RVUV2QNTSWS3BZ6,LeMieux|Toy Pony|Toy Ponies & Figures,https://131790741.cdn6.editmysite.com/uploads/1/3/1/7/131790741/ZTFKAYJTTRVDQLP7CCBE7Q6X.jpeg,https://www.mags-tack.com/product/toy-pony-printed-rug/LQXMZB2QYTYY6BYYPJGARYJS,2025-12-23T20:43:53+00:00,2026-06-29T17:59:50+00:00,2026-07-07T19:33:27+00:00
SPPCTAO4MXWTFBMZWXBCN2XI,SPPCTAO4MXWTFBMZWXBCN2XI,SPPCTAO4MXWTFBMZWXBCN2XI,MLVTVMXRGXXP3,Toy Pony Rug,,physical,visible,54,54,$54.00,3,0,3,false,true,false,false,DDIXKTDBILZCJ6PILBQT46WF|VIXAM4U5URXTY2WSHLMIB4TE|W2DJCOYO2RVUV2QNTSWS3BZ6,LeMieux|Toy Pony|Toy Ponies & Figures,https://131790741.cdn6.editmysite.com/uploads/1/3/1/7/131790741/D7LDGIJU4T3NOEPJI2L7KJSU.jpeg,https://www.mags-tack.com/product/toy-pony-rug/SPPCTAO4MXWTFBMZWXBCN2XI,2025-12-23T20:44:26+00:00,2026-06-29T17:59:11+00:00,2026-07-07T19:33:37+00:00
RCSHIBFDDSZMFXX4BMAKXK6L,RCSHIBFDDSZMFXX4BMAKXK6L,RCSHIBFDDSZMFXX4BMAKXK6L,MLVTVMXRGXXP3,Toy Pony Travel Set,"The ultimate protection for travelling your Toy Pony, this sweet set includes a tail bag, travel boots and a tail guard. Wash at 30 degrees Do not tumble dry Do not bleach Do not iron Line dry",physical,visible,40,40,$40.00,3,3,3,false,true,false,false,DDIXKTDBILZCJ6PILBQT46WF|VIXAM4U5URXTY2WSHLMIB4TE|W2DJCOYO2RVUV2QNTSWS3BZ6,LeMieux|Toy Pony|Toy Ponies & Figures,https://131790741.cdn6.editmysite.com/uploads/1/3/1/7/131790741/V656JEA67JW5DU2KPDQQPGKL.jpeg,https://www.mags-tack.com/product/toy-pony-travel-set/RCSHIBFDDSZMFXX4BMAKXK6L,2025-12-23T20:44:34+00:00,2026-06-29T17:59:43+00:00,2026-07-07T19:33:35+00:00
MMP6L3TJEU2E5KPEHJG4CI3W,MMP6L3TJEU2E5KPEHJG4CI3W,MMP6L3TJEU2E5KPEHJG4CI3W,MLVTVMXRGXXP3,Toy Pony Vogue Headcollar & Leadrope,"A perfect toy version of the LeMieux Vogue Headcollar. It includes a fleece-padded noseband and headpiece with intricate LeMieux embroidered branding, an adjustable strap and even a matching leadrope, just like the real thing! And it also comes in a rainbow of mixy matchy colours.Now your LeMieux Toy Pony can look stunning in a full mix-matchy or matchy-matchy outfit.Suitable for ages 3+ Machine washable on a normal 30 degree cycle Pull into correct shape whilst damp to maintain shape during drying Air dry, do not tumble dry Not suitable for children under 3 years Please be mindful of metal fittings on product Colour may vary to advertised photos",physical,visible,45,45,$45.00,7,0,7,false,true,false,false,DDIXKTDBILZCJ6PILBQT46WF|VIXAM4U5URXTY2WSHLMIB4TE|W2DJCOYO2RVUV2QNTSWS3BZ6,LeMieux|Toy Pony|Toy Ponies & Figures,https://131790741.cdn6.editmysite.com/uploads/1/3/1/7/131790741/FPFOLLKJAJCCOTAU4V5MCIXO.jpeg,https://www.mags-tack.com/product/toy-pony-vogue-headcollar-leadrope/MMP6L3TJEU2E5KPEHJG4CI3W,2025-12-23T20:44:34+00:00,2026-06-29T17:59:50+00:00,2026-07-07T19:33:29+00:00
FQRXSHMBSZJI6VIW6LZ67H7H,FQRXSHMBSZJI6VIW6LZ67H7H,5797,MLVTVMXRGXXP3,TuffRider Horse Basic All Purpose Saddle Pad,"The TuffRider Horse Basic All Purpose Saddle Pad is a practical and comfortable choice for schooling your horse. Constructed with micro polyester/cotton and featuring diamond quilting with a flannel underside, this saddle pad ensures cool comfort for your horse. The girth loops included prevent the pad from sliding out from under the saddle. With a variety of bright neon colors and traditional tones available, the TuffRider Basic All Purpose Saddle Pad caters to every equestrian&#39;s style preferences.",physical,visible,24,24,$24.00,7,0,7,false,true,false,false,MOSA7PXNK5UFUF4HT5OP32FC|SVFYUCV2QBT6R7TUN6S26J7H,Saddle Pads|General Purpose,https://131790741.cdn6.editmysite.com/uploads/1/3/1/7/131790741/BV46AT3446AIVT57HQAKBTUN.jpeg,https://www.mags-tack.com/product/tuffrider-horse-basic-all-purpose-saddle-pad/5797,2025-06-05T12:09:42+00:00,2026-07-07T00:23:50+00:00,2026-07-07T19:33:21+00:00
